time_s,charge_current_a,soc,terminal_voltage_v,average_temperature_c,safety_override,source
0.0,0.0,0.1,3.2959070147319616,25.0,False,reduced_model
5.0,2.0,0.10055555555555556,3.3455056002961303,25.007004458575764,False,reduced_model
10.0,4.0,0.10166666666666667,3.4008262851352056,25.036521470261302,False,reduced_model
15.0,5.0,0.10305555555555555,3.436166267007136,25.085454157282342,False,reduced_model
20.0,5.0,0.10444444444444444,3.4479834907113287,25.137792565026565,False,reduced_model
25.0,5.0,0.10583333333333332,3.458147186547844,25.19278147721849,False,reduced_model
30.0,5.0,0.1072222222222222,3.4670531514398983,25.249848529524876,False,reduced_model
35.0,5.0,0.10861111111111109,3.4749980485951277,25.30855841004952,False,reduced_model
40.0,5.0,0.10999999999999997,3.482204342230359,25.368578616447003,False,reduced_model
45.0,5.0,0.11138888888888886,3.488838956605517,25.429653823788293,False,reduced_model
50.0,5.0,0.11277777777777774,3.4950272389919057,25.491586696056842,False,reduced_model
55.0,5.0,0.11416666666666662,3.5008634085956807,25.554223519627673,False,reduced_model
60.0,5.0,0.11555555555555551,3.506418375933281,25.617443445255496,False,reduced_model
65.0,5.0,0.11694444444444439,3.511745594520853,25.681150430531094,False,reduced_model
70.0,5.0,0.11833333333333328,3.516885440144024,25.745267203318498,False,reduced_model
75.0,5.0,0.11972222222222216,3.521868488312149,25.809730737710325,False,reduced_model
80.0,5.0,0.12111111111111104,3.526717967217535,25.874488862015273,False,reduced_model
85.0,5.0,0.12249999999999993,3.5314515937167283,25.939497714055854,False,reduced_model
90.0,5.0,0.12388888888888881,3.5360829476176407,26.004719830714183,False,reduced_model
95.0,5.0,0.1252777777777777,3.5406225004705347,26.070122712286285,False,reduced_model
100.0,5.0,0.1266666666666666,3.545078385813337,26.13567774233077,False,reduced_model
105.0,5.0,0.12805555555555548,3.5494569759360184,26.201359373723797,False,reduced_model
110.0,5.0,0.12944444444444436,3.553763313851892,26.267144514100337,False,reduced_model
115.0,5.0,0.13083333333333325,3.5580014369089255,26.33301206067488,False,reduced_model
120.0,5.0,0.13222222222222213,3.5621746193040993,26.398942547016002,False,reduced_model
125.0,5.0,0.13361111111111101,3.566285553901861,26.464917873763767,False,reduced_model
130.0,5.0,0.1349999999999999,3.5703364886230147,26.530921102324076,False,reduced_model
135.0,5.0,0.13638888888888878,3.5743293288280933,26.59693629584606,False,reduced_model
140.0,5.0,0.13777777777777767,3.5782657142440555,26.662948395733647,False,reduced_model
145.0,5.0,0.13916666666666655,3.5821470768317347,26.728943124894805,False,reduced_model
150.0,5.0,0.14055555555555543,3.585974684381462,26.79490691114127,False,reduced_model
155.0,5.0,0.14194444444444432,3.589749673419612,26.860826825804885,False,reduced_model
160.0,5.0,0.1433333333333332,3.593473074107307,26.92669053387415,False,reduced_model
165.0,5.0,0.14472222222222209,3.5971458291379377,26.992486252880543,False,reduced_model
170.0,5.0,0.14611111111111097,3.6007688081353573,27.058202718457295,False,reduced_model
175.0,5.0,0.14749999999999985,3.604342818676851,27.12382915501218,False,reduced_model
180.0,5.0,0.14888888888888874,3.6078686147823316,27.189355250344008,False,reduced_model
185.0,5.0,0.15027777777777762,3.6113469034996584,27.25477113332345,False,reduced_model
190.0,5.0,0.1516666666666665,3.6147783500576876,27.32006735397637,False,reduced_model
195.0,5.0,0.1530555555555554,3.6181635819402143,27.385234865470824,False,reduced_model
200.0,5.0,0.15444444444444427,3.621503192145295,27.45026500763101,False,reduced_model
205.0,5.0,0.15583333333333316,3.624797741828121,27.515149491692988,False,reduced_model
210.0,5.0,0.15722222222222204,3.628047762475931,27.579880386085375,False,reduced_model
215.0,5.0,0.15861111111111093,3.6312537577263093,27.6444501030698,False,reduced_model
220.0,5.0,0.1599999999999998,3.6344162049124127,27.708851386114375,False,reduced_model
225.0,5.0,0.1613888888888887,3.6375355563978,27.773077297902432,False,reduced_model
230.0,5.0,0.16277777777777758,3.6406122407480135,27.837121208900527,False,reduced_model
235.0,5.0,0.16416666666666646,3.6436466637743474,27.90097678642609,False,reduced_model
240.0,5.0,0.16555555555555534,3.646639209476518,27.964637984167506,False,reduced_model
245.0,5.0,0.16694444444444423,3.649590240904398,28.028099032118625,False,reduced_model
250.0,5.0,0.1683333333333331,3.6525001009540863,28.091354426896856,False,reduced_model
255.0,5.0,0.169722222222222,3.655369113109892,28.154398922419354,False,reduced_model
260.0,5.0,0.17111111111111088,3.6581975821410704,28.217227520915877,False,reduced_model
265.0,5.0,0.17249999999999976,3.6609857947600735,28.279835464259996,False,reduced_model
270.0,5.0,0.17388888888888865,3.6637340202475337,28.342218225602874,False,reduced_model
275.0,5.0,0.17527777777777753,3.6664425110480243,28.404371501295614,False,reduced_model
280.0,5.0,0.17666666666666642,3.669111503339762,28.466291203087657,False,reduced_model
285.0,5.0,0.1780555555555553,3.6717412175807755,28.52797345058999,False,reduced_model
290.0,5.0,0.17944444444444418,3.674331859033532,28.58941456399271,False,reduced_model
295.0,5.0,0.18083333333333307,3.676883618269666,28.65061105702742,False,reduced_model
300.0,5.0,0.18222222222222195,3.6793966716561473,28.71155963016536,False,reduced_model
305.0,5.0,0.18361111111111084,3.681871181824026,28.772257164043047,False,reduced_model
310.0,5.0,0.18499999999999972,3.684307298120698,28.83270071310717,False,reduced_model
315.0,5.0,0.1863888888888886,3.6867051570465206,28.892887499471396,False,reduced_model
320.0,5.0,0.1877777777777775,3.689064882676535,28.952814906977707,False,reduced_model
325.0,5.0,0.18916666666666637,3.691386587067904,29.012480475455384,False,reduced_model
330.0,5.0,0.19055555555555526,3.693670370653681,29.071881895170986,False,reduced_model
335.0,5.0,0.19194444444444414,3.695916322623444,29.13101700146295,False,reduced_model
340.0,5.0,0.19333333333333302,3.6981245212912857,29.18988376955468,False,reduced_model
345.0,5.0,0.1947222222222219,3.7002950344516314,29.248480309540138,False,reduced_model
350.0,5.0,0.1961111111111108,3.7024279197233056,29.30680486153633,False,reduced_model
355.0,5.0,0.19749999999999968,3.704523224882289,29.364855790997083,False,reduced_model
360.0,5.0,0.19888888888888856,3.706580988183522,29.42263158418286,False,reduced_model
365.0,5.0,0.20027777777777744,3.7086013920390495,29.480130843781428,False,reduced_model
370.0,5.0,0.20166666666666633,3.7105896752908514,29.537352284674476,False,reduced_model
375.0,5.0,0.2030555555555552,3.712548889942972,29.59429472984529,False,reduced_model
380.0,5.0,0.2044444444444441,3.7144796958367707,29.650957106422958,False,reduced_model
385.0,5.0,0.20583333333333298,3.7163827447501045,29.707338441858525,False,reduced_model
390.0,5.0,0.20722222222222186,3.718258680660846,29.763437860228837,False,reduced_model
395.0,5.0,0.20861111111111075,3.720108140001773,29.819254578663816,False,reduced_model
400.0,5.0,0.20999999999999963,3.721931751907128,29.874787903893186,False,reduced_model
405.0,5.0,0.21138888888888852,3.7237301384511206,29.930037228908642,False,reduced_model
410.0,5.0,0.2127777777777774,3.7255039148786233,29.98500202973775,False,reduced_model
415.0,5.0,0.21416666666666628,3.7272536898283373,30.039681862325857,False,reduced_model
420.0,5.0,0.21555555555555517,3.728980065548655,30.094076359522493,False,reduced_model
425.0,5.0,0.21694444444444405,3.730683638106475,30.148185228168806,False,reduced_model
430.0,5.0,0.21833333333333294,3.732364997589189,30.20200824628276,False,reduced_model
435.0,5.0,0.21972222222222182,3.7340247283000645,30.255545260338813,False,reduced_model
440.0,5.0,0.2211111111111107,3.7356634089472527,30.308796182639046,False,reduced_model
445.0,5.0,0.2224999999999996,3.7372816128266093,30.36176098877268,False,reduced_model
450.0,5.0,0.22388888888888847,3.738879907998547,30.414439715161116,False,reduced_model
455.0,5.0,0.22527777777777735,3.7404588574591084,30.466832456685648,False,reduced_model
460.0,5.0,0.22666666666666624,3.7420190193054483,30.51893936439521,False,reduced_model
465.0,5.0,0.22805555555555512,3.7435609468959057,30.57076064329139,False,reduced_model
470.0,5.0,0.229444444444444,3.7450851890048518,30.622296550188324,False,reduced_model
475.0,5.0,0.2308333333333329,3.7465922899724706,30.673547391644895,False,reduced_model
480.0,5.0,0.23222222222222177,3.7480827898496516,30.724513521966912,False,reduced_model
485.0,5.0,0.23361111111111066,3.749557224538144,30.77519534127697,False,reduced_model
490.0,5.0,0.23499999999999954,3.7510161259261334,30.825593293649696,False,reduced_model
495.0,5.0,0.23638888888888843,3.752460022019387,30.875707865310353,False,reduced_model
500.0,5.0,0.2377777777777773,3.753889437068114,30.925539582894615,False,reduced_model
505.0,5.0,0.2391666666666662,3.755304891689682,30.975089011767476,False,reduced_model
510.0,5.0,0.24055555555555508,3.756706902987319,31.024356754399502,False,reduced_model
515.0,5.0,0.24194444444444396,3.7580959846649473,31.073343448798354,False,reduced_model
520.0,5.0,0.24333333333333285,3.75947264713825,31.12204976699388,False,reduced_model
525.0,5.0,0.24472222222222173,3.760837397642119,31.170476413574953,False,reduced_model
530.0,5.0,0.24611111111111061,3.7621907403345944,31.218624124276396,False,reduced_model
535.0,5.0,0.2474999999999995,3.763533176397394,31.26649366461428,False,reduced_model
540.0,5.0,0.24888888888888838,3.7648652041331725,31.31408582856809,False,reduced_model
545.0,5.0,0.25027777777777727,3.7661873190595965,31.361401437308082,False,reduced_model
550.0,5.0,0.25166666666666615,3.76750001400034,31.408441337966515,False,reduced_model
555.0,5.0,0.25305555555555503,3.768803779173122,31.455206402451118,False,reduced_model
560.0,5.0,0.2544444444444439,3.7700991022748482,31.501697526299576,False,reduced_model
565.0,5.0,0.2558333333333328,3.771386468563986,31.547915627573538,False,reduced_model
570.0,5.0,0.2572222222222217,3.7726663609402404,31.593861645790934,False,reduced_model
575.0,5.0,0.25861111111111057,3.773939260021627,31.639536540895303,False,reduced_model
580.0,5.0,0.25999999999999945,3.775205644219029,31.684941292260884,False,reduced_model
585.0,5.0,0.26138888888888834,3.776465989808318,31.730076897732356,False,reduced_model
590.0,5.0,0.2627777777777772,3.777720771000111,31.774944372698002,False,reduced_model
595.0,5.0,0.2641666666666661,3.7789704600072618,31.81954474919524,False,reduced_model
600.0,5.0,0.265555555555555,3.7802155271101348,31.863879075047453,False,reduced_model
605.0,5.0,0.2669444444444439,3.781456440719748,31.907948413031043,False,reduced_model
610.0,5.0,0.26833333333333276,3.7826936674388616,31.951753840071767,False,reduced_model
615.0,5.0,0.26972222222222164,3.7839276721210586,31.9952964464693,False,reduced_model
620.0,5.0,0.2711111111111105,3.7851589179279026,32.0385773351492,False,reduced_model
625.0,5.0,0.2724999999999994,3.786387866384223,32.08159762094128,False,reduced_model
630.0,5.0,0.2738888888888883,3.7876149774316006,32.12435842988351,False,reduced_model
635.0,5.0,0.2752777777777772,3.788840709480099,32.16686089855069,False,reduced_model
640.0,5.0,0.27666666666666606,3.790065519458307,32.20910617340699,False,reduced_model
645.0,5.0,0.27805555555555495,3.791289862861745,32.251095410181534,False,reduced_model
650.0,5.0,0.27944444444444383,3.7925141937996996,32.29282977326645,False,reduced_model
655.0,5.0,0.2808333333333327,3.7937389650405104,32.33431043513632,False,reduced_model
660.0,5.0,0.2822222222222216,3.7949646280553897,32.37553857578868,False,reduced_model
665.0,5.0,0.2836111111111105,3.796191633060809,32.41651538220461,False,reduced_model
670.0,5.0,0.28499999999999936,3.7974204290594957,32.45724204782879,False,reduced_model
675.0,5.0,0.28638888888888825,3.7986514638800934,32.49771977206855,False,reduced_model
680.0,5.0,0.28777777777777713,3.7998851842155275,32.53794975981097,False,reduced_model
685.0,5.0,0.289166666666666,3.801122035660113,32.57793322095775,False,reduced_model
690.0,5.0,0.2905555555555549,3.8023624627454553,32.61767136997707,False,reduced_model
695.0,5.0,0.2919444444444438,3.803606908975172,32.65716542547182,False,reduced_model
700.0,5.0,0.29333333333333267,3.8048558168584843,32.69641660976391,False,reduced_model
705.0,5.0,0.29472222222222155,3.8061096279427105,32.73542614849383,False,reduced_model
710.0,5.0,0.29611111111111044,3.8073687828446943,32.77419527023514,False,reduced_model
715.0,5.0,0.2974999999999993,3.8086337212812116,32.812725206123346,False,reduced_model
720.0,5.0,0.2988888888888882,3.809904882098379,32.851017189498585,False,reduced_model
725.0,5.0,0.3002777777777771,3.811182477179953,32.88907245556183,False,reduced_model
730.0,5.0,0.301666666666666,3.8124593987333135,32.926892241044044,False,reduced_model
735.0,5.0,0.30305555555555486,3.8137321562297943,32.96447778388783,False,reduced_model
740.0,5.0,0.30444444444444374,3.8150008394043895,33.001830322941245,False,reduced_model
745.0,5.0,0.3058333333333326,3.8162655372546817,33.03895109766333,False,reduced_model
750.0,5.0,0.3072222222222215,3.8175263380649405,33.075841347840935,False,reduced_model
755.0,5.0,0.3086111111111104,3.818783329429428,33.11250231331649,False,reduced_model
760.0,5.0,0.3099999999999993,3.820036598274947,33.14893523372635,False,reduced_model
765.0,5.0,0.31138888888888816,3.8212862308826523,33.18514134824936,False,reduced_model
770.0,5.0,0.31277777777777704,3.822532312909142,33.221121895365265,False,reduced_model
775.0,5.0,0.31416666666666593,3.823774929406871,33.256878112622715,False,reduced_model
780.0,5.0,0.3155555555555548,3.8250141648438905,33.2924112364164,False,reduced_model
785.0,5.0,0.3169444444444437,3.82625010312294,33.32772250177313,False,reduced_model
790.0,5.0,0.3183333333333326,3.827482827599924,33.362813142146564,False,reduced_model
795.0,5.0,0.31972222222222146,3.8287124211017787,33.397684389220174,False,reduced_model
800.0,5.0,0.32111111111111035,3.829938965943755,33.43233747271825,False,reduced_model
805.0,5.0,0.32249999999999923,3.831162543946139,33.46677362022472,False,reduced_model
810.0,4.962697872106219,0.3238785271866954,3.8314735789971284,33.50000999999912,False,reduced_model
815.0,3.5817369367578067,0.3248734541135726,3.7989242344171132,33.500009999997694,False,reduced_model
820.0,3.6274064671306405,0.3258810670211089,3.797795495778925,33.500009999999556,False,reduced_model
825.0,3.6626206543587614,0.32689846164731967,3.7971539271906094,33.50000999999694,False,reduced_model
830.0,3.690013466984965,0.3279234653881488,3.7968636260126822,33.50000999999708,False,reduced_model
835.0,3.7115825833461713,0.3289544605501894,3.7968279293322316,33.500009999999904,False,reduced_model
840.0,3.7288252022699453,0.3299902453285977,3.7969778744237583,33.50000999999831,False,reduced_model
845.0,3.7428527137672063,0.3310299266379775,3.797264096869634,33.500009999997644,False,reduced_model
850.0,3.7544847250683233,0.33207283906160756,3.7976511570182105,33.500009999997765,False,reduced_model
855.0,3.7643230498360936,0.3331184843532287,3.798113542379059,33.500009999998376,False,reduced_model
860.0,3.7728084143600427,0.33416648669055093,3.7986328365460498,33.5000099999982,False,reduced_model
865.0,3.7802631633530837,0.33521655979148235,3.7991957062560093,33.50000999999857,False,reduced_model
870.0,3.786923036823282,0.33626848285726657,3.7997924657226476,33.50000999999698,False,reduced_model
875.0,3.7929606190300547,0.33732208302921934,3.800416050336745,33.500009999998184,False,reduced_model
880.0,3.7985025368107017,0.33837722262277786,3.8010612816461298,33.5000099999982,False,reduced_model
885.0,3.803642023849534,0.339433789851625,3.8017243403307286,33.50000999999876,False,reduced_model
890.0,3.8084480675752275,0.3404916920926181,3.802402387838939,33.50000999999982,False,reduced_model
895.0,3.8129720560391434,0.3415508509970734,3.803093294588342,33.500009999997566,False,reduced_model
900.0,3.8172526001289953,0.3426111989415537,3.8037954445823225,33.500009999998724,False,reduced_model
905.0,3.821319025300909,0.3436726764485817,3.8045075948079563,33.50000999999979,False,reduced_model
910.0,3.825193902302999,0.34473523031033254,3.8052287740957436,33.50000999999891,False,reduced_model
915.0,3.828894876787672,0.34579881222055137,3.8059582102357066,33.50000999999963,False,reduced_model
920.0,3.8324359922262374,0.34686337777394755,3.8066952774244602,33.50000999999713,False,reduced_model
925.0,3.8358286490256432,0.34792888573201025,3.8074394583980116,33.50000999999899,False,reduced_model
930.0,3.839082294871332,0.3489952974805856,3.808190316993162,33.50000999999935,False,reduced_model
935.0,3.84220492807799,0.3500625766272739,3.808947478378464,33.500009999997424,False,reduced_model
940.0,3.8452034596411977,0.35113068869939645,3.8097106146632935,33.500009999998156,False,reduced_model
945.0,3.8480839756084606,0.35219960091484326,3.8104794344291,33.50000999999817,False,reduced_model
950.0,3.8508519293100107,0.35326928200631824,3.811253675130317,33.50000999999717,False,reduced_model
955.0,3.8535122797475196,0.3543397020840259,3.8120330974897865,33.500009999998284,False,reduced_model
960.0,3.856069592438871,0.35541083252637,3.812817481360829,33.50000999999751,False,reduced_model
965.0,3.858528114942601,0.35648264589163187,3.8136066226915935,33.5000099999995,False,reduced_model
970.0,3.860891829826869,0.35755511584436156,3.8144003311863766,33.50000999999866,False,reduced_model
975.0,3.863164497015532,0.35862821709353254,3.8151984286031286,33.50000999999808,False,reduced_model
980.0,3.865349682600936,0.3597019253386995,3.8160007473780007,33.50000999999835,False,reduced_model
985.0,3.867450782272499,0.36077621722266406,3.8168071295881307,33.50000999999742,False,reduced_model
990.0,3.8694710392155685,0.36185107028911284,3.8176174261262745,33.50000999999824,False,reduced_model
995.0,3.871413556917105,0.36292646294381203,3.818431496004463,33.500009999999406,False,reduced_model
1000.0,3.873281310661696,0.36400237441899586,3.8192492058089904,33.50000999999974,False,reduced_model
1005.0,3.875077156117186,0.3650787847401395,3.820070429223571,33.5000099999999,False,reduced_model
1010.0,3.8768038363195956,0.3661556746946727,3.8208950466153,33.50000999999882,False,reduced_model
1015.0,3.8784639882214833,0.367233025802512,3.821722944686479,33.50000999999933,False,reduced_model
1020.0,3.8800601472030394,0.3683108202878462,3.8225540161367824,33.50000999999779,False,reduced_model
1025.0,3.881594752892852,0.3693890410525386,3.8233881594009116,33.50000999999771,False,reduced_model
1030.0,3.8830701520782895,0.3704676716503381,3.824225278354299,33.50000999999736,False,reduced_model
1035.0,3.8844886035076343,0.3715466962624236,3.825065282090308,33.500009999997566,False,reduced_model
1040.0,3.8858522808004636,0.37262609967375704,3.82590808467766,33.50000999999698,False,reduced_model
1045.0,3.887163276231149,0.37370586725048793,3.826753604957211,33.50000999999746,False,reduced_model
1050.0,3.888423603348201,0.3747859849180847,3.827601766328543,33.50000999999953,False,reduced_model
1055.0,3.8896351998846512,0.37586643914027484,3.8284524965570625,33.50000999999713,False,reduced_model
1060.0,3.890799931832589,0.37694721689911725,3.8293057276225637,33.500009999998724,False,reduced_model
1065.0,3.891919593734201,0.37802830567515455,3.8301613954905296,33.500009999999364,False,reduced_model
1070.0,3.892995913483901,0.3791096934289001,3.8310194399978132,33.5000099999982,False,reduced_model
1075.0,3.894030553929042,0.3801913685827693,3.8318798046763427,33.500009999998674,False,reduced_model
1080.0,3.8950251147616655,0.3812733200035364,3.8327424365905554,33.50000999999846,False,reduced_model
1085.0,3.8959811357199214,0.38235553698568087,3.8336072862142885,33.50000999999809,False,reduced_model
1090.0,3.8969000981887802,0.38343800923517773,3.834474307279293,33.50000999999724,False,reduced_model
1095.0,3.8977834276738577,0.38452072685397604,3.835343456651084,33.50000999999802,False,reduced_model
1100.0,3.8986324954021256,0.3856036803249211,3.8362146941918307,33.50000999999894,False,reduced_model
1105.0,3.899448620795738,0.38668686049736434,3.837087982650377,33.50000999999884,False,reduced_model
1110.0,3.90023307321826,0.3877702585732583,3.8379632875425975,33.50000999999751,False,reduced_model
1115.0,3.9009870738664176,0.38885386609377676,3.838840577041214,33.50000999999722,False,reduced_model
1120.0,3.901711797225289,0.38993767492633935,3.8397198218612347,33.50000999999748,False,reduced_model
1125.0,3.9024083732510917,0.3910216772522424,3.8406009951682134,33.500009999999236,False,reduced_model
1130.0,3.9030778885353357,0.39210586555461335,3.8414840724685995,33.5000099999989,False,reduced_model
1135.0,3.90372138863313,0.39319023260701147,3.842369031532595,33.500009999997275,False,reduced_model
1140.0,3.9043398790818173,0.394274771462312,3.843255852292209,33.50000999999787,False,reduced_model
1145.0,3.904934326565126,0.3953594754419134,3.844144516746377,33.50000999999833,False,reduced_model
1150.0,3.905505661095958,0.3964443381255512,3.8450350088949974,33.50000999999704,False,reduced_model
1155.0,3.9060547773260623,0.3975293533414751,3.8459273146583386,33.50000999999847,False,reduced_model
1160.0,3.90658253498259,0.39861451515674806,3.846821421779223,33.50000999999987,False,reduced_model
1165.0,3.907089761196403,0.39969981786819153,3.847717319773311,33.50000999999926,False,reduced_model
1170.0,3.9075772515207063,0.400785255993614,3.8486145174199615,33.5000099999989,False,reduced_model
1175.0,3.908045770658646,0.4018708242632414,3.8495117145750517,33.50000999999929,False,reduced_model
1180.0,3.9084960539184976,0.4029565176115521,3.8504088305514412,33.50000999999911,False,reduced_model
1185.0,3.908928808523342,0.40404233116947524,3.8513058566449483,33.50000999999927,False,reduced_model
1190.0,3.9093447141931392,0.40512826025675114,3.8522027856133207,33.50000999999705,False,reduced_model
1195.0,3.909744425036479,0.4062143003748168,3.853099611637801,33.50000999999784,False,reduced_model
1200.0,3.910128569114022,0.4073004471995707,3.853996330233467,33.500009999997545,False,reduced_model
1205.0,3.9104977510578465,0.40838669657486454,3.8548929382334607,33.50000999999893,False,reduced_model
1210.0,3.91085255148937,0.4094730445058338,3.8557894337027037,33.50000999999733,False,reduced_model
1215.0,3.9111935294931754,0.4105594871529153,3.8566858159249353,33.500009999998795,False,reduced_model
1220.0,3.9115212215983775,0.4116460208255815,3.8575820853116487,33.50000999999992,False,reduced_model
1225.0,3.9118361441069283,0.4127326419767223,3.858478243390293,33.50000999999823,False,reduced_model
1230.0,3.9121387936756946,0.41381934719718777,3.8593742927566823,33.50000999999865,False,reduced_model
1235.0,3.9124296470254194,0.4149061332102504,3.860270237007802,33.50000999999825,False,reduced_model
1240.0,3.9127091629779898,0.41599299686663316,3.8611660807310573,33.50000999999742,False,reduced_model
1245.0,3.9129777826019563,0.41707993513957814,3.8620618294532676,33.50001,False,reduced_model
1250.0,3.913235929212533,0.418166945119915,3.8629574895866483,33.5000099999991,False,reduced_model
1255.0,3.9134840106999036,0.4192540240117761,3.863853068432028,33.500009999997246,False,reduced_model
1260.0,3.913722418801626,0.42034116912810987,3.864748574114025,33.50000999999908,False,reduced_model
1265.0,3.913951529393671,0.4214283778862748,3.865644015539189,33.50000999999718,False,reduced_model
1270.0,3.9141717051097658,0.42251564780436085,3.8665394024122324,33.50000999999972,False,reduced_model
1275.0,3.9143832930130884,0.42360297649686446,3.8674347451387487,33.500009999999044,False,reduced_model
1280.0,3.9145866279432084,0.42469036167129315,3.8683300548602744,33.500009999997474,False,reduced_model
1285.0,3.9147820313519333,0.42577780112444646,3.869225343388686,33.50000999999905,False,reduced_model
1290.0,3.9149698117398657,0.4268652927388186,3.870120623176449,33.50000999999963,False,reduced_model
1295.0,3.9151502662571147,0.4279528344794456,3.8710159073168726,33.50000999999992,False,reduced_model
1300.0,3.915323680121219,0.42904042439059037,3.8719112094955896,33.50000999999729,False,reduced_model
1305.0,3.9154903280723374,0.4301280605928327,3.8728065439902286,33.500009999998255,False,reduced_model
1310.0,3.915650473209098,0.43121574127983525,3.87370192561028,33.50000999999831,False,reduced_model
1315.0,3.915804369171383,0.4323034647157162,3.874597369715682,33.50000999999789,False,reduced_model
1320.0,3.915952259558253,0.43339122923226014,3.8754928921740803,33.500009999998525,False,reduced_model
1325.0,3.916094378218986,0.43447903322620984,3.8763885093377786,33.50000999999703,False,reduced_model
1330.0,3.916230950562749,0.4355668751569217,3.8772842380465757,33.500009999999115,False,reduced_model
1335.0,3.9163621922489256,0.4366547535436575,3.8781800955703036,33.50000999999886,False,reduced_model
1340.0,3.9164883115154225,0.43774266696352293,3.879076099636746,33.50000999999888,False,reduced_model
1345.0,3.9166095078689978,0.4388306140490421,3.8799722683772506,33.50000999999723,False,reduced_model
1350.0,3.9167259735404514,0.43991859348613666,3.8808686203362277,33.5000099999975,False,reduced_model
1355.0,3.91683789275703,0.4410066040119025,3.8817651744315267,33.50000999999797,False,reduced_model
1360.0,3.916945442906581,0.4420946444127099,3.8826619499590738,33.500009999998476,False,reduced_model
1365.0,3.9170487943920307,0.44318271352226324,3.8835589665688626,33.500009999998774,False,reduced_model
1370.0,3.917148110922426,0.4442708102197417,3.8844562442512163,33.50000999999735,False,reduced_model
1375.0,3.917243550240528,0.4453589334281418,3.8853538033346036,33.500009999999854,False,reduced_model
1380.0,3.917335262958659,0.446447082112297,3.8862516644392855,33.50000999999859,False,reduced_model
1385.0,3.917423395032529,0.4475352552775838,3.8871498485167617,33.5000099999977,False,reduced_model
1390.0,3.9175080860150047,0.4486234519681435,3.8880483767930105,33.50000999999823,False,reduced_model
1395.0,3.917589470074745,0.4497116712653865,3.888947270774354,33.50000999999924,False,reduced_model
1400.0,3.9176676761417184,0.450799912286537,3.8898465522350656,33.50000999999755,False,reduced_model
1405.0,3.9177428286348004,0.45188817418338,3.8907462432195934,33.50000999999846,False,reduced_model
1410.0,3.917815046297619,0.4529764561406849,3.8916463660005416,33.500009999998504,False,reduced_model
1415.0,3.9178844437992666,0.45406475737507357,3.8925469431010855,33.50000999999702,False,reduced_model
1420.0,3.9179511314432602,0.4551530771338078,3.893447997275712,33.5000099999983,False,reduced_model
1425.0,3.9180152145854663,0.4562414146934149,3.8943495514829367,33.500009999998106,False,reduced_model
1430.0,3.9180767952348106,0.4573297693587579,3.895251628909895,33.500009999999506,False,reduced_model
1435.0,3.918135970743606,0.45841814046174223,3.8961542529302964,33.50000999999873,False,reduced_model
1440.0,3.9181928352627438,0.4595065273604263,3.8970574471262798,33.50000999999761,False,reduced_model
1445.0,3.9182474790140986,0.46059492943793023,3.897961235261045,33.50000999999812,False,reduced_model
1450.0,3.918299988581566,0.46168334610142514,3.8988656412743112,33.50000999999998,False,reduced_model
1455.0,3.918350447056582,0.4627717767811631,3.8997706892751736,33.5000099999982,False,reduced_model
1460.0,3.918398935056757,0.46386022092978996,3.9006764035567194,33.500009999999065,False,reduced_model
1465.0,3.918445528979646,0.4649486780211732,3.901582808545845,33.500009999997786,False,reduced_model
1470.0,3.9184903031855356,0.46603714754983583,3.902489928844278,33.500009999998085,False,reduced_model
1475.0,3.918533328542253,0.46712562902998644,3.9033977891868763,33.500009999999904,False,reduced_model
1480.0,3.9185746731527615,0.4682141219947511,3.9043064144491386,33.5000099999994,False,reduced_model
1485.0,3.918614402937237,0.469302625995567,3.9052158296533377,33.500009999998824,False,reduced_model
1490.0,3.918652580905473,0.47039114060137405,3.906126059944173,33.50000999999951,False,reduced_model
1495.0,3.918689267447917,0.4714796653978874,3.907037130587297,33.5000099999985,False,reduced_model
1500.0,3.918724521063268,0.4725681999870716,3.9079490669794446,33.50000999999821,False,reduced_model
1505.0,3.9187583976308815,0.4736567439864135,3.908861894624983,33.50000999999948,False,reduced_model
1510.0,3.918790950701805,0.4747452970282751,3.909775639135317,33.500009999998454,False,reduced_model
1515.0,3.9188222323718946,0.4758338587594895,3.910690326243443,33.50000999999982,False,reduced_model
1520.0,3.9188522918266244,0.47692242884055247,3.9116059817639663,33.50000999999855,False,reduced_model
1525.0,3.9188811772328336,0.4780110069453394,3.9125226316308837,33.50000999999867,False,reduced_model
1530.0,3.9189089341380168,0.4790995927603777,3.913440301855344,33.50000999999786,False,reduced_model
1535.0,3.9189356067799963,0.48018818598448326,3.9143590185500154,33.500009999997225,False,reduced_model
1540.0,3.9189612375048455,0.4812767863282346,3.9152788079109677,33.50000999999783,False,reduced_model
1545.0,3.918985866912408,0.48236539351348806,3.9161996962156493,33.500009999998774,False,reduced_model
1550.0,3.919009534147335,0.48345400727297344,3.9171217098248987,33.500009999999904,False,reduced_model
1555.0,3.91903227660805,0.484542627349809,3.9180448751715606,33.50000999999727,False,reduced_model
1560.0,3.919054130965378,0.4856312534972994,3.9189692187802625,33.5000099999984,False,reduced_model
1565.0,3.9190751312708016,0.486719885478208,3.919894767218879,33.50000999999754,False,reduced_model
1570.0,3.9190953112847637,0.487808523064676,3.9208215471479204,33.5000099999973,False,reduced_model
1575.0,3.919114703021478,0.48889716603773753,3.9217495852840187,33.50000999999973,False,reduced_model
1580.0,3.919133336894447,0.48998581418687487,3.922678908398344,33.500009999999,False,reduced_model
1585.0,3.9191512428806163,0.4910744673098973,3.9236095433404827,33.500009999997104,False,reduced_model
1590.0,3.91916844950174,0.49216312521253663,3.92454151701214,33.500009999997864,False,reduced_model
1595.0,3.9191849838243797,0.4932517877080434,3.925474856362798,33.50000999999986,False,reduced_model
1600.0,3.9192008718964644,0.4943404546169035,3.92640958839624,33.50000999999721,False,reduced_model
1605.0,3.919216139620403,0.4954291257667981,3.92734574018897,33.50000999999773,False,reduced_model
1610.0,3.919230810715817,0.49651780099199694,3.9282833388397584,33.500009999998554,False,reduced_model
1615.0,3.91924490861129,0.49760648013327785,3.929222411509626,33.500009999999335,False,reduced_model
1620.0,3.919258455571253,0.4986951630376032,3.930162985399664,33.500009999997104,False,reduced_model
1625.0,3.919271473569097,0.49978384955803906,3.9311050877689593,33.500009999998255,False,reduced_model
1630.0,3.9192839826864656,0.5008725395532297,3.932048101890109,33.5000099999971,False,reduced_model
1635.0,3.91929600329604,0.5019612328874786,3.9329907390788565,33.50000999999817,False,reduced_model
1640.0,3.919307554169791,0.5030499294303036,3.9339329975465582,33.50000999999953,False,reduced_model
1645.0,3.9193186536431313,0.5041386290563156,3.9348749151398197,33.500009999998895,False,reduced_model
1650.0,3.919329319614917,0.5052273316450975,3.935816529749226,33.50000999999952,False,reduced_model
1655.0,3.9193395686743315,0.5063160370808404,3.9367578792865783,33.50000999999744,False,reduced_model
1660.0,3.9193494175560772,0.5074047452523838,3.9376990017166564,33.500009999998,False,reduced_model
1665.0,3.919358881539665,0.5084934560528115,3.938639935018357,33.500009999999165,False,reduced_model
1670.0,3.919367975613568,0.5095821693793708,3.9395807172089428,33.500009999997886,False,reduced_model
1675.0,3.919376714620739,0.5106708851334322,3.9405213863467363,33.500009999999264,False,reduced_model
1680.0,3.919385111948941,0.5117596032200846,3.9414619804985147,33.500009999998355,False,reduced_model
1685.0,3.9193931812769733,0.5128483235482171,3.942402537778019,33.50000999999703,False,reduced_model
1690.0,3.919400935410522,0.5139370460302756,3.943343096318244,33.50000999999703,False,reduced_model
1695.0,3.9194083865731955,0.5150257705821014,3.9442836942759256,33.50000999999819,False,reduced_model
1700.0,3.9194155465520453,0.5161144971228103,3.9452243698334133,33.50000999999929,False,reduced_model
1705.0,3.9194224266975652,0.5172032255746708,3.9461651611973947,33.5000099999986,False,reduced_model
1710.0,3.919429038069211,0.5182919558630233,3.9471061066011415,33.500009999997026,False,reduced_model
1715.0,3.9194353912898805,0.5193806879161594,3.948047244300012,33.500009999998,False,reduced_model
1720.0,3.919441496109357,0.5204694216650787,3.948988612559444,33.50000999999798,False,reduced_model
1725.0,3.919447362422943,0.5215581570435295,3.9499302496773843,33.50000999999737,False,reduced_model
1730.0,3.9194529996893834,0.5226468939878877,3.9508721939704206,33.5000099999995,False,reduced_model
1735.0,3.919458416348789,0.5237356324368735,3.9518144837581985,33.500009999997104,False,reduced_model
1740.0,3.9194636217143852,0.5248243723317941,3.9527571574068068,33.500009999997374,False,reduced_model
1745.0,3.9194686236442067,0.5259131136161398,3.953700253274205,33.500009999999236,False,reduced_model
1750.0,3.9194734299962875,0.5270018562355832,3.9546438097416052,33.50000999999972,False,reduced_model
1755.0,3.9194780484831426,0.5280906001379396,3.955587865209983,33.500009999997346,False,reduced_model
1760.0,3.9194824868172873,0.5291793452731667,3.956532458103136,33.50000999999839,False,reduced_model
1765.0,3.9194867515470833,0.5302680915930409,3.9574776268390837,33.50000999999894,False,reduced_model
1770.0,3.91949084965745,0.5313568390512791,3.9584234098659254,33.50000999999926,False,reduced_model
1775.0,3.91949478755123,0.5324455876033767,3.9593698456381956,33.500009999997374,False,reduced_model
1780.0,3.919498571776785,0.533534337206648,3.960316972632913,33.500009999997374,False,reduced_model
1785.0,3.9195022081548814,0.5346230878200243,3.961264829328568,33.500009999999484,False,reduced_model
1790.0,3.919505702215247,0.535711839403973,3.962213454213718,33.50000999999879,False,reduced_model
1795.0,3.9195090599241666,0.5368005919206187,3.963162885804004,33.50000999999884,False,reduced_model
1800.0,3.919512286374811,0.5378893453335005,3.964113162611278,33.50000999999829,False,reduced_model
1805.0,3.9195153868058696,0.5389780996076132,3.9650643231659726,33.500009999998134,False,reduced_model
1810.0,3.9195183661649935,0.5400668547093257,3.9660164060068395,33.500009999999804,False,reduced_model
1815.0,3.919521228817757,0.5411556106062195,3.9669694496729733,33.50000999999718,False,reduced_model
1820.0,3.9195239800028503,0.5422443672673314,3.967923492737775,33.50000999999825,False,reduced_model
1825.0,3.9195266235037707,0.5433331246627491,3.9688785737543824,33.5000099999991,False,reduced_model
1830.0,3.919529163686093,0.544421882763773,3.9698347313013547,33.500009999999115,False,reduced_model
1835.0,3.9195316046243533,0.5455106415428354,3.970792003963031,33.500009999998454,False,reduced_model
1840.0,3.919533950247569,0.5465994009734597,3.971750430332183,33.50000999999837,False,reduced_model
1845.0,3.9195362041937187,0.5476881610301801,3.972710049006003,33.50000999999829,False,reduced_model
1850.0,3.9195383701007813,0.5487769216885414,3.9736708985923994,33.50000999999883,False,reduced_model
1855.0,3.9195404513156973,0.549865682925018,3.974633017702865,33.50000999999867,False,reduced_model
1860.0,3.919542451185407,0.5509544447170139,3.9755964449587675,33.50000999999725,False,reduced_model
1865.0,3.9195443730568513,0.552043207042863,3.9765612189913204,33.50000999999756,False,reduced_model
1870.0,3.919546219840413,0.5531319698817075,3.977527378430852,33.500009999999705,False,reduced_model
1875.0,3.9195479941554368,0.5542207332134174,3.9784949619091377,33.500009999997246,False,reduced_model
1880.0,3.9195496994943824,0.5553094970188325,3.9794640080871058,33.50000999999751,False,reduced_model
1885.0,3.919551338040037,0.5563982612793992,3.9804345556038188,33.50000999999716,False,reduced_model
1890.0,3.919552912702784,0.5574870259773722,3.9814066431225625,33.500009999999115,False,reduced_model
1895.0,3.9195544256654102,0.5585757910956126,3.982380309297362,33.50000999999976,False,reduced_model
1900.0,3.9195558795472607,0.5596645566177091,3.9833555927993802,33.50000999999983,False,reduced_model
1905.0,3.9195572765311226,0.5607533225278566,3.9843325322968095,33.500009999997445,False,reduced_model
1910.0,3.9195586192363407,0.5618420888109777,3.985311166474927,33.50000999999899,False,reduced_model
1915.0,3.9195599092636257,0.5629308554524398,3.986291534001692,33.500009999999996,False,reduced_model
1920.0,3.919561148795765,0.5640196224382165,3.987273673564058,33.5000099999986,False,reduced_model
1925.0,3.9195623400155455,0.5651083897548874,3.9882576238554406,33.50000999999732,False,reduced_model
1930.0,3.9195634848147165,0.5661971573895582,3.9892434235684866,33.500009999998724,False,reduced_model
1935.0,3.9195645846484695,0.5672859253297383,3.990231111390671,33.50000999999795,False,reduced_model
1940.0,3.9195656416995917,0.5683746935635438,3.9912207260315995,33.500009999998966,False,reduced_model
1945.0,3.9195666572777554,0.5694634620794542,3.992212306185895,33.500009999998234,False,reduced_model
1950.0,3.91956763327471,0.570552230866475,3.9932058905662875,33.50000999999785,False,reduced_model
1955.0,3.9195685711456463,0.5716409999140154,3.994201517880357,33.500009999998014,False,reduced_model
1960.0,3.9195694723457564,0.5727297692118892,3.9951992268399343,33.500009999998206,False,reduced_model
1965.0,3.9195703383302316,0.5738185387503143,3.996199056161124,33.50000999999835,False,reduced_model
1970.0,3.9195711704087444,0.5749073085198723,3.9972010445607453,33.50000999999703,False,reduced_model
1975.0,3.9195719701820053,0.5759960785115895,3.998205230766589,33.500009999998554,False,reduced_model
1980.0,3.9195727385231294,0.5770848487167348,3.9992116534932753,33.5000099999991,False,reduced_model
1985.0,3.919573476887308,0.5781736191269813,4.000220351472265,33.50000999999961,False,reduced_model
1990.0,3.9195741862931754,0.5792623897342849,4.00123136342862,33.50000999999784,False,reduced_model
1995.0,3.919574868195923,0.580351160531006,4.002244728101075,33.500009999998284,False,reduced_model
2000.0,3.9195755233231466,0.5814399315097069,4.003260484214768,33.50000999999822,False,reduced_model
2005.0,3.9195761528389994,0.5825287026632733,4.004278670507666,33.50000999999736,False,reduced_model
2010.0,3.9195767579076346,0.5836174739849143,4.005299325721165,33.50000999999884,False,reduced_model
2015.0,3.919577339111129,0.5847062454680007,4.006322488585785,33.500009999998,False,reduced_model
2020.0,3.9195778977591544,0.5857950171062671,4.007348197851607,33.500009999998056,False,reduced_model
2025.0,3.919578434579307,0.5868837888936502,4.008376492258273,33.50000999999902,False,reduced_model
2030.0,3.919578950299183,0.5879725608242888,4.009407410547544,33.50000999999829,False,reduced_model
2035.0,3.9195794459374156,0.5890613328926048,4.010440991470468,33.50000999999732,False,reduced_model
2040.0,3.91957992236712,0.5901501050932623,4.011477273777499,33.50000999999937,False,reduced_model
2045.0,3.919580379879335,0.5912388774210066,4.012516296207345,33.50000999999818,False,reduced_model
2050.0,3.9195808197837323,0.5923276498709464,4.013558097524575,33.500009999999335,False,reduced_model
2055.0,3.9195812422258314,0.5934164224382313,4.014602716469056,33.50000999999714,False,reduced_model
2060.0,3.9195816485153046,0.5945051951183745,4.015650191809606,33.50000999999896,False,reduced_model
2065.0,3.919582038652152,0.595593967906889,4.0167005622867515,33.50000999999902,False,reduced_model
2070.0,3.9195824136550073,0.596682740799571,4.017753866665993,33.5000099999996,False,reduced_model
2075.0,3.9195827739604283,0.5977715137923377,4.0188101437015735,33.50000999999977,False,reduced_model
2080.0,3.9195831201504916,0.5988602868812685,4.019869432152567,33.50000999999875,False,reduced_model
2085.0,3.919583452952793,0.5999490600626443,4.020931770783324,33.50000999999946,False,reduced_model
2090.0,3.9195837726583704,0.6010378333328271,4.021998593526948,33.50000999999995,False,reduced_model
2095.0,3.919584079849301,0.6021266066883408,4.023071505158083,33.50000999999976,False,reduced_model
2100.0,3.9195843749621417,0.6032153801258303,4.02415038045183,33.50000999999732,False,reduced_model
2105.0,3.919584658870008,0.604304153642183,4.025235090772898,33.50000999999943,False,reduced_model
2110.0,3.919584931281861,0.6053929272342058,4.026325507459869,33.50000999999771,False,reduced_model
2115.0,3.919585193361854,0.6064817008990285,4.027421501886079,33.50000999999865,False,reduced_model
2120.0,3.9195854449644685,0.6075704746337409,4.028522945396081,33.50000999999733,False,reduced_model
2125.0,3.9195856869628187,0.608659248435675,4.029629709358878,33.50000999999846,False,reduced_model
2130.0,3.919585919356905,0.609748022302163,4.030741665124532,33.500009999998944,False,reduced_model
2135.0,3.9195861427288037,0.6108367962306988,4.031858684057302,33.50000999999999,False,reduced_model
2140.0,3.919586357224034,0.6119255702188166,4.032980637512399,33.5000099999985,False,reduced_model
2145.0,3.919586563570192,0.6130143442642527,4.034107396859673,33.50000999999931,False,reduced_model
2150.0,3.9195867616217583,0.6141031183647032,4.03523883344961,33.50000999999759,False,reduced_model
2155.0,3.919586952251848,0.6151918925181065,4.0363748186571815,33.50000999999995,False,reduced_model
2160.0,3.919587135023903,0.6162806667222798,4.037515223827739,33.500009999997864,False,reduced_model
2165.0,3.919587310956558,0.6173694409753232,4.0386599203410185,33.50000999999762,False,reduced_model
2170.0,3.919587480049813,0.6184582152753371,4.039808779554695,33.50000999999995,False,reduced_model
2175.0,3.919587642303668,0.6195469896204214,4.0409616728263495,33.50001,False,reduced_model
2180.0,3.919587798300199,0.6206357640088381,4.042118471527861,33.500009999999506,False,reduced_model
2185.0,3.919587948184926,0.6217245384388895,4.04327904702208,33.500009999998106,False,reduced_model
2190.0,3.919588092394406,0.6228133129089991,4.0444432706793485,33.50000999999959,False,reduced_model
2195.0,3.9195882306376006,0.6239020874175095,4.045611013853389,33.50000999999707,False,reduced_model
2200.0,3.919588363933144,0.6249908619630465,4.046782147929183,33.500009999999975,False,reduced_model
2205.0,3.9195884915534407,0.6260796365440336,4.047956544251812,33.500009999998596,False,reduced_model
2210.0,3.9195886145171244,0.6271684111591773,4.049134074207044,33.50000999999979,False,reduced_model
2215.0,3.9195887323876377,0.6282571858070628,4.050314609147938,33.500009999997566,False,reduced_model
2220.0,3.9195888460380957,0.6293459604865178,4.051498020458348,33.50000999999994,False,reduced_model
2225.0,3.9195889548864216,0.6304347351962085,4.052684179488951,33.500009999999385,False,reduced_model
2230.0,3.919589059660211,0.6315235099350031,4.053872957620833,33.50000999999963,False,reduced_model
2235.0,3.9195891602139454,0.6326122847017291,4.05506422621581,33.50000999999803,False,reduced_model
2240.0,3.9195892569841817,0.6337010594953358,4.056257856649509,33.50000999999764,False,reduced_model
2245.0,3.91958934997092,0.6347898343147722,4.057453720288095,33.500009999998404,False,reduced_model
2250.0,3.9195894391741604,0.6358786091589872,4.058651688497701,33.500009999997204,False,reduced_model
2255.0,3.9195895251759794,0.6369673840270916,4.0598516326587495,33.50000999999995,False,reduced_model
2260.0,3.9195896073943004,0.6380561589180345,4.06105342412478,33.500009999997815,False,reduced_model
2265.0,3.9195896867022384,0.6391449338310073,4.062256934283353,33.500009999997104,False,reduced_model
2270.0,3.919589762954274,0.6402337087651613,4.063462034499574,33.50000999999872,False,reduced_model
2275.0,3.9195898360048886,0.6413224837196071,4.0646685961380555,33.50000999999801,False,reduced_model
2280.0,3.9195899064361583,0.6424112586936171,4.065876490580864,33.50000999999988,False,reduced_model
2285.0,3.919589973811526,0.6435000336863426,4.067085589186779,33.500009999998014,False,reduced_model
2290.0,3.919590038858587,0.6445888086971366,4.06829576334186,33.50000999999874,False,reduced_model
2295.0,3.919590101140784,0.6456775837252313,4.069506884405721,33.50000999999741,False,reduced_model
2300.0,3.919590161240194,0.6467663587700203,4.07071882376166,33.50000999999924,False,reduced_model
2305.0,3.919590218720259,0.647855133830776,4.071931452769683,33.5000099999986,False,reduced_model
2310.0,3.919590274163056,0.6489439089069324,4.0731446428135145,33.50000999999983,False,reduced_model
2315.0,3.9195903272775467,0.6500326839978429,4.074358265257165,33.50000999999954,False,reduced_model
2320.0,3.919590378354769,0.6511214591029414,4.075572191478069,33.50000999999853,False,reduced_model
2325.0,3.9195904275402427,0.6522102342217025,4.076786292850949,33.50000999999899,False,reduced_model
2330.0,3.919590474688448,0.6532990093535604,4.078000440743778,33.5000099999985,False,reduced_model
2335.0,3.9195905200904235,0.65438778449803,4.079214506534814,33.50000999999906,False,reduced_model
2340.0,3.91959056360065,0.6554765596545857,4.080428361592467,33.50000999999822,False,reduced_model
2345.0,3.919590605510166,0.656565334822783,4.081641877295428,33.50000999999806,False,reduced_model
2350.0,3.919590645818971,0.6576541100021772,4.0828549250160915,33.500009999999335,False,reduced_model
2355.0,3.9195906843815465,0.6587428851922832,4.084067376123265,33.50000999999849,False,reduced_model
2360.0,3.9195907216344494,0.6598316603927372,4.085279101999634,33.50000999999961,False,reduced_model
2365.0,3.9195907572866417,0.6609204356030947,4.086489974011304,33.50000999999968,False,reduced_model
2370.0,3.9195907914836425,0.6620092108229513,4.087699863534238,33.500009999997424,False,reduced_model
2375.0,3.9195908246620093,0.6630979860520241,4.088908641951983,33.50000999999943,False,reduced_model
2380.0,3.9195908562396653,0.6641867612898684,4.090116180624322,33.50000999999938,False,reduced_model
2385.0,3.919590886653168,0.665275536536161,4.091322350934337,33.5000099999987,False,reduced_model
2390.0,3.9195909159025177,0.6663643117905784,4.092527024255727,33.500009999997935,False,reduced_model
2395.0,3.9195909441332333,0.6674530870528377,4.093730071965719,33.50000999999964,False,reduced_model
2400.0,3.9195909710542765,0.668541862322575,4.094931365431235,33.50000999999953,False,reduced_model
2405.0,3.9195909969566856,0.6696306375995074,4.096130776032662,33.500009999998284,False,reduced_model
2410.0,3.9195910219859798,0.6707194128833923,4.097328175147685,33.500009999998795,False,reduced_model
2415.0,3.9195910458511207,0.6718081881739065,4.0985234341436705,33.50000999999722,False,reduced_model
2420.0,3.919591068988666,0.6728969634708478,4.099716424404991,33.50000999999779,False,reduced_model
2425.0,3.919591091107577,0.6739857387739333,4.100907017299438,33.500009999998156,False,reduced_model
2430.0,3.9195911123533733,0.6750745140829204,4.102095084204655,33.5000099999981,False,reduced_model
2435.0,3.919591132871574,0.676163289397607,4.103280496498732,33.50000999999976,False,reduced_model
2440.0,3.91959115237114,0.67725206471771,4.1044631255494695,33.500009999998625,False,reduced_model
2445.0,3.91959117128863,0.678340840043068,4.1056428427416884,33.500009999998426,False,reduced_model
2450.0,3.919591189478524,0.6794296153734788,4.1068195194471935,33.50000999999942,False,reduced_model
2455.0,3.919591206795303,0.6805183907086997,4.107993027037344,33.50000999999822,False,reduced_model
2460.0,3.919591223675525,0.6816071660486096,4.109163236897377,33.50000999999982,False,reduced_model
2465.0,3.9195912396826316,0.6826959413929659,4.110330020392366,33.50000999999978,False,reduced_model
2470.0,3.9195912551076617,0.6837847167416069,4.111493248903975,33.500009999999,False,reduced_model
2475.0,3.9195912699506152,0.684873492094371,4.112652793807606,33.500009999997914,False,reduced_model
2480.0,3.9195912843570113,0.6859622674511369,4.113808526482195,33.50000999999951,False,reduced_model
2485.0,3.9195912978902925,0.687051042811662,4.114960318292814,33.50000999999734,False,reduced_model
2490.0,3.9195913112780545,0.6881398181759059,4.116108040631845,33.50000999999937,False,reduced_model
2495.0,3.9195913237927016,0.6892285935436261,4.117251564858084,33.50000999999832,False,reduced_model
2500.0,3.9195913360163104,0.6903173689147417,4.118390762360336,33.5000099999983,False,reduced_model
2505.0,3.9195913476578426,0.6914061442890911,4.119525504507713,33.500009999997154,False,reduced_model
2510.0,3.9195913590083364,0.6924949196665934,4.120655662682725,33.500009999998284,False,reduced_model
2515.0,3.9195913697767537,0.693583695047087,4.121781108254446,33.500009999998795,False,reduced_model
2520.0,3.9195913801086135,0.6946724704304504,4.122901712601823,33.50000999999837,False,reduced_model
2525.0,3.919591390149435,0.695761245816603,4.124017347104246,33.50000999999934,False,reduced_model
2530.0,3.91959139960818,0.6968500212053831,4.125127883130819,33.500009999997765,False,reduced_model
2535.0,3.9195914089214057,0.6979387965967502,4.126233192067641,33.500009999998305,False,reduced_model
2540.0,3.919591417798074,0.699027571990583,4.1273331452842275,33.500009999999456,False,reduced_model
2545.0,3.919591426238185,0.7001163473867602,4.128427638409548,33.500009999999335,False,reduced_model
2550.0,3.9195914343872573,0.7012051227852011,4.129519097712276,33.50000999999875,False,reduced_model
2555.0,3.9195914422452915,0.7022938981858248,4.130609197429664,33.50000999999829,False,reduced_model
2560.0,3.9195914498122875,0.7033826735885504,4.131697934234925,33.50000999999828,False,reduced_model
2565.0,3.919591457088245,0.7044714489932972,4.132785304801269,33.50000999999881,False,reduced_model
2570.0,3.9195914640731644,0.7055602243999841,4.133871305801902,33.50000999999975,False,reduced_model
2575.0,3.9195914706215262,0.70664899980849,4.134955933906487,33.50000999999767,False,reduced_model
2580.0,3.919591477169888,0.707737775218815,4.136039185798548,33.50000999999793,False,reduced_model
2585.0,3.9195914834272116,0.7088265506308781,4.137121058145013,33.50000999999978,False,reduced_model
2590.0,3.9195914892479777,0.7099153260445581,4.138201547615504,33.50000999999923,False,reduced_model
2595.0,3.9195914949232247,0.7110041014598145,4.139280650889982,33.500009999997964,False,reduced_model
2600.0,3.9053257046907675,0.712088914155562,4.140009999999464,33.49971428251463,False,reduced_model
2605.0,3.862699820601847,0.7131618863279514,4.1400099999968445,33.49853047201597,False,reduced_model
2610.0,3.8242028599779587,0.7142241649001675,4.140009999997222,33.49652584198333,False,reduced_model
2615.0,3.7886945976060815,0.7152765800661692,4.140009999997798,33.493752184649644,False,reduced_model
2620.0,3.755401596426964,0.7163197471762879,4.140009999997658,33.4902506999476,False,reduced_model
2625.0,3.723796619597124,0.717354135126176,4.14000999999692,33.48605527386097,False,reduced_model
2630.0,3.6935178203566466,0.7183801122984973,4.140009999999972,33.481194677915845,False,reduced_model
2635.0,3.6643145805282984,0.7193979774597552,4.14000999999897,33.47569404759629,False,reduced_model
2640.0,3.6360112052352633,0.7204079805723206,4.140009999997015,33.46957587902288,False,reduced_model
2645.0,3.6084825787111185,0.7214103368441848,4.140009999999699,33.46286070373078,False,reduced_model
2650.0,3.58163783501368,0.7224052362427996,4.140009999998144,33.45556754825811,False,reduced_model
2655.0,3.5554094014514703,0.7233928499654251,4.140009999998926,33.44771424979146,False,reduced_model
2660.0,3.529745638661552,0.7243733348650533,4.140009999999308,33.43931767533021,False,reduced_model
2665.0,3.504605894413544,0.7253468365023904,4.140009999999989,33.43039387609659,False,reduced_model
2670.0,3.479957173403818,0.7263134912727803,4.140009999999306,33.42095819832756,False,reduced_model
2675.0,3.4557718914584257,0.7272734279092966,4.140009999996693,33.41102536457753,False,reduced_model
2680.0,3.4320263567497022,0.7282267685639493,4.140009999996886,33.4006095349665,False,reduced_model
2685.0,3.4086997380654793,0.7291736296023008,4.140009999996561,33.38972435466987,False,reduced_model
2690.0,3.3857733618060593,0.7301141222028025,4.140009999999689,33.37838299189919,False,reduced_model
2695.0,3.3632302275509574,0.7310483528215667,4.14000999999831,33.36659816918295,False,reduced_model
2700.0,3.34105467365589,0.7319764235642489,4.140009999999315,33.3543821898935,False,reduced_model
2705.0,3.3192321403475944,0.7328984324921232,4.140009999998578,33.34174696126918,False,reduced_model
2710.0,3.297749002085766,0.7338144738815914,4.140009999997242,33.32870401484272,False,reduced_model
2715.0,3.2765924447448924,0.734724638449576,4.140009999998738,33.31526452486115,False,reduced_model
2720.0,3.2557503736461513,0.7356290135533666,4.140009999998761,33.30143932510808,False,reduced_model
2725.0,3.2352113438537344,0.7365276833711037,4.140009999997091,33.28723892443662,False,reduced_model
2730.0,3.214964504732052,0.7374207290668626,4.140009999999146,33.27267352121217,False,reduced_model
2735.0,3.1949995539616793,0.7383082289429631,4.140009999996834,33.2577530168014,False,reduced_model
2740.0,3.175306701014051,0.7391902585821337,4.140009999999676,33.24248702825778,False,reduced_model
2745.0,3.1558766329544596,0.7400668909801766,4.140009999997315,33.22688490023867,False,reduced_model
2750.0,3.1367004875210114,0.7409381966711547,4.140009999999807,33.210955716280495,False,reduced_model
2755.0,3.117769825767027,0.7418042438449789,4.140009999999562,33.19470830942901,False,reduced_model
2760.0,3.0990766097966116,0.7426650984588112,4.1400099999964635,33.178151272318544,False,reduced_model
2765.0,3.080613181227818,0.7435208243424857,4.140009999998303,33.16129296672064,False,reduced_model
2770.0,3.0623722402378917,0.7443714832981073,4.140009999997378,33.14414153258081,False,reduced_model
2775.0,3.04434682810097,0.745217135194802,4.140009999997515,33.12670489661094,False,reduced_model
2780.0,3.02653030899819,0.7460578380584126,4.140009999998465,33.10899078043421,False,reduced_model
2785.0,3.008916353719542,0.746893648156668,4.140009999999414,33.09100670832277,False,reduced_model
2790.0,2.991498924093321,0.7477246200800273,4.140009999998101,33.072760014548436,False,reduced_model
2795.0,2.974272258554426,0.7485508068185146,4.140009999996868,33.05425785037346,False,reduced_model
2800.0,2.9572308580683355,0.7493722598346447,4.1400099999987985,33.03550719069467,False,reduced_model
2805.0,2.940369472621899,0.7501890291325952,4.140009999999265,33.01651484035763,False,reduced_model
2810.0,2.9236830892467625,0.7510011633240526,4.14000999999721,32.99728744017237,False,reduced_model
2815.0,2.907166920326745,0.75180870969081,4.140009999999029,32.97783147264195,False,reduced_model
2820.0,2.8908163914660405,0.7526117142439951,4.140009999997056,32.95815326740295,False,reduced_model
2825.0,2.8746271321420753,0.7534102217807013,4.140009999999609,32.93825900642775,False,reduced_model
2830.0,2.858594964156565,0.7542042759374115,4.14000999999753,32.918154728959756,False,reduced_model
2835.0,2.8427158935138053,0.7549939192411653,4.1400099999978375,32.897846336240086,False,reduced_model
2840.0,2.826986100185449,0.7557791931578836,4.14000999999793,32.87733959599794,False,reduced_model
2845.0,2.8114019300423583,0.7565601381384509,4.14000999999817,32.85664014674282,False,reduced_model
2850.0,2.7959598864819917,0.7573367936624736,4.140009999998008,32.835753501858086,False,reduced_model
2855.0,2.7806566227065366,0.7581091982798921,4.140009999997293,32.814685053510225,False,reduced_model
2860.0,2.7654889343536264,0.7588773896505459,4.140009999996733,32.7934400763828,False,reduced_model
2865.0,2.750453752440808,0.7596414045817794,4.140009999996921,32.772023731243706,False,reduced_model
2870.0,2.7355481367339722,0.7604012790642055,4.140009999998886,32.750441068355386,False,reduced_model
2875.0,2.7207692691814387,0.7611570483056448,4.140009999998133,32.728697030732384,False,reduced_model
2880.0,2.7061144484449198,0.7619087467635461,4.140009999996986,32.70679645726558,False,reduced_model
2885.0,2.691581083902159,0.7626564081757412,4.1400099999980835,32.68474408570829,False,reduced_model
2890.0,2.677166689984166,0.7634000655896257,4.140009999998095,32.6625445555316,False,reduced_model
2895.0,2.6628688814655836,0.7641397513900328,4.140009999997423,32.640202410665964,False,reduced_model
2900.0,2.6486853685476133,0.7648754973257404,4.14000999999968,32.61772210212802,False,reduced_model
2905.0,2.634613951624514,0.765607334534525,4.14000999999724,32.59510799053066,False,reduced_model
2910.0,2.6206525181062004,0.7663352935673323,4.1400099999997275,32.572364348507975,False,reduced_model
2915.0,2.6067990366742153,0.767059404410853,4.1400099999977,32.54949536302056,False,reduced_model
2920.0,2.5930515548759825,0.7677796965094297,4.140009999998384,32.52650513759046,False,reduced_model
2925.0,2.579408194206538,0.7684961987855982,4.140009999999538,32.50339769443223,False,reduced_model
2930.0,2.565867146924976,0.769208939659744,4.1400099999977495,32.480176976506094,False,reduced_model
2935.0,2.5524266730836365,0.7699179470689339,4.140009999998761,32.456846849498056,False,reduced_model
2940.0,2.539085096524161,0.770623248484635,4.140009999999435,32.43341110371394,False,reduced_model
2945.0,2.5258408023395815,0.7713248709297293,4.140009999999445,32.40987345590923,False,reduced_model
2950.0,2.512692233864607,0.7720228409946918,4.140009999999177,32.386237551049696,False,reduced_model
2955.0,2.49963788984153,0.772717184852981,4.14000999999804,32.36250696400639,False,reduced_model
2960.0,2.4866763219840555,0.7734079282757543,4.140009999998896,32.33868520119183,False,reduced_model
2965.0,2.4738061321401856,0.7740950966457932,4.140009999999993,32.31477570213304,False,reduced_model
2970.0,2.461025970056096,0.7747787149708089,4.1400099999975755,32.290781840990675,False,reduced_model
2975.0,2.4483345316289933,0.7754588078962613,4.140009999997985,32.266706928032086,False,reduced_model
2980.0,2.43573055589638,0.7761353997173437,4.140009999997414,32.242554211042076,False,reduced_model
2985.0,2.4232128237034436,0.7768085143905946,4.140009999997647,32.21832687669497,False,reduced_model
2990.0,2.410780155496889,0.7774781755448993,4.140009999999964,32.19402805187724,False,reduced_model
2995.0,2.3984314091890955,0.7781444064918963,4.140009999997573,32.169660804962284,False,reduced_model
3000.0,2.386165479369786,0.7788072302361657,4.140009999997987,32.14522814705627,False,reduced_model
3005.0,2.3739812945732126,0.7794666694846583,4.140009999998309,32.120733033190064,False,reduced_model
3010.0,2.361877816337504,0.7801227466558631,4.140009999999301,32.09617836348135,False,reduced_model
3015.0,2.349854037461111,0.7807754838884912,4.140009999999725,32.071566984257494,False,reduced_model
3020.0,2.3379089807388356,0.7814249030498075,4.1400099999998785,32.046901689145656,False,reduced_model
3025.0,2.32604169746596,0.782071025743548,4.140009999998172,32.02218522012807,False,reduced_model
3030.0,2.3142512664683528,0.782713873317567,4.140009999998505,31.997420268569698,False,reduced_model
3035.0,2.302536792420445,0.7833534668710171,4.14000999999952,31.972609476209804,False,reduced_model
3040.0,2.2908974049350683,0.7839898272612769,4.14000999999997,31.94775543612772,False,reduced_model
3045.0,2.2793322574495356,0.7846229751105684,4.140009999998438,31.922860693680846,False,reduced_model
3050.0,2.2678405263923826,0.7852529308123442,4.1400099999985445,31.897927747418812,False,reduced_model
3055.0,2.2564214097635005,0.7858797145372785,4.1400099999990845,31.87295904996703,False,reduced_model
3060.0,2.2450741264159584,0.7865033462390607,4.140009999998953,31.847957008888713,False,reduced_model
3065.0,2.233797915221163,0.7871238456599555,4.140009999998753,31.82292398752442,False,reduced_model
3070.0,2.222592034060474,0.7877412323360834,4.140009999997249,31.797862305807378,False,reduced_model
3075.0,2.2114557593540436,0.7883555256025706,4.140009999999464,31.772774241061562,False,reduced_model
3080.0,2.200388384527077,0.7889667445982725,4.140009999998786,31.747662028769884,False,reduced_model
3085.0,2.189389220267264,0.789574908270569,4.140009999999834,31.72252786333471,False,reduced_model
3090.0,2.178457592902582,0.7901800353797086,4.140009999997293,31.697373898808255,False,reduced_model
3095.0,2.1675928447469057,0.7907821445032495,4.140009999999388,31.672202249616763,False,reduced_model
3100.0,2.1567943321812093,0.7913812540399665,4.140009999998045,31.64701499125197,False,reduced_model
3105.0,2.146061426344869,0.7919773822139512,4.140009999998503,31.62181416096083,False,reduced_model
3110.0,2.1353935116588283,0.7925705470783009,4.140009999998885,31.596601758408465,False,reduced_model
3115.0,2.1247899856639503,0.7931607665187631,4.140009999998631,31.571379746329875,False,reduced_model
3120.0,2.1142502584536382,0.7937480582572225,4.140009999997509,31.546150051166045,False,reduced_model
3125.0,2.1037737522657878,0.7943324398550741,4.140009999997745,31.52091456368649,False,reduced_model
3130.0,2.093359900802649,0.7949139287164081,4.140009999999135,31.495675139595342,False,reduced_model
3135.0,2.08300814877885,0.7954925420910689,4.140009999998606,31.47043360012388,False,reduced_model
3140.0,2.072717951828559,0.7960682970776879,4.140009999998069,31.445191732613793,False,reduced_model
3145.0,2.0624887758836934,0.7966412106265445,4.140009999999741,31.419951291085358,False,reduced_model
3150.0,2.0523200965298414,0.7972112995422472,4.140009999999795,31.39471399679057,False,reduced_model
3155.0,2.042211399067284,0.7977785804864326,4.14000999999816,31.369481538759256,False,reduced_model
3160.0,2.0321621781010952,0.7983430699803495,4.1400099999975595,31.34425557433317,False,reduced_model
3165.0,2.022171937017822,0.798904784407299,4.140009999999157,31.31903772968697,False,reduced_model
3170.0,2.012240187529449,0.799463740014946,4.140009999998938,31.29382960033694,False,reduced_model
3175.0,1.9305359461944782,0.8,4.138258189675849,31.267847634951167,False,reduced_model
