trajectory_id,source_role,risk_stratum,initialization_mode,step_index,soc,previous_current_a,candidate_current_a,current_a,measured_initial_voltage_v,predicted_initial_voltage_v,initial_residual_v,residual_before_v,residual_after_v,positive_residual_growth_v,terminal_voltage_v,voltage_safe_current_max_a,thermal_safe_current_max_a,empty_interval,selected_teacher_branch
phase7cr2f_development_30c_000,development,general,measured,0,0.6114990234375,1.2119950020824657,3.2119950020824657,3.2119950020824657,3.8809111887184224,3.8995704724266584,-0.018659283708235996,-0.018659283708235996,-0.01649719951820927,0.002162084190026725,3.9350094241462923,10.0,3.2119950020824657,False,default
phase7cr2f_development_30c_000,development,general,measured,1,0.6123912442714118,3.2119950020824657,5.211995002082463,5.211995002082463,3.8809111887184224,3.8995704724266584,-0.018659283708235996,-0.01649719951820927,-0.023215044002629526,0.0,3.984553392563794,10.0,5.211995002082466,False,alternative
phase7cr2f_development_30c_000,development,general,measured,2,0.6138390206608791,5.211995002082463,7.211995002082464,5.544573306044355,3.8809111887184224,3.8995704724266584,-0.018659283708235996,-0.023215044002629526,-0.024692667189354367,0.0,4.002183814301096,10.0,5.544573306044355,False,default
phase7cr2f_development_30c_000,development,general,zero,0,0.6114990234375,1.2119950020824657,3.2119950020824657,3.2119950020824657,3.8809111887184224,3.8995704724266584,-0.018659283708235996,0.0,-0.01649719951806805,0.0,3.9350094241464335,10.0,3.2119950020824657,False,default
phase7cr2f_development_30c_000,development,general,zero,1,0.6123912442714118,3.2119950020824657,5.211995002082463,5.211995002082463,3.8809111887184224,3.8995704724266584,-0.018659283708235996,-0.01649719951806805,-0.02321504400239016,0.0,3.9845533925640333,10.0,5.211995002082466,False,alternative
phase7cr2f_development_30c_000,development,general,zero,2,0.6138390206608791,5.211995002082463,7.211995002082464,5.544573306044355,3.8809111887184224,3.8995704724266584,-0.018659283708235996,-0.02321504400239016,-0.024692667189311734,0.0,4.002183814301139,10.0,5.544573306044355,False,default
phase7cr2f_development_30c_001,development,general,measured,0,0.5489990234375,2.640566430653894,4.640566430653894,4.640566430653894,3.860119269265639,3.9099662768367613,-0.04984700757112215,-0.04984700757112215,-0.047415758262113084,0.0024312493090090648,3.9130684863068694,10.0,4.6405664306538945,False,default
phase7cr2f_development_30c_001,development,general,measured,1,0.5502880696682372,4.640566430653894,6.640566430653894,5.563257740915242,3.860119269265639,3.9099662768367613,-0.04984700757112215,-0.047415758262113084,-0.04679437476509429,0.0006213834970187904,3.94259305659557,10.0,5.563257740915242,False,default
phase7cr2f_development_30c_001,development,general,measured,2,0.5518334190407136,5.563257740915242,7.563257740915234,5.529339674113938,3.860119269265639,3.9099662768367613,-0.04984700757112215,-0.04679437476509429,-0.042624195635548645,0.004170179129545648,3.9535134180834595,10.0,5.529339674113938,False,alternative
phase7cr2f_development_30c_001,development,general,zero,0,0.5489990234375,2.640566430653894,4.640566430653894,4.640566430653894,3.860119269265639,3.9099662768367613,-0.04984700757112215,0.0,-0.04741575826225697,0.0,3.9130684863067255,10.0,4.6405664306538945,False,default
phase7cr2f_development_30c_001,development,general,zero,1,0.5502880696682372,4.640566430653894,6.640566430653894,5.563257740915242,3.860119269265639,3.9099662768367613,-0.04984700757112215,-0.04741575826225697,-0.04679437476591941,0.0006213834963375575,3.942593056594745,10.0,5.563257740915242,False,default
phase7cr2f_development_30c_001,development,general,zero,2,0.5518334190407136,5.563257740915242,7.563257740915234,5.529339674113938,3.860119269265639,3.9099662768367613,-0.04984700757112215,-0.04679437476591941,-0.042624195635304396,0.004170179130615015,3.9535134180837037,10.0,5.529339674113938,False,alternative
phase7cr2f_development_30c_002,development,general,measured,0,0.6739990234375,4.0691378592253225,5.722036362789536,5.58683698686745,4.010893952332324,4.103625777454346,-0.09273182512202194,-0.09273182512202194,-0.08456048889623613,0.008171336225785808,4.056830656997721,10.0,5.58683698686745,False,default
phase7cr2f_development_30c_002,development,general,measured,1,0.6755509226005187,5.58683698686745,5.676235304539439,5.553986988555186,4.010893952332324,4.103625777454346,-0.09273182512202194,-0.08456048889623613,-0.07422066452391629,0.010339824372319839,4.071026751900401,10.0,5.553986988555186,False,default
phase7cr2f_development_30c_002,development,general,measured,2,0.6770936967640062,5.553986988555186,5.631270721864398,5.519795668150799,4.010893952332324,4.103625777454346,-0.09273182512202194,-0.07422066452391629,-0.06601017376339602,0.008210490760520273,4.082434763244015,9.769853655234328,5.519795668150799,False,default
phase7cr2f_development_30c_002,development,general,zero,0,0.6739990234375,4.0691378592253225,5.722036362789536,5.58683698686745,4.010893952332324,4.103625777454346,-0.09273182512202194,0.0,-0.08456048889654078,0.0,4.056830656997416,7.088989274125197,5.58683698686745,False,default
phase7cr2f_development_30c_002,development,general,zero,1,0.6755509226005187,5.58683698686745,5.676235304539439,5.553986988555186,4.010893952332324,4.103625777454346,-0.09273182512202194,-0.08456048889654078,-0.07422066452380705,0.01033982437273373,4.0710267519005106,10.0,5.553986988555186,False,default
phase7cr2f_development_30c_002,development,general,zero,2,0.6770936967640062,5.553986988555186,5.631270721864398,5.519795668150799,4.010893952332324,4.103625777454346,-0.09273182512202194,-0.07422066452380705,-0.06601017376360918,0.008210490760197864,4.082434763243802,9.769853655234328,5.519795668150799,False,default
phase7cr2f_development_30c_003,development,general,measured,0,0.4708740234375,5.49770928779675,7.49770928779675,5.5866720572157424,3.8378330237699947,3.925226460586631,-0.08739343681663625,-0.08739343681663625,-0.08160894024244447,0.0057844965741917775,3.85832975929592,10.0,5.5866720572157424,False,default
phase7cr2f_development_30c_003,development,general,measured,1,0.4724258767867266,5.5866720572157424,7.5866720572157424,5.553866250869484,3.8378330237699947,3.925226460586631,-0.08739343681663625,-0.08160894024244447,-0.07658456023738447,0.005024380005060003,3.8725585416963884,10.0,5.553866250869484,False,default
phase7cr2f_development_30c_003,development,general,measured,2,0.4739686174119681,5.553866250869484,7.553866250869476,5.519707443567471,3.8378330237699947,3.925226460586631,-0.08739343681663625,-0.07658456023738447,-0.07203496798809006,0.00454959224929441,3.8840941818556143,10.0,5.519707443567471,False,alternative
phase7cr2f_development_30c_003,development,general,zero,0,0.4708740234375,5.49770928779675,7.49770928779675,5.5866720572157424,3.8378330237699947,3.925226460586631,-0.08739343681663625,0.0,-0.08160894024237741,0.0,3.858329759295987,10.0,5.5866720572157424,False,default
phase7cr2f_development_30c_003,development,general,zero,1,0.4724258767867266,5.5866720572157424,7.5866720572157424,5.553866250869484,3.8378330237699947,3.925226460586631,-0.08739343681663625,-0.08160894024237741,-0.07658456023730142,0.00502438000507599,3.8725585416964714,10.0,5.553866250869484,False,default
phase7cr2f_development_30c_003,development,general,zero,2,0.4739686174119681,5.553866250869484,7.553866250869476,5.519707443567471,3.8378330237699947,3.925226460586631,-0.08739343681663625,-0.07658456023730142,-0.07203496798826148,0.0045495922490399465,3.884094181855443,10.0,5.519707443567471,False,alternative
phase7cr2f_development_30c_004,development,general,measured,0,0.5958740234375,6.926280716368179,8.203528144062453,5.587097701803936,3.9724482705064847,4.017742588291729,-0.04529431778524451,-0.04529431778524451,-0.028991264455688892,0.016303053329555617,3.9702782450897223,10.0,5.587097701803936,False,default
phase7cr2f_development_30c_004,development,general,measured,1,0.5974259950213344,5.587097701803936,7.58709770180393,5.5541778464011475,3.9724482705064847,4.017742588291729,-0.04529431778524451,-0.028991264455688892,-0.02410530984588899,0.004885954609799903,3.9828518582041896,10.0,5.5541778464011475,False,default
phase7cr2f_development_30c_004,development,general,measured,2,0.5989688222008902,5.5541778464011475,7.554177846401147,5.519935130439121,3.9724482705064847,4.017742588291729,-0.04529431778524451,-0.02410530984588899,-0.02043934891804522,0.00366596092784377,3.992952891762389,10.0,5.519935130439121,False,alternative
phase7cr2f_development_30c_004,development,general,zero,0,0.5958740234375,6.926280716368179,8.203528144062453,5.587097701803936,3.9724482705064847,4.017742588291729,-0.04529431778524451,0.0,-0.02899126445561251,0.0,3.9702782450897987,10.0,5.587097701803936,False,default
phase7cr2f_development_30c_004,development,general,zero,1,0.5974259950213344,5.587097701803936,7.58709770180393,5.5541778464011475,3.9724482705064847,4.017742588291729,-0.04529431778524451,-0.02899126445561251,-0.02410530984587922,0.0048859546097332895,3.9828518582041994,10.0,5.5541778464011475,False,default
phase7cr2f_development_30c_004,development,general,zero,2,0.5989688222008902,5.5541778464011475,7.554177846401147,5.519935130439121,3.9724482705064847,4.017742588291729,-0.04529431778524451,-0.02410530984587922,-0.02043934891793775,0.0036659609279414695,3.9929528917624966,10.0,5.519935130439121,False,alternative
phase7cr2f_development_30c_005,development,general,measured,0,0.5333740234375,8.354852144939608,9.461273107549443,6.354852144939608,3.937247247758576,4.030165287651517,-0.092918039892941,-0.092918039892941,-0.06258435984632671,0.030333680046614298,3.931726985003124,10.0,6.354852144939608,False,default
phase7cr2f_development_30c_005,development,general,measured,1,0.5351392601444276,6.354852144939608,8.354852144939608,5.546104243674511,3.937247247758576,4.030165287651517,-0.092918039892941,-0.06258435984632671,-0.04751655304455671,0.01506780680177,3.9331086035469207,10.0,5.546104243674511,False,default
phase7cr2f_development_30c_005,development,general,measured,2,0.5366798446565594,5.546104243674511,7.5461042436745105,5.512193334246616,3.937247247758576,4.030165287651517,-0.092918039892941,-0.04751655304455671,-0.039737921474096716,0.007778631570459993,3.943508615193615,10.0,5.512193334246616,False,default
phase7cr2f_development_30c_005,development,general,zero,0,0.5333740234375,8.354852144939608,9.461273107549443,6.354852144939608,3.937247247758576,4.030165287651517,-0.092918039892941,0.0,-0.06258435983721222,0.0,3.9317269850122383,10.0,6.354852144939608,False,default
phase7cr2f_development_30c_005,development,general,zero,1,0.5351392601444276,6.354852144939608,8.354852144939608,5.546104243674511,3.937247247758576,4.030165287651517,-0.092918039892941,-0.06258435983721222,-0.04751655304432845,0.015067806792883776,3.933108603547149,10.0,5.546104243674511,False,default
phase7cr2f_development_30c_005,development,general,zero,2,0.5366798446565594,5.546104243674511,7.5461042436745105,5.512193334246616,3.937247247758576,4.030165287651517,-0.092918039892941,-0.04751655304432845,-0.03973792147410338,0.00777863157022507,3.9435086151936085,10.0,5.512193334246616,False,default
phase7cr2f_development_30c_006,development,general,measured,0,0.5021240234375,1.416076634735527,3.4160766347355267,3.4160766347355267,3.788370347172835,3.876719490700733,-0.08834914352789802,-0.08834914352789802,-0.07618385863828436,0.012165284889613659,3.8432533366836634,10.0,3.4160766347355267,False,default
phase7cr2f_development_30c_006,development,general,measured,1,0.5030729336138153,3.4160766347355267,5.416076634735523,5.416076634735523,3.788370347172835,3.876719490700733,-0.08834914352789802,-0.07618385863828436,-0.0742778977794365,0.001905960858847866,3.8941376318949317,10.0,5.416076634735527,False,alternative
phase7cr2f_development_30c_006,development,general,measured,2,0.5045773993456864,5.416076634735523,7.416076634735523,5.541235971828142,3.788370347172835,3.876719490700733,-0.08834914352789802,-0.0742778977794365,-0.06730829330051824,0.0069696044789182565,3.909385462075587,10.0,5.541235971828142,False,default
phase7cr2f_development_30c_006,development,general,zero,0,0.5021240234375,1.416076634735527,3.4160766347355267,3.4160766347355267,3.788370347172835,3.876719490700733,-0.08834914352789802,0.0,-0.07618385863823463,0.0,3.843253336683713,10.0,3.4160766347355267,False,default
phase7cr2f_development_30c_006,development,general,zero,1,0.5030729336138153,3.4160766347355267,5.416076634735523,5.416076634735523,3.788370347172835,3.876719490700733,-0.08834914352789802,-0.07618385863823463,-0.07427789777941651,0.001905960858818112,3.8941376318949517,10.0,5.416076634735527,False,alternative
phase7cr2f_development_30c_006,development,general,zero,2,0.5045773993456864,5.416076634735523,7.416076634735523,5.541235971828142,3.788370347172835,3.876719490700733,-0.08834914352789802,-0.07427789777941651,-0.0673082933008411,0.00696960447857542,3.909385462075264,10.0,5.541235971828142,False,default
phase7cr2f_development_30c_007,development,general,measured,0,0.6271240234375,2.844648063306954,4.844648063306953,4.844648063306953,3.9318325298950265,4.062116489612595,-0.1302839597175689,-0.1302839597175689,-0.1188527896078444,0.011431170109724498,3.9849576983177952,10.0,4.844648063306954,False,default
phase7cr2f_development_30c_007,development,general,measured,1,0.6284697590106407,4.844648063306953,6.563984310785613,5.561276551436899,3.9318325298950265,4.062116489612595,-0.1302839597175689,-0.1188527896078444,-0.10963799374028316,0.009214795867561243,4.011293003638359,10.0,5.561276551436899,False,default
phase7cr2f_development_30c_007,development,general,measured,2,0.6300145580527066,5.561276551436899,6.523047763713173,5.526968260498554,3.9318325298950265,4.062116489612595,-0.1302839597175689,-0.10963799374028316,-0.09916583867278117,0.010472155067501987,4.022771231610158,10.0,5.526968260498554,False,default
phase7cr2f_development_30c_007,development,general,zero,0,0.6271240234375,2.844648063306954,4.844648063306953,4.844648063306953,3.9318325298950265,4.062116489612595,-0.1302839597175689,0.0,-0.11885278960803358,0.0,3.984957698317606,7.884286003682064,4.844648063306954,False,default
phase7cr2f_development_30c_007,development,general,zero,1,0.6284697590106407,4.844648063306953,6.563984310785613,5.561276551436899,3.9318325298950265,4.062116489612595,-0.1302839597175689,-0.11885278960803358,-0.10963799374024585,0.009214795867787728,4.0112930036383965,10.0,5.561276551436899,False,default
phase7cr2f_development_30c_007,development,general,zero,2,0.6300145580527066,5.561276551436899,6.523047763713173,5.526968260498554,3.9318325298950265,4.062116489612595,-0.1302839597175689,-0.10963799374024585,-0.09916583867294726,0.010472155067298594,4.022771231609992,10.0,5.526968260498554,False,default
phase7cr2f_development_30c_008,development,high_risk,measured,0,0.6458496093749999,7.709287796751354,6.471474924330837,5.709287796751354,4.031317872274941,4.135415172003297,-0.10409729972835624,-0.10409729972835624,-0.07710741916875996,0.02698988055959628,4.02385622706125,10.0,5.709287796751354,False,default
phase7cr2f_development_30c_008,development,high_risk,measured,1,0.6474355226518753,5.709287796751354,6.417482862513898,5.552343505961058,4.031317872274941,4.135415172003297,-0.10409729972835624,-0.07710741916875996,-0.06774918668762009,0.009358232481139872,4.036244271684383,10.0,5.552343505961058,False,default
phase7cr2f_development_30c_008,development,high_risk,measured,2,0.64897784029242,5.552343505961058,6.366093002221615,5.518594754233753,4.031317872274941,4.135415172003297,-0.10409729972835624,-0.06774918668762009,-0.060710805027412995,0.007038381660207094,4.0479000602130695,10.0,5.518594754233753,False,default
phase7cr2f_development_30c_008,development,high_risk,zero,0,0.6458496093749999,7.709287796751354,6.471474924330837,5.709287796751354,4.031317872274941,4.135415172003297,-0.10409729972835624,0.0,-0.07710741916879371,0.0,4.023856227061216,8.865394647000358,5.709287796751354,False,default
phase7cr2f_development_30c_008,development,high_risk,zero,1,0.6474355226518753,5.709287796751354,6.417482862513898,5.552343505961058,4.031317872274941,4.135415172003297,-0.10409729972835624,-0.07710741916879371,-0.06774918668771246,0.009358232481081252,4.036244271684291,10.0,5.552343505961058,False,default
phase7cr2f_development_30c_008,development,high_risk,zero,2,0.64897784029242,5.552343505961058,6.366093002221615,5.518594754233753,4.031317872274941,4.135415172003297,-0.10409729972835624,-0.06774918668771246,-0.06071080502746007,0.007038381660252391,4.047900060213022,10.0,5.518594754233753,False,default
phase7cr2f_development_30c_009,development,high_risk,measured,0,0.605224609375,8.852144939608497,7.2514287973612825,6.852144939608497,4.005802823376602,4.15420215854786,-0.14839933517125825,-0.14839933517125825,-0.1167002286628156,0.031699106508442654,4.000973163911677,10.0,6.852144939608497,False,default
phase7cr2f_development_30c_009,development,high_risk,measured,1,0.6071279829693357,6.852144939608497,7.189930471844119,5.540154675948823,4.005802823376602,4.15420215854786,-0.14839933517125825,-0.1167002286628156,-0.09726033531881573,0.01943989334399987,3.9937400457306804,10.0,5.540154675948823,False,default
phase7cr2f_development_30c_009,development,high_risk,measured,2,0.6086669148237659,5.540154675948823,7.145886419781958,5.506006502871809,4.005802823376602,4.15420215854786,-0.14839933517125825,-0.09726033531881573,-0.08822215563111424,0.009038179687701486,4.003473692195547,10.0,5.506006502871809,False,default
phase7cr2f_development_30c_009,development,high_risk,zero,0,0.605224609375,8.852144939608497,7.2514287973612825,6.852144939608497,4.005802823376602,4.15420215854786,-0.14839933517125825,0.0,-0.11670022866293994,0.0,4.000973163911553,9.32462897260848,6.852144939608497,False,default
phase7cr2f_development_30c_009,development,high_risk,zero,1,0.6071279829693357,6.852144939608497,7.189930471844119,5.540154675948823,4.005802823376602,4.15420215854786,-0.14839933517125825,-0.11670022866293994,-0.09726033531873401,0.019439893344205927,3.993740045730762,10.0,5.540154675948823,False,default
phase7cr2f_development_30c_009,development,high_risk,zero,2,0.6086669148237659,5.540154675948823,7.145886419781958,5.506006502871809,4.005802823376602,4.15420215854786,-0.14839933517125825,-0.09726033531873401,-0.08822215563113645,0.00903817968759757,4.0034736921955245,10.0,5.506006502871809,False,default
phase7cr2f_development_30c_010,development,high_risk,measured,0,0.680224609375,6.008329862557268,5.644011143526941,5.586865864808933,4.0501411345417715,4.161142993791532,-0.11100185924976014,-0.11100185924976014,-0.09011350432757137,0.020888354922188768,4.0639537053096255,10.0,5.586865864808933,False,default
phase7cr2f_development_30c_010,development,high_risk,measured,1,0.6817765165596691,5.586865864808933,5.596547519044403,5.554008128815816,4.0501411345417715,4.161142993791532,-0.11100185924976014,-0.09011350432757137,-0.07737321322029356,0.012740291107277812,4.077998101365218,10.0,5.554008128815816,False,default
phase7cr2f_development_30c_010,development,high_risk,measured,2,0.6833192965954513,5.554008128815816,5.549919224801425,5.518888995478841,4.0501411345417715,4.161142993791532,-0.11100185924976014,-0.07737321322029356,-0.06738071827642678,0.009992494943866781,4.089289897182112,9.561397018405842,5.518888995478841,False,default
phase7cr2f_development_30c_010,development,high_risk,zero,0,0.680224609375,6.008329862557268,5.644011143526941,5.587102604917753,4.0501411345417715,4.161142993791532,-0.11100185924976014,0.0,-0.09011475718649375,0.0,4.063958239073191,6.570419830532046,5.587102604917753,False,default
phase7cr2f_development_30c_010,development,high_risk,zero,1,0.6817765823208104,5.587102604917753,5.596544614370774,5.554181435753389,4.0501411345417715,4.161142993791532,-0.11100185924976014,-0.09011475718649375,-0.07737409762211644,0.01274065956437731,4.078002046748371,10.0,5.554181435753389,False,default
phase7cr2f_development_30c_010,development,high_risk,zero,2,0.6833194104974086,5.554181435753389,5.549914250180969,5.519015611936528,4.0501411345417715,4.161142993791532,-0.11100185924976014,-0.07737409762211644,-0.06738133143746339,0.009992766184653057,4.089293300994665,9.561395476266625,5.519015611936528,False,default
phase7cr2f_development_30c_011,development,high_risk,measured,0,0.617724609375,6.579758433985839,7.031390732670736,5.587002119884944,3.986284853647498,4.098590090454389,-0.11230523680689064,-0.11230523680689064,-0.09343326104465977,0.018871975762230875,3.989790591419945,10.0,5.587002119884944,False,default
phase7cr2f_development_30c_011,development,high_risk,measured,1,0.6192765544083013,5.587002119884944,6.983223071689727,5.554107875115968,3.986284853647498,4.098590090454389,-0.11230523680689064,-0.09343326104465977,-0.08442321888263926,0.009010042162020504,4.002958904982242,10.0,5.554107875115968,False,default
phase7cr2f_development_30c_011,development,high_risk,measured,2,0.6208193621513891,5.554107875115968,6.935864963734575,5.519884001519065,3.986284853647498,4.098590090454389,-0.11230523680689064,-0.08442321888263926,-0.07708317461722913,0.007340044265410128,4.013694174027268,10.0,5.519884001519065,False,default
phase7cr2f_development_30c_011,development,high_risk,zero,0,0.617724609375,6.579758433985839,7.031390732670736,5.587002119884944,3.986284853647498,4.098590090454389,-0.11230523680689064,0.0,-0.09343326104464023,0.0,3.9897905914199647,9.468872697470943,5.587002119884944,False,default
phase7cr2f_development_30c_011,development,high_risk,zero,1,0.6192765544083013,5.587002119884944,6.983223071689727,5.554107875115968,3.986284853647498,4.098590090454389,-0.11230523680689064,-0.09343326104464023,-0.08442321888282223,0.009010042161818,4.002958904982059,10.0,5.554107875115968,False,default
phase7cr2f_development_30c_011,development,high_risk,zero,2,0.6208193621513891,5.554107875115968,6.935864963734575,5.519884001519065,3.986284853647498,4.098590090454389,-0.11230523680689064,-0.08442321888282223,-0.07708317461716518,0.007340044265657042,4.013694174027332,10.0,5.519884001519065,False,default
phase7cr2f_development_30c_012,development,high_risk,measured,0,0.667724609375,7.15118700541441,5.704320935846596,5.587116919870628,4.051259610088676,4.183449800297933,-0.13219019020925682,-0.13219019020925682,-0.10377215432855191,0.028418035880704906,4.049308203954385,10.0,5.587116919870628,False,default
phase7cr2f_development_30c_012,development,high_risk,measured,1,0.6692765862971863,5.587116919870628,5.6619592036127,5.554191915095721,4.051259610088676,4.183449800297933,-0.13219019020925682,-0.10377215432855191,-0.09140429292220542,0.012367861406346492,4.063665888215749,10.0,5.554191915095721,False,default
phase7cr2f_development_30c_012,development,high_risk,measured,2,0.6708194173847128,5.554191915095721,5.622014353267393,5.519023268047839,4.051259610088676,4.183449800297933,-0.13219019020925682,-0.09140429292220542,-0.0815816535365661,0.00982263938563932,4.075176225546328,10.0,5.519023268047839,False,default
phase7cr2f_development_30c_012,development,high_risk,zero,0,0.667724609375,7.15118700541441,5.704320935846596,5.58694599493057,4.051259610088676,4.183449800297933,-0.13219019020925682,0.0,-0.10377127272593256,0.0,4.049304907650239,6.611044574674452,5.58694599493057,False,default
phase7cr2f_development_30c_012,development,high_risk,zero,1,0.6692765388180363,5.58694599493057,5.661961300769532,5.554066788525223,4.051259610088676,4.183449800297933,-0.13219019020925682,-0.10377127272593256,-0.09140368043343283,0.01236759229249973,4.063663013628707,10.0,5.554066788525223,False,default
phase7cr2f_development_30c_012,development,high_risk,zero,2,0.6708193351481821,5.554066788525223,5.62201794491416,5.519853979017577,4.051259610088676,4.183449800297933,-0.13219019020925682,-0.09140368043343283,-0.08158589657962789,0.00981778385380494,4.075191621767553,10.0,5.519853979017577,False,default
phase7cr2f_development_30c_013,development,high_risk,measured,0,0.642724609375,7.722615576842982,6.208767654584846,5.722615576842982,4.027814173200273,4.187812212465464,-0.15999803926519096,-0.15999803926519096,-0.12555852016614288,0.03443951909904808,4.020190224730738,10.0,5.722615576842982,False,default
phase7cr2f_development_30c_013,development,high_risk,measured,1,0.6443142248130119,5.722615576842982,6.1660840599199505,5.5525153500494575,4.027814173200273,4.187812212465464,-0.15999803926519096,-0.12555852016614288,-0.11028304065973416,0.015275479506408729,4.032274357551136,10.0,5.5525153500494575,False,default
phase7cr2f_development_30c_013,development,high_risk,measured,2,0.6458565901880257,5.5525153500494575,6.125698984549713,5.517798385015382,4.027814173200273,4.187812212465464,-0.15999803926519096,-0.11028304065973416,-0.09865041281838938,0.011632627841344778,4.043856172610807,10.0,5.517798385015382,False,default
phase7cr2f_development_30c_013,development,high_risk,zero,0,0.642724609375,7.722615576842982,6.208767654584846,5.722615576842982,4.027814173200273,4.187812212465464,-0.15999803926519096,0.0,-0.1255585201661953,0.0,4.020190224730686,7.046491423170664,5.722615576842982,False,default
phase7cr2f_development_30c_013,development,high_risk,zero,1,0.6443142248130119,5.722615576842982,6.1660840599199505,5.5525153500494575,4.027814173200273,4.187812212465464,-0.15999803926519096,-0.1255585201661953,-0.11028304065983452,0.015275479506360767,4.032274357551036,10.0,5.5525153500494575,False,default
phase7cr2f_development_30c_013,development,high_risk,zero,2,0.6458565901880257,5.5525153500494575,6.125698984549713,5.517798385015382,4.027814173200273,4.187812212465464,-0.15999803926519096,-0.11028304065983452,-0.09865041281821885,0.011632627841615673,4.043856172610978,10.0,5.517798385015382,False,default
phase7cr2f_development_30c_014,development,high_risk,measured,0,0.611474609375,8.865472719700126,7.268006267724934,6.865472719700126,4.011346422255433,4.137905805663972,-0.126559383408539,-0.126559383408539,-0.09722318918000461,0.029336194228534396,4.006903130358978,10.0,6.865472719700126,False,default
phase7cr2f_development_30c_014,development,high_risk,measured,1,0.6133816851304722,6.865472719700126,7.200672996899443,5.539838238787224,4.011346422255433,4.137905805663972,-0.126559383408539,-0.09722318918000461,-0.07966606052207537,0.017557128657929244,3.9996165520398335,10.0,5.539838238787224,False,default
phase7cr2f_development_30c_014,development,high_risk,measured,2,0.614920529085691,5.539838238787224,7.1511919192204125,5.505775432669088,4.011346422255433,4.137905805663972,-0.126559383408539,-0.07966606052207537,-0.0721273165041012,0.007538744017974164,4.009539177000526,10.0,5.505775432669088,False,default
phase7cr2f_development_30c_014,development,high_risk,zero,0,0.611474609375,8.865472719700126,7.268006267724934,6.865472719700126,4.011346422255433,4.137905805663972,-0.126559383408539,0.0,-0.09722318918007211,0.0,4.006903130358911,9.892189476668136,6.865472719700126,False,default
phase7cr2f_development_30c_014,development,high_risk,zero,1,0.6133816851304722,6.865472719700126,7.200672996899443,5.539838238787224,4.011346422255433,4.137905805663972,-0.126559383408539,-0.09722318918007211,-0.07966606052195635,0.01755712865811576,3.9996165520399525,10.0,5.539838238787224,False,default
phase7cr2f_development_30c_014,development,high_risk,zero,2,0.614920529085691,5.539838238787224,7.1511919192204125,5.505775432669088,4.011346422255433,4.137905805663972,-0.126559383408539,-0.07966606052195635,-0.07212731650424153,0.007538744017714816,4.009539177000386,10.0,5.505775432669088,False,default
phase7cr2f_development_30c_015,development,high_risk,measured,0,0.636474609375,6.089962515618493,6.4472214833575086,5.586537835797584,3.9977369156213793,4.116839468600141,-0.11910255297876127,-0.11910255297876127,-0.10212742919788909,0.01697512378087218,4.009993632323177,10.0,5.586537835797584,False,default
phase7cr2f_development_30c_015,development,high_risk,measured,1,0.6380264254404994,5.586537835797584,6.403152865782344,5.553767993320081,3.9977369156213793,4.116839468600141,-0.11910255297876127,-0.10212742919788909,-0.09226447859654918,0.009862950601339904,4.0240939236115345,10.0,5.553767993320081,False,default
phase7cr2f_development_30c_015,development,high_risk,measured,2,0.6395691387719771,5.553767993320081,6.3597667906137465,5.519635645509522,3.9977369156213793,4.116839468600141,-0.11910255297876127,-0.09226447859654918,-0.08414666783538038,0.008117810761168798,4.03559154459512,10.0,5.519635645509522,False,default
phase7cr2f_development_30c_015,development,high_risk,zero,0,0.636474609375,6.089962515618493,6.4472214833575086,5.586537835797584,3.9977369156213793,4.116839468600141,-0.11910255297876127,0.0,-0.10212742919795126,0.0,4.0099936323231145,8.28617673512781,5.586537835797584,False,default
phase7cr2f_development_30c_015,development,high_risk,zero,1,0.6380264254404994,5.586537835797584,6.403152865782344,5.553767993320081,3.9977369156213793,4.116839468600141,-0.11910255297876127,-0.10212742919795126,-0.0922644785962543,0.009862950601696951,4.024093923611829,10.0,5.553767993320081,False,default
phase7cr2f_development_30c_015,development,high_risk,zero,2,0.6395691387719771,5.553767993320081,6.3597667906137465,5.519635645509522,3.9977369156213793,4.116839468600141,-0.11910255297876127,-0.0922644785962543,-0.08414666783546476,0.008117810760789546,4.035591544595036,10.0,5.519635645509522,False,default
phase7cr2f_development_30c_016,development,high_risk,measured,0,0.6864746093749999,6.661391087047064,5.165567421753917,5.165567421753917,4.066940336966605,4.201699178443685,-0.13475884147708062,-0.13475884147708062,-0.10908263630439219,0.025676205172688427,4.062602373591288,10.0,5.587295068298365,False,default
phase7cr2f_development_30c_016,development,high_risk,measured,1,0.687909489214376,5.165567421753917,5.134320014450075,5.134320014450075,4.066940336966605,4.201699178443685,-0.13475884147708062,-0.10908263630439219,-0.09729134950175222,0.011791286802639966,4.075444593740194,9.816853342490504,5.557863207742235,False,default
phase7cr2f_development_30c_016,development,high_risk,measured,2,0.68933568921839,5.134320014450075,5.103461132567092,5.103461132567092,4.066940336966605,4.201699178443685,-0.13475884147708062,-0.09729134950175222,-0.08783043754568176,0.009460911956070461,4.08581766971985,9.266275689151371,5.528401300259897,False,default
phase7cr2f_development_30c_016,development,high_risk,zero,0,0.6864746093749999,6.661391087047064,5.165567421753917,5.165567421753917,4.066940336966605,4.201699178443685,-0.13475884147708062,0.0,-0.1090826363030768,0.0,4.062602373592603,5.42834861233132,5.42834861233132,False,default
phase7cr2f_development_30c_016,development,high_risk,zero,1,0.687909489214376,5.165567421753917,5.134320014450075,5.134320014450075,4.066940336966605,4.201699178443685,-0.13475884147708062,-0.1090826363030768,-0.09729134950198937,0.01179128680108743,4.075444593739957,9.816853342417744,5.557863207742235,False,default
phase7cr2f_development_30c_016,development,high_risk,zero,2,0.68933568921839,5.134320014450075,5.103461132567092,5.103461132567092,4.066940336966605,4.201699178443685,-0.13475884147708062,-0.09729134950198937,-0.08783043754593756,0.00946091195605181,4.085817669719594,9.266275689151371,5.528401300259897,False,default
phase7cr2f_development_30c_017,development,high_risk,measured,0,0.6239746093749999,7.232819658475635,6.540356663052938,5.587366144640253,4.001325878578335,4.165812941773209,-0.1644870631948736,-0.1644870631948736,-0.1350062436230779,0.029480819571795713,3.9960965172211296,10.0,5.587366144640253,False,default
phase7cr2f_development_30c_017,development,high_risk,measured,1,0.6255266555262889,5.587366144640253,6.503510420391292,5.554374361499951,4.001325878578335,4.165812941773209,-0.1644870631948736,-0.1350062436230779,-0.12143832504059038,0.013567918582487515,4.009562459585792,10.0,5.554374361499951,False,default
phase7cr2f_development_30c_017,development,high_risk,measured,2,0.6270695372933722,5.554374361499951,6.467037425988207,5.520078726555017,4.001325878578335,4.165812941773209,-0.1644870631948736,-0.12143832504059038,-0.11044621609700478,0.010992108943585599,4.020562350550753,10.0,5.520078726555017,False,default
phase7cr2f_development_30c_017,development,high_risk,zero,0,0.6239746093749999,7.232819658475635,6.540356663052938,5.586984665043158,4.001325878578335,4.165812941773209,-0.1644870631948736,0.0,-0.13500414391799698,0.0,3.996089292446186,7.510432946510264,5.586984665043158,False,default
phase7cr2f_development_30c_017,development,high_risk,zero,1,0.6255265495597342,5.586984665043158,6.503515342202282,5.5540950972001735,4.001325878578335,4.165812941773209,-0.1644870631948736,-0.13500414391799698,-0.12143683773792713,0.013567306180069849,4.0095561642426,10.0,5.5540950972001735,False,default
phase7cr2f_development_30c_017,development,high_risk,zero,2,0.6270693537534009,5.5540950972001735,6.467045854413579,5.5198746645312795,4.001325878578335,4.165812941773209,-0.1644870631948736,-0.12143683773792713,-0.11044519576777745,0.01099164197014968,4.020556897153412,10.0,5.5198746645312795,False,default
phase7cr2f_development_30c_018,development,high_risk,measured,0,0.673974609375,7.804248229904207,5.84128897047605,5.804248229904207,4.067976214147799,4.1721659849500865,-0.10418977080228764,-0.10418977080228764,-0.07520709596350539,0.028982674838782252,4.060950062658307,10.0,5.804248229904207,False,default
phase7cr2f_development_30c_018,development,high_risk,measured,1,0.6755869005499734,5.804248229904207,5.788923007771301,5.551190727008278,4.067976214147799,4.1721659849500865,-0.10418977080228764,-0.07520709596350539,-0.06419464182739087,0.011012454136114513,4.071518620300521,10.0,5.551190727008278,False,default
phase7cr2f_development_30c_018,development,high_risk,measured,2,0.6771288979741423,5.551190727008278,5.740279083793935,5.516830627581122,4.067976214147799,4.1721659849500865,-0.10418977080228764,-0.06419464182739087,-0.056462028780395634,0.00773261304699524,4.0828110789179,9.731942178186728,5.516830627581122,False,default
phase7cr2f_development_30c_018,development,high_risk,zero,0,0.673974609375,7.804248229904207,5.84128897047605,5.804248229904207,4.067976214147799,4.1721659849500865,-0.10418977080228764,0.0,-0.07520709596346986,0.0,4.060950062658343,7.520531423215289,5.804248229904207,False,default
phase7cr2f_development_30c_018,development,high_risk,zero,1,0.6755869005499734,5.804248229904207,5.788923007771301,5.551190727008278,4.067976214147799,4.1721659849500865,-0.10418977080228764,-0.07520709596346986,-0.06419464182773194,0.011012454135737926,4.07151862030018,10.0,5.551190727008278,False,default
phase7cr2f_development_30c_018,development,high_risk,zero,2,0.6771288979741423,5.551190727008278,5.740279083793935,5.516830627581122,4.067976214147799,4.1721659849500865,-0.10418977080228764,-0.06419464182773194,-0.056462028780897455,0.00773261304683448,4.082811078917398,9.731942178186728,5.516830627581122,False,default
phase7cr2f_development_30c_019,development,high_risk,measured,0,0.6513183593749999,6.171595168679716,5.953743836891083,5.587048894015513,4.016335325889517,4.150488160921838,-0.1341528350323209,-0.1341528350323209,-0.113980345131651,0.020172489900669888,4.028483190095333,10.0,5.587048894015513,False,default
phase7cr2f_development_30c_019,development,high_risk,measured,1,0.6528703174011153,5.587048894015513,5.914021509432835,5.554142116383183,4.016335325889517,4.150488160921838,-0.1341528350323209,-0.113980345131651,-0.10241935054769069,0.011560994583960316,4.043019838560671,10.0,5.554142116383183,False,default
phase7cr2f_development_30c_019,development,high_risk,measured,2,0.6544131346556662,5.554142116383183,5.874823077848421,5.51990902205441,4.016335325889517,4.150488160921838,-0.1341528350323209,-0.10241935054769069,-0.09303547147251567,0.009383879075175017,4.054761947776372,10.0,5.51990902205441,False,default
phase7cr2f_development_30c_019,development,high_risk,zero,0,0.6513183593749999,6.171595168679716,5.953743836891083,5.586724933363314,4.016335325889517,4.150488160921838,-0.1341528350323209,0.0,-0.11397869225734691,0.0,4.028476924421297,7.0453279947832925,5.586724933363314,False,default
phase7cr2f_development_30c_019,development,high_risk,zero,1,0.6528702274120453,5.586724933363314,5.9140256875247985,5.553904959152806,4.016335325889517,4.150488160921838,-0.1341528350323209,-0.11397869225734691,-0.10241823035971187,0.011560461897635044,4.043014349558941,10.0,5.553904959152806,False,default
phase7cr2f_development_30c_019,development,high_risk,zero,2,0.6544129787895877,5.553904959152806,5.8748302385922955,5.519735728209069,4.016335325889517,4.150488160921838,-0.1341528350323209,-0.10241823035971187,-0.09303473207291368,0.009383498286798186,4.054757189548587,10.0,5.519735728209069,False,default
phase7cr2f_development_30c_020,development,historical_neighborhood,measured,0,0.6052001953124999,8.713452728029988,7.9674440428634075,6.7134527280299885,4.004035386620595,4.089664025103394,-0.08562863848279889,-0.08562863848279889,-0.05626926794637921,0.029359370536419682,3.9985451772732326,10.0,6.7134527280299885,False,default
phase7cr2f_development_30c_020,development,historical_neighborhood,measured,1,0.6070650432925082,6.7134527280299885,7.884350882774511,5.542168632739289,4.004035386620595,4.089664025103394,-0.08562863848279889,-0.05626926794637921,-0.03982267874823453,0.01644658919814468,3.993426010310377,10.0,5.542168632739289,False,default
phase7cr2f_development_30c_020,development,historical_neighborhood,measured,2,0.6086045345793802,5.542168632739289,7.542168632739286,5.507477143682424,4.004035386620595,4.089664025103394,-0.08562863848279889,-0.03982267874823453,-0.032717407357662154,0.007105271390572376,4.003212123076288,10.0,5.507477143682424,False,default
phase7cr2f_development_30c_020,development,historical_neighborhood,zero,0,0.6052001953124999,8.713452728029988,7.9674440428634075,6.7134527280299885,4.004035386620595,4.089664025103394,-0.08562863848279889,0.0,-0.05626926794629172,0.0,3.99854517727332,10.0,6.7134527280299885,False,default
phase7cr2f_development_30c_020,development,historical_neighborhood,zero,1,0.6070650432925082,6.7134527280299885,7.884350882774511,5.542168632739289,4.004035386620595,4.089664025103394,-0.08562863848279889,-0.05626926794629172,-0.03982267874822476,0.016446589198066963,3.9934260103103867,10.0,5.542168632739289,False,default
phase7cr2f_development_30c_020,development,historical_neighborhood,zero,2,0.6086045345793802,5.542168632739289,7.542168632739286,5.507477143682424,4.004035386620595,4.089664025103394,-0.08562863848279889,-0.03982267874822476,-0.032717407357641726,0.0071052713905830345,4.003212123076309,10.0,5.507477143682424,False,default
phase7cr2f_development_30c_021,development,historical_neighborhood,measured,0,0.6043261718749999,8.849229487713451,7.405631065852287,6.849229487713451,4.005005354697616,4.127660151647753,-0.12265479695013681,-0.12265479695013681,-0.09496223191397046,0.02769256503616635,4.000126605600852,10.0,6.849229487713451,False,default
phase7cr2f_development_30c_021,development,historical_neighborhood,measured,1,0.606228735621587,6.849229487713451,7.33963262881646,5.5404904837014515,4.005005354697616,4.127660151647753,-0.12265479695013681,-0.09496223191397046,-0.07861052524649015,0.016351706667480315,3.992925805577424,10.0,5.5404904837014515,False,default
phase7cr2f_development_30c_021,development,historical_neighborhood,measured,2,0.6077677607559485,5.5404904837014515,7.291248482164666,5.506251717956798,4.005005354697616,4.127660151647753,-0.12265479695013681,-0.07861052524649015,-0.07195472588965224,0.00665579935683791,4.002635685866239,10.0,5.506251717956798,False,default
phase7cr2f_development_30c_021,development,historical_neighborhood,zero,0,0.6043261718749999,8.849229487713451,7.405631065852287,6.849229487713451,4.005005354697616,4.127660151647753,-0.12265479695013681,0.0,-0.0949622319139376,0.0,4.000126605600885,10.0,6.849229487713451,False,default
phase7cr2f_development_30c_021,development,historical_neighborhood,zero,1,0.606228735621587,6.849229487713451,7.33963262881646,5.5404904837014515,4.005005354697616,4.127660151647753,-0.12265479695013681,-0.0949622319139376,-0.07861052524665979,0.01635170666727781,3.9929258055772543,10.0,5.5404904837014515,False,default
phase7cr2f_development_30c_021,development,historical_neighborhood,zero,2,0.6077677607559485,5.5404904837014515,7.291248482164666,5.506251717956798,4.005005354697616,4.127660151647753,-0.12265479695013681,-0.07861052524665979,-0.07195472588970464,0.00665579935695515,4.002635685866187,10.0,5.506251717956798,False,default
phase7cr2f_development_30c_022,development,historical_neighborhood,measured,0,0.5309863281249999,9.047480216576428,9.366443639659717,7.047480216576428,3.9437593400031945,4.050036383074273,-0.10627704307107866,-0.10627704307107866,-0.07536820431000901,0.030908838761069646,3.941761151082587,10.0,7.047480216576428,False,default
phase7cr2f_development_30c_022,development,historical_neighborhood,measured,1,0.5329439615184933,7.047480216576428,9.047480216576425,5.5381579035672,3.9437593400031945,4.050036383074273,-0.10627704307107866,-0.07536820431000901,-0.05599023838319095,0.019377965926818064,3.932602224867538,10.0,5.5381579035672,False,default
phase7cr2f_development_30c_022,development,historical_neighborhood,measured,2,0.5344823387139287,5.5381579035672,7.538157903567201,5.503628225248465,3.9437593400031945,4.050036383074273,-0.10627704307107866,-0.05599023838319095,-0.048508685782159944,0.007481552601031005,3.9426773239374717,10.0,5.503628225248465,False,alternative
phase7cr2f_development_30c_022,development,historical_neighborhood,zero,0,0.5309863281249999,9.047480216576428,9.366443639659717,7.047480216576428,3.9437593400031945,4.050036383074273,-0.10627704307107866,0.0,-0.07536820431009073,0.0,3.9417611510825052,10.0,7.047480216576428,False,default
phase7cr2f_development_30c_022,development,historical_neighborhood,zero,1,0.5329439615184933,7.047480216576428,9.047480216576425,5.5381579035672,3.9437593400031945,4.050036383074273,-0.10627704307107866,-0.07536820431009073,-0.055990238383165636,0.01937796592692509,3.9326022248675634,10.0,5.5381579035672,False,default
phase7cr2f_development_30c_022,development,historical_neighborhood,zero,2,0.5344823387139287,5.5381579035672,7.538157903567201,5.503628225248465,3.9437593400031945,4.050036383074273,-0.10627704307107866,-0.055990238383165636,-0.04850868578214085,0.007481552601024788,3.942677323937491,10.0,5.503628225248465,False,alternative
phase7cr2f_development_30c_023,development,historical_neighborhood,measured,0,0.5977001953125,8.468554768846316,8.065993771089722,6.468554768846316,3.994630995092952,4.088437756744659,-0.09380676165170687,-0.09380676165170687,-0.06339022462071764,0.030416537030989232,3.987767601475788,10.0,6.468554768846316,False,default
phase7cr2f_development_30c_023,development,historical_neighborhood,measured,1,0.599497016081624,6.468554768846316,7.98889056673022,5.544567077967189,3.994630995092952,4.088437756744659,-0.09380676165170687,-0.06339022462071764,-0.0475819879194308,0.015808236701286837,3.9862872658952364,10.0,5.544567077967189,False,default
phase7cr2f_development_30c_023,development,historical_neighborhood,measured,2,0.6010371736032815,5.544567077967189,7.544567077967189,5.510149515072961,3.994630995092952,4.088437756744659,-0.09380676165170687,-0.0475819879194308,-0.03980841272631874,0.007773575193112059,3.996017649543642,10.0,5.510149515072961,False,alternative
phase7cr2f_development_30c_023,development,historical_neighborhood,zero,0,0.5977001953125,8.468554768846316,8.065993771089722,6.468554768846316,3.994630995092952,4.088437756744659,-0.09380676165170687,0.0,-0.0633902246208704,0.0,3.9877676014756354,10.0,6.468554768846316,False,default
phase7cr2f_development_30c_023,development,historical_neighborhood,zero,1,0.599497016081624,6.468554768846316,7.98889056673022,5.544567077967189,3.994630995092952,4.088437756744659,-0.09380676165170687,-0.0633902246208704,-0.047581987919368185,0.01580823670150222,3.986287265895299,10.0,5.544567077967189,False,default
phase7cr2f_development_30c_023,development,historical_neighborhood,zero,2,0.6010371736032815,5.544567077967189,7.544567077967189,5.510149515072961,3.994630995092952,4.088437756744659,-0.09380676165170687,-0.047581987919368185,-0.039808412726400455,0.00777357519296773,3.9960176495435604,10.0,5.510149515072961,False,alternative
phase7cr2f_development_30c_024,development,historical_neighborhood,measured,0,0.596826171875,8.604331528529778,7.50458930379349,6.604331528529778,3.995637723052287,4.120662018592813,-0.12502429554052608,-0.12502429554052608,-0.09773446083322046,0.027289834707305616,3.9894108505538943,10.0,6.604331528529778,False,default
phase7cr2f_development_30c_024,development,historical_neighborhood,measured,1,0.5986607084107027,6.604331528529778,7.444477997133407,5.543134721901355,3.995637723052287,4.120662018592813,-0.12502429554052608,-0.09773446083322046,-0.08301354745398992,0.014720913379230538,3.9858311917626557,10.0,5.543134721901355,False,default
phase7cr2f_development_30c_024,development,historical_neighborhood,measured,2,0.6002004680556753,5.543134721901355,7.398647511622689,5.5091033985761495,3.995637723052287,4.120662018592813,-0.12502429554052608,-0.08301354745398992,-0.07651658492665803,0.006496962527331895,3.995492403638128,10.0,5.5091033985761495,False,default
phase7cr2f_development_30c_024,development,historical_neighborhood,zero,0,0.596826171875,8.604331528529778,7.50458930379349,6.604331528529778,3.995637723052287,4.120662018592813,-0.12502429554052608,0.0,-0.09773446083342918,0.0,3.9894108505536856,10.0,6.604331528529778,False,default
phase7cr2f_development_30c_024,development,historical_neighborhood,zero,1,0.5986607084107027,6.604331528529778,7.444477997133407,5.543134721901355,3.995637723052287,4.120662018592813,-0.12502429554052608,-0.09773446083342918,-0.08301354745392286,0.014720913379506317,3.9858311917627227,10.0,5.543134721901355,False,default
phase7cr2f_development_30c_024,development,historical_neighborhood,zero,2,0.6002004680556753,5.543134721901355,7.398647511622689,5.5091033985761495,3.995637723052287,4.120662018592813,-0.12502429554052608,-0.08301354745392286,-0.07651658492665536,0.0064969625272675025,3.9954924036381305,10.0,5.5091033985761495,False,default
phase7cr2f_development_30c_025,development,historical_neighborhood,measured,0,0.538486328125,8.802582257392755,9.123770506036044,6.802582257392755,3.947731444406836,4.057256269061963,-0.1095248246551268,-0.1095248246551268,-0.07951063032192884,0.030014194333197963,3.9442285766245515,10.0,6.802582257392755,False,default
phase7cr2f_development_30c_025,development,historical_neighborhood,measured,1,0.5403759343076091,6.802582257392755,8.80258225739214,5.540834400664762,3.947731444406836,4.057256269061963,-0.1095248246551268,-0.07951063032192884,-0.06213616533481314,0.0173744649871157,3.938554813955917,10.0,5.540834400664762,False,alternative
phase7cr2f_development_30c_025,development,historical_neighborhood,measured,2,0.5419150549744604,5.540834400664762,7.540834400664762,5.506502854586987,3.947731444406836,4.057256269061963,-0.1095248246551268,-0.06213616533481314,-0.054801781587763276,0.007334383747049866,3.948592625162759,10.0,5.506502854586987,False,default
phase7cr2f_development_30c_025,development,historical_neighborhood,zero,0,0.538486328125,8.802582257392755,9.123770506036044,6.802582257392755,3.947731444406836,4.057256269061963,-0.1095248246551268,0.0,-0.07951063032209849,0.0,3.944228576624382,10.0,6.802582257392755,False,default
phase7cr2f_development_30c_025,development,historical_neighborhood,zero,1,0.5403759343076091,6.802582257392755,8.80258225739214,5.540834400664762,3.947731444406836,4.057256269061963,-0.1095248246551268,-0.07951063032209849,-0.06213616533441302,0.017374464987685467,3.938554813956317,10.0,5.540834400664762,False,alternative
phase7cr2f_development_30c_025,development,historical_neighborhood,zero,2,0.5419150549744604,5.540834400664762,7.540834400664762,5.506502854586987,3.947731444406836,4.057256269061963,-0.1095248246551268,-0.06213616533441302,-0.054801781587882736,0.007334383746530282,3.9485926251626395,10.0,5.506502854586987,False,default
phase7cr2f_development_30c_026,development,historical_neighborhood,measured,0,0.6027001953125,9.611411911703458,8.001110971702634,7.611411911703458,4.013017376666383,4.098173738904045,-0.08515636223766165,-0.08515636223766165,-0.057045607067510495,0.028110755170151158,4.011595868701795,10.0,7.611411911703458,False,default
phase7cr2f_development_30c_026,development,historical_neighborhood,measured,1,0.6048144763990843,7.611411911703458,7.907175106178011,5.611411911703458,4.013017376666383,4.098173738904045,-0.08515636223766165,-0.057045607067510495,-0.03634700821942172,0.02069859884808878,3.9946016224616177,10.0,5.611411911703458,False,default
phase7cr2f_development_30c_026,development,historical_neighborhood,measured,2,0.606373201930113,5.611411911703458,7.611411911703462,5.495788752163814,4.013017376666383,4.098173738904045,-0.08515636223766165,-0.03634700821942172,-0.030218930171058922,0.006128078048362795,4.0025915875446465,10.0,5.495788752163814,False,alternative
phase7cr2f_development_30c_026,development,historical_neighborhood,zero,0,0.6027001953125,9.611411911703458,8.001110971702634,7.611411911703458,4.013017376666383,4.098173738904045,-0.08515636223766165,0.0,-0.057045607067515824,0.0,4.011595868701789,10.0,7.611411911703458,False,default
phase7cr2f_development_30c_026,development,historical_neighborhood,zero,1,0.6048144763990843,7.611411911703458,7.907175106178011,5.611411911703458,4.013017376666383,4.098173738904045,-0.08515636223766165,-0.057045607067515824,-0.036347008219374644,0.02069859884814118,3.9946016224616647,10.0,5.611411911703458,False,default
phase7cr2f_development_30c_026,development,historical_neighborhood,zero,2,0.606373201930113,5.611411911703458,7.611411911703462,5.495788752163814,4.013017376666383,4.098173738904045,-0.08515636223766165,-0.036347008219374644,-0.030218930170994973,0.00612807804837967,4.0025915875447104,10.0,5.495788752163814,False,alternative
phase7cr2f_development_30c_027,development,historical_neighborhood,measured,0,0.611826171875,8.359433569346105,7.053684077350837,6.3594335693461055,4.005221754429877,4.142620120327287,-0.1373983658974094,-0.1373983658974094,-0.10898700856045895,0.028411357336950438,3.9983261411764977,10.0,6.3594335693461055,False,default
phase7cr2f_development_30c_027,development,historical_neighborhood,measured,1,0.6135926811998184,6.3594335693461055,6.999562726420967,5.546084161303233,4.005221754429877,4.142620120327287,-0.1373983658974094,-0.10898700856045895,-0.09478026274396711,0.01420674581649184,3.9988476984449157,10.0,5.546084161303233,False,default
phase7cr2f_development_30c_027,development,historical_neighborhood,measured,2,0.6151332601335137,5.546084161303233,6.9563589092409,5.511257511850249,4.005221754429877,4.142620120327287,-0.1373983658974094,-0.09478026274396711,-0.08704516941652596,0.007735093327441156,4.008998254225224,10.0,5.511257511850249,False,default
phase7cr2f_development_30c_027,development,historical_neighborhood,zero,0,0.611826171875,8.359433569346105,7.053684077350837,6.3594335693461055,4.005221754429877,4.142620120327287,-0.1373983658974094,0.0,-0.10898700856057353,0.0,3.998326141176383,9.25577193564095,6.3594335693461055,False,default
phase7cr2f_development_30c_027,development,historical_neighborhood,zero,1,0.6135926811998184,6.3594335693461055,6.999562726420967,5.546084161303233,4.005221754429877,4.142620120327287,-0.1373983658974094,-0.10898700856057353,-0.09478026274391382,0.014206745816659705,3.998847698444969,10.0,5.546084161303233,False,default
phase7cr2f_development_30c_027,development,historical_neighborhood,zero,2,0.6151332601335137,5.546084161303233,6.9563589092409,5.511257511850249,4.005221754429877,4.142620120327287,-0.1373983658974094,-0.09478026274391382,-0.08704516941651619,0.007735093327397635,4.008998254225234,10.0,5.511257511850249,False,default
phase7cr2f_development_30c_028,development,historical_neighborhood,measured,0,0.527236328125,8.55768429820908,9.272082278680127,6.557684298209081,3.9340394645414514,4.053582757238863,-0.11954329269741182,-0.11954329269741182,-0.0882034932259197,0.031339799471492125,3.9297605617382247,10.0,6.557684298209081,False,default
phase7cr2f_development_30c_028,development,historical_neighborhood,measured,1,0.5290579070967247,6.557684298209081,8.557684298209082,5.543900216137157,3.9340394645414514,4.053582757238863,-0.11954329269741182,-0.0882034932259197,-0.07114292909119824,0.017060564134721456,3.928154903787707,10.0,5.543900216137157,False,alternative
phase7cr2f_development_30c_028,development,historical_neighborhood,measured,2,0.5305978793789851,5.543900216137157,7.543900216137158,5.509662474749587,3.9340394645414514,4.053582757238863,-0.11954329269741182,-0.07114292909119824,-0.06269033286044001,0.008452596230758225,3.938584010670557,10.0,5.509662474749587,False,alternative
phase7cr2f_development_30c_028,development,historical_neighborhood,zero,0,0.527236328125,8.55768429820908,9.272082278680127,6.557684298209081,3.9340394645414514,4.053582757238863,-0.11954329269741182,0.0,-0.08820349322578691,0.0,3.9297605617383575,10.0,6.557684298209081,False,default
phase7cr2f_development_30c_028,development,historical_neighborhood,zero,1,0.5290579070967247,6.557684298209081,8.557684298209082,5.543900216137157,3.9340394645414514,4.053582757238863,-0.11954329269741182,-0.08820349322578691,-0.0711429290910206,0.01706056413476631,3.9281549037878847,10.0,5.543900216137157,False,alternative
phase7cr2f_development_30c_028,development,historical_neighborhood,zero,2,0.5305978793789851,5.543900216137157,7.543900216137158,5.509662474749587,3.9340394645414514,4.053582757238863,-0.11954329269741182,-0.0711429290910206,-0.06269033286053816,0.008452596230482445,3.938584010670459,10.0,5.509662474749587,False,alternative
phase7cr2f_development_30c_029,development,historical_neighborhood,measured,0,0.6164501953125,9.0807996668055,7.650211349006798,7.0807996668055,4.018449192006098,4.118363347978255,-0.09991415597215703,-0.09991415597215703,-0.06782316938839372,0.032090986583763303,4.015407304795313,10.0,7.0807996668055,False,default
phase7cr2f_development_30c_029,development,historical_neighborhood,measured,1,0.6184170841088349,7.0807996668055,7.563847726140444,5.537492033145371,4.018449192006098,4.118363347978255,-0.09991415597215703,-0.06782316938839372,-0.04736763508119246,0.020455534307201262,4.005034479757514,10.0,5.537492033145371,False,default
phase7cr2f_development_30c_029,development,historical_neighborhood,measured,2,0.6199552763402641,5.537492033145371,7.4986733836072865,5.503142071562801,4.018449192006098,4.118363347978255,-0.09991415597215703,-0.04736763508119246,-0.03903950874572182,0.008328126335470643,4.0150344806806935,10.0,5.503142071562801,False,default
phase7cr2f_development_30c_029,development,historical_neighborhood,zero,0,0.6164501953125,9.0807996668055,7.650211349006798,7.0807996668055,4.018449192006098,4.118363347978255,-0.09991415597215703,0.0,-0.06782316938844257,0.0,4.015407304795264,10.0,7.0807996668055,False,default
phase7cr2f_development_30c_029,development,historical_neighborhood,zero,1,0.6184170841088349,7.0807996668055,7.563847726140444,5.537492033145371,4.018449192006098,4.118363347978255,-0.09991415597215703,-0.06782316938844257,-0.04736763508118358,0.020455534307258993,4.005034479757523,10.0,5.537492033145371,False,default
phase7cr2f_development_30c_029,development,historical_neighborhood,zero,2,0.6199552763402641,5.537492033145371,7.4986733836072865,5.503142071562801,4.018449192006098,4.118363347978255,-0.09991415597215703,-0.04736763508118358,-0.03903950874570583,0.008328126335477748,4.0150344806807094,10.0,5.503142071562801,False,default
phase7cr2f_development_30c_030,development,historical_neighborhood,measured,0,0.585576171875,9.216576426488963,7.821413487935344,7.216576426488963,3.9939954260558768,4.120777070155312,-0.12678164409943538,-0.12678164409943538,-0.09845809928080396,0.02832354481863142,3.9906026235190106,10.0,7.216576426488963,False,default
phase7cr2f_development_30c_030,development,historical_neighborhood,measured,1,0.5875807764379136,7.216576426488963,7.752041762765322,5.535908728825554,3.9939954260558768,4.120777070155312,-0.12678164409943538,-0.09845809928080396,-0.07930214946198166,0.019155949818822293,3.977790883132105,10.0,5.535908728825554,False,default
phase7cr2f_development_30c_030,development,historical_neighborhood,measured,2,0.5891185288625873,5.535908728825554,7.535908728825556,5.5010661863252945,3.9939954260558768,4.120777070155312,-0.12678164409943538,-0.07930214946198166,-0.07264357194796212,0.006658577514019548,3.9870375680998595,10.0,5.5010661863252945,False,default
phase7cr2f_development_30c_030,development,historical_neighborhood,zero,0,0.585576171875,9.216576426488963,7.821413487935344,7.216576426488963,3.9939954260558768,4.120777070155312,-0.12678164409943538,0.0,-0.098458099280756,0.0,3.9906026235190586,10.0,7.216576426488963,False,default
phase7cr2f_development_30c_030,development,historical_neighborhood,zero,1,0.5875807764379136,7.216576426488963,7.752041762765322,5.535908728825554,3.9939954260558768,4.120777070155312,-0.12678164409943538,-0.098458099280756,-0.07930214946201453,0.01915594981874147,3.977790883132072,10.0,5.535908728825554,False,default
phase7cr2f_development_30c_030,development,historical_neighborhood,zero,2,0.5891185288625873,5.535908728825554,7.535908728825556,5.5010661863252945,3.9939954260558768,4.120777070155312,-0.12678164409943538,-0.07930214946201453,-0.07264357194785998,0.006658577514154551,3.9870375680999617,10.0,5.5010661863252945,False,default
phase7cr2f_development_30c_031,development,historical_neighborhood,measured,0,0.5572363281249999,9.414827155351938,8.751406119218037,7.414827155351938,3.9723211158090987,4.084282238603206,-0.11196112279410686,-0.11196112279410686,-0.08176363838553513,0.03019748440857173,3.970801897952388,10.0,7.414827155351938,False,default
phase7cr2f_development_30c_031,development,historical_neighborhood,measured,1,0.5592960023348199,7.414827155351938,8.671779365344435,5.533739349733835,3.9723211158090987,4.084282238603206,-0.11196112279410686,-0.08176363838553513,-0.06037179117274327,0.02139184721279186,3.955516929516099,10.0,5.533739349733835,False,default
phase7cr2f_development_30c_031,development,historical_neighborhood,measured,2,0.5608331521541904,5.533739349733835,7.5337393497338345,5.499482581959026,3.9723211158090987,4.084282238603206,-0.11196112279410686,-0.06037179117274327,-0.05343308331021834,0.006938707862524929,3.9648745999631636,10.0,5.499482581959026,False,default
phase7cr2f_development_30c_031,development,historical_neighborhood,zero,0,0.5572363281249999,9.414827155351938,8.751406119218037,7.414827155351938,3.9723211158090987,4.084282238603206,-0.11196112279410686,0.0,-0.08176363838558132,0.0,3.9708018979523416,10.0,7.414827155351938,False,default
phase7cr2f_development_30c_031,development,historical_neighborhood,zero,1,0.5592960023348199,7.414827155351938,8.671779365344435,5.533739349733835,3.9723211158090987,4.084282238603206,-0.11196112279410686,-0.08176363838558132,-0.06037179117280056,0.021391847212780757,3.9555169295160417,10.0,5.533739349733835,False,default
phase7cr2f_development_30c_031,development,historical_neighborhood,zero,2,0.5608331521541904,5.533739349733835,7.5337393497338345,5.499482581959026,3.9723211158090987,4.084282238603206,-0.11196112279410686,-0.06037179117280056,-0.053433083310346685,0.0069387078624538745,3.9648745999630353,10.0,5.499482581959026,False,default
phase7cr2f_internal_validation_30c_000,internal_validation,general,measured,0,0.61802978515625,2.6780508121615987,4.678050812161598,4.678050812161598,3.919801122361145,3.971249597248008,-0.05144847488686333,-0.05144847488686333,-0.04702708510909348,0.004421389777769846,3.9724045459232076,10.0,4.678050812161599,False,alternative
phase7cr2f_internal_validation_30c_000,internal_validation,general,measured,1,0.6193292437151837,4.678050812161598,6.6780508121615965,5.562868498802582,3.919801122361145,3.971249597248008,-0.05144847488686333,-0.04702708510909348,-0.04470515848677614,0.0023219266223173385,4.001190845154615,10.0,5.562868498802582,False,alternative
phase7cr2f_internal_validation_30c_000,internal_validation,general,measured,2,0.6208744849648511,5.562868498802582,7.373973629747812,5.529055107339925,3.919801122361145,3.971249597248008,-0.05144847488686333,-0.04470515848677614,-0.03926269116933678,0.005442467317439359,4.012354044622153,10.0,5.529055107339925,False,default
phase7cr2f_internal_validation_30c_000,internal_validation,general,zero,0,0.61802978515625,2.6780508121615987,4.678050812161598,4.678050812161598,3.919801122361145,3.971249597248008,-0.05144847488686333,0.0,-0.04702708510891185,0.0,3.972404545923389,10.0,4.678050812161599,False,alternative
phase7cr2f_internal_validation_30c_000,internal_validation,general,zero,1,0.6193292437151837,4.678050812161598,6.6780508121615965,5.562868498802582,3.919801122361145,3.971249597248008,-0.05144847488686333,-0.04702708510891185,-0.04470515848654788,0.002321926622363968,4.001190845154843,10.0,5.562868498802582,False,alternative
phase7cr2f_internal_validation_30c_000,internal_validation,general,zero,2,0.6208744849648511,5.562868498802582,7.373973629747812,5.529055107339925,3.919801122361145,3.971249597248008,-0.05144847488686333,-0.04470515848654788,-0.03926269116932968,0.0054424673172182025,4.01235404462216,10.0,5.529055107339925,False,default
phase7cr2f_internal_validation_30c_001,internal_validation,general,measured,0,0.55552978515625,4.106622240733028,6.106622240733023,5.587052452916754,3.894081936816878,3.980494245821507,-0.0864123090046287,-0.0864123090046287,-0.07745099625958307,0.008961312745045635,3.937060947842464,10.0,5.587052452916754,False,alternative
phase7cr2f_internal_validation_30c_001,internal_validation,general,measured,1,0.557081744170949,5.587052452916754,7.587052452916757,5.554144721696993,3.894081936816878,3.980494245821507,-0.0864123090046287,-0.07745099625958307,-0.0660693542809967,0.011381641978586376,3.950146579922364,10.0,5.554144721696993,False,alternative
phase7cr2f_internal_validation_30c_001,internal_validation,general,measured,2,0.5586245621491982,5.554144721696993,7.554144721696994,5.519910925790796,3.894081936816878,3.980494245821507,-0.0864123090046287,-0.0660693542809967,-0.05741142243238073,0.008657931848615963,3.960446063160079,10.0,5.519910925790796,False,alternative
phase7cr2f_internal_validation_30c_001,internal_validation,general,zero,0,0.55552978515625,4.106622240733028,6.106622240733023,5.587052452916754,3.894081936816878,3.980494245821507,-0.0864123090046287,0.0,-0.07745099625949958,0.0,3.9370609478425473,10.0,5.587052452916754,False,alternative
phase7cr2f_internal_validation_30c_001,internal_validation,general,zero,1,0.557081744170949,5.587052452916754,7.587052452916757,5.554144721696993,3.894081936816878,3.980494245821507,-0.0864123090046287,-0.07745099625949958,-0.06606935428111171,0.011381641978387869,3.950146579922249,10.0,5.554144721696993,False,alternative
phase7cr2f_internal_validation_30c_001,internal_validation,general,zero,2,0.5586245621491982,5.554144721696993,7.554144721696994,5.519910925790796,3.894081936816878,3.980494245821507,-0.0864123090046287,-0.06606935428111171,-0.05741142243214892,0.008657931848962797,3.960446063160311,10.0,5.519910925790796,False,alternative
phase7cr2f_internal_validation_30c_002,internal_validation,general,measured,0,0.68052978515625,5.535193669304456,5.5756809073954,5.5756809073954,4.043243550266624,4.121971568942362,-0.0787280186757382,-0.0787280186757382,-0.06922019182111772,0.009507826854620482,4.064079689200277,10.0,5.587007610761141,False,default
phase7cr2f_internal_validation_30c_002,internal_validation,general,measured,1,0.6820785854083042,5.5756809073954,5.529835825888549,5.529835825888549,4.043243550266624,4.121971568942362,-0.0787280186757382,-0.06922019182111772,-0.06280238189880016,0.006417809922317552,4.077838128635268,9.894608108297689,5.554143009010836,False,default
phase7cr2f_internal_validation_30c_002,internal_validation,general,measured,2,0.6836146509154954,5.529835825888549,5.485068802407956,5.485068802407956,4.043243550266624,4.121971568942362,-0.0787280186757382,-0.06280238189880016,-0.05750729975897784,0.005295082139822327,4.088879415761031,9.35219151135243,5.519612321101164,False,default
phase7cr2f_internal_validation_30c_002,internal_validation,general,zero,0,0.68052978515625,5.535193669304456,5.5756809073954,5.5756809073954,4.043243550266624,4.121971568942362,-0.0787280186757382,0.0,-0.06922019182115147,0.0,4.064079689200243,7.408859960269183,5.587394633122926,False,default
phase7cr2f_internal_validation_30c_002,internal_validation,general,zero,1,0.6820785854083042,5.5756809073954,5.529835825888549,5.529835825888549,4.043243550266624,4.121971568942362,-0.0787280186757382,-0.06922019182115147,-0.0628023818984289,0.006417809922722562,4.077838128635639,9.894608108297689,5.554143009010836,False,default
phase7cr2f_internal_validation_30c_002,internal_validation,general,zero,2,0.6836146509154954,5.529835825888549,5.485068802407956,5.485068802407956,4.043243550266624,4.121971568942362,-0.0787280186757382,-0.0628023818984289,-0.05750729975878777,0.0052950821396411385,4.088879415761221,9.35219151135243,5.519612321101164,False,default
phase7cr2f_internal_validation_30c_003,internal_validation,general,measured,0,0.47740478515625,6.963765097875885,8.963765097875886,5.587034251678988,3.8654140991746475,3.995373290499002,-0.12995919132435452,-0.12995919132435452,-0.10604413407974311,0.023915057244611404,3.8644614042675594,10.0,5.587034251678988,False,alternative
phase7cr2f_internal_validation_30c_003,internal_validation,general,measured,1,0.4789567391150497,5.587034251678988,7.587034251678986,5.5541313973777955,3.8654140991746475,3.995373290499002,-0.12995919132435452,-0.10604413407974311,-0.09468572169396339,0.011358412385779726,3.878807306630632,10.0,5.5541313973777955,False,alternative
phase7cr2f_internal_validation_30c_003,internal_validation,general,measured,2,0.4804995533920991,5.5541313973777955,7.55413139737779,5.5199011895389996,3.8654140991746475,3.995373290499002,-0.12995919132435452,-0.09468572169396339,-0.08543330377219682,0.009252417921766565,3.890390372304697,10.0,5.5199011895389996,False,alternative
phase7cr2f_internal_validation_30c_003,internal_validation,general,zero,0,0.47740478515625,6.963765097875885,8.963765097875886,5.587034251678988,3.8654140991746475,3.995373290499002,-0.12995919132435452,0.0,-0.10604413407958146,0.0,3.864461404267721,10.0,5.587034251678988,False,alternative
phase7cr2f_internal_validation_30c_003,internal_validation,general,zero,1,0.4789567391150497,5.587034251678988,7.587034251678986,5.5541313973777955,3.8654140991746475,3.995373290499002,-0.12995919132435452,-0.10604413407958146,-0.0946857216941499,0.01135841238543156,3.8788073066304456,10.0,5.5541313973777955,False,alternative
phase7cr2f_internal_validation_30c_003,internal_validation,general,zero,2,0.4804995533920991,5.5541313973777955,7.55413139737779,5.5199011895389996,3.8654140991746475,3.995373290499002,-0.12995919132435452,-0.0946857216941499,-0.08543330377209157,0.009252417922058331,3.890390372304802,10.0,5.5199011895389996,False,alternative
phase7cr2f_internal_validation_30c_004,internal_validation,high_risk,measured,0,0.6859619140625,6.021657642648896,5.345806955962625,5.345806955962625,4.056964254638622,4.168059276699879,-0.11109502206125743,-0.11109502206125743,-0.09231505966962761,0.018779962391629823,4.0655770411658265,10.0,5.587350892206373,False,default
phase7cr2f_internal_validation_30c_004,internal_validation,high_risk,measured,1,0.6874468604391563,5.345806955962625,5.3067428130397385,5.3067428130397385,4.056964254638622,4.168059276699879,-0.11109502206125743,-0.09231505966962761,-0.08189094210179348,0.010424117567834124,4.07875301154627,9.797990293955081,5.5559838744072785,False,default
phase7cr2f_internal_validation_30c_004,internal_validation,high_risk,measured,2,0.6889209556650006,5.3067428130397385,5.268409583309865,5.268409583309865,4.056964254638622,4.168059276699879,-0.11109502206125743,-0.08189094210179348,-0.07353535470307992,0.00835558739871356,4.089365271296632,9.240865387182566,5.524653928707048,False,default
phase7cr2f_internal_validation_30c_004,internal_validation,high_risk,zero,0,0.6859619140625,6.021657642648896,5.345806955962625,5.345806955962625,4.056964254638622,4.168059276699879,-0.11109502206125743,0.0,-0.09231505966953524,0.0,4.065577041165919,6.17287842083897,5.5873893421046095,False,default
phase7cr2f_internal_validation_30c_004,internal_validation,high_risk,zero,1,0.6874468604391563,5.345806955962625,5.3067428130397385,5.3067428130397385,4.056964254638622,4.168059276699879,-0.11109502206125743,-0.09231505966953524,-0.08189094210169934,0.0104241175678359,4.078753011546364,9.797990293955081,5.5559838744072785,False,default
phase7cr2f_internal_validation_30c_004,internal_validation,high_risk,zero,2,0.6889209556650006,5.3067428130397385,5.268409583309865,5.268409583309865,4.056964254638622,4.168059276699879,-0.11109502206125743,-0.08189094210169934,-0.07353535470316697,0.008355587398532371,4.089365271296545,9.240865387182566,5.524653928707048,False,default
phase7cr2f_internal_validation_30c_005,internal_validation,high_risk,measured,0,0.6234619140625,6.593086214077467,6.719133540002472,5.587289272373489,3.991827845806424,4.132173040029403,-0.14034519422297898,-0.14034519422297898,-0.11733984343947768,0.0230053507835013,3.9955625466007536,10.0,5.587289272373489,False,default
phase7cr2f_internal_validation_30c_005,internal_validation,high_risk,measured,1,0.6250139388603815,5.587289272373489,6.676776212626102,5.554318086721658,3.991827845806424,4.132173040029403,-0.14034519422297898,-0.11733984343947768,-0.10523789866875699,0.012101944770720685,4.009002836253183,10.0,5.554318086721658,False,default
phase7cr2f_internal_validation_30c_005,internal_validation,high_risk,measured,2,0.626556804995582,5.554318086721658,6.634991973837699,5.520037605849102,3.991827845806424,4.132173040029403,-0.14034519422297898,-0.10523789866875699,-0.0954437128338732,0.009794185834883784,4.019980714092593,10.0,5.520037605849102,False,default
phase7cr2f_internal_validation_30c_005,internal_validation,high_risk,zero,0,0.6234619140625,6.593086214077467,6.719133540002472,5.587114379345732,3.991827845806424,4.132173040029403,-0.14034519422297898,0.0,-0.1173388792178982,0.0,3.9955592359238685,8.254962755090673,5.587114379345732,False,default
phase7cr2f_internal_validation_30c_005,internal_validation,high_risk,zero,1,0.6250138902789849,5.587114379345732,6.676778468205472,5.554190055290084,3.991827845806424,4.132173040029403,-0.14034519422297898,-0.1173388792178982,-0.10523721463047053,0.012101664587427674,4.00899995226186,10.0,5.554190055290084,False,default
phase7cr2f_internal_validation_30c_005,internal_validation,high_risk,zero,2,0.6265567208498988,5.554190055290084,6.6349958396287905,5.519944051631645,3.991827845806424,4.132173040029403,-0.14034519422297898,-0.10523721463047053,-0.09544324267203663,0.0097939719584339,4.019978216311586,10.0,5.519944051631645,False,default
phase7cr2f_internal_validation_30c_006,internal_validation,high_risk,measured,0,0.6734619140625,7.164514785506039,5.404336881223145,5.404336881223145,4.058647851248213,4.19036608320628,-0.1317182319580672,-0.1317182319580672,-0.10566068678816798,0.02605754516989922,4.052669069180766,10.0,5.586863627785298,False,default
phase7cr2f_internal_validation_30c_006,internal_validation,high_risk,measured,1,0.6749631187517287,5.404336881223145,5.371439447324893,5.371439447324893,4.058647851248213,4.19036608320628,-0.1317182319580672,-0.10566068678816798,-0.0956772971489217,0.009983389639246276,4.066388547738511,10.0,5.555964210068197,False,default
phase7cr2f_internal_validation_30c_006,internal_validation,high_risk,measured,2,0.6764551852648745,5.371439447324893,5.3390120163117585,5.3390120163117585,4.058647851248213,4.19036608320628,-0.1317182319580672,-0.0956772971489217,-0.0875614687776407,0.008115828371280998,4.077430654153368,9.789923428470502,5.523180581992212,False,default
phase7cr2f_internal_validation_30c_006,internal_validation,high_risk,zero,0,0.6734619140625,7.164514785506039,5.404336881223145,5.404336881223145,4.058647851248213,4.19036608320628,-0.1317182319580672,0.0,-0.10566068679022322,0.0,4.052669069178711,6.2135031649813754,5.586995155426369,False,default
phase7cr2f_internal_validation_30c_006,internal_validation,high_risk,zero,1,0.6749631187517287,5.404336881223145,5.371439447324893,5.371439447324893,4.058647851248213,4.19036608320628,-0.1317182319580672,-0.10566068679022322,-0.09567729714887818,0.009983389641345042,4.066388547738555,10.0,5.555964210068197,False,default
phase7cr2f_internal_validation_30c_006,internal_validation,high_risk,zero,2,0.6764551852648745,5.371439447324893,5.3390120163117585,5.3390120163117585,4.058647851248213,4.19036608320628,-0.1317182319580672,-0.09567729714887818,-0.0875614687776034,0.00811582837127478,4.077430654153405,9.789923428470502,5.523180581992212,False,default
phase7cr2f_internal_validation_30c_007,internal_validation,high_risk,measured,0,0.6484619140625,7.73594335693461,6.404122001900082,5.73594335693461,4.034827296493885,4.15152849537381,-0.11670119887992492,-0.11670119887992492,-0.08631596318024393,0.03038523569968099,4.027687216860775,10.0,5.73594335693461,False,default
phase7cr2f_internal_validation_30c_007,internal_validation,high_risk,measured,1,0.6500552316616485,5.73594335693461,6.350091382622125,5.552654655612244,4.034827296493885,4.15152849537381,-0.11670119887992492,-0.08631596318024393,-0.07439513093443573,0.0119208322458082,4.039697157060388,10.0,5.552654655612244,False,default
phase7cr2f_internal_validation_30c_007,internal_validation,high_risk,measured,2,0.6515976357326518,5.552654655612244,6.29895145500195,5.517900160380772,4.034827296493885,4.15152849537381,-0.11670119887992492,-0.07439513093443573,-0.06555968434771575,0.008835446586719975,4.051343990117299,10.0,5.517900160380772,False,default
phase7cr2f_internal_validation_30c_007,internal_validation,high_risk,zero,0,0.6484619140625,7.73594335693461,6.404122001900082,5.73594335693461,4.034827296493885,4.15152849537381,-0.11670119887992492,0.0,-0.08631596318033363,0.0,4.027687216860685,8.35858173581073,5.73594335693461,False,default
phase7cr2f_internal_validation_30c_007,internal_validation,high_risk,zero,1,0.6500552316616485,5.73594335693461,6.350091382622125,5.552654655612244,4.034827296493885,4.15152849537381,-0.11670119887992492,-0.08631596318033363,-0.07439513093448458,0.011920832245849056,4.039697157060339,10.0,5.552654655612244,False,default
phase7cr2f_internal_validation_30c_007,internal_validation,high_risk,zero,2,0.6515976357326518,5.552654655612244,6.29895145500195,5.517900160380772,4.034827296493885,4.15152849537381,-0.11670119887992492,-0.07439513093448458,-0.06555968434783832,0.008835446586646256,4.051343990117177,10.0,5.517900160380772,False,default
phase7cr2f_internal_validation_30c_008,internal_validation,high_risk,measured,0,0.6008056640625,8.878800499791753,7.357618841983778,6.878800499791753,4.002416286220498,4.13610219359458,-0.13368590737408148,-0.13368590737408148,-0.1056473545675205,0.02803855280656098,3.9975645092586314,10.0,6.878800499791753,False,default
phase7cr2f_internal_validation_30c_008,internal_validation,high_risk,measured,1,0.6027164419791089,6.878800499791753,7.29561924491291,5.540037689780951,4.002416286220498,4.13610219359458,-0.13368590737408148,-0.1056473545675205,-0.08875341919847024,0.01689393536905026,3.9898569657323,10.0,5.540037689780951,False,default
phase7cr2f_internal_validation_30c_008,internal_validation,high_risk,measured,2,0.6042553413373813,5.540037689780951,7.251484402114353,5.505921076693072,4.002416286220498,4.13610219359458,-0.13368590737408148,-0.08875341919847024,-0.08181256742804699,0.006940851770423251,3.999469990185707,10.0,5.505921076693072,False,default
phase7cr2f_internal_validation_30c_008,internal_validation,high_risk,zero,0,0.6008056640625,8.878800499791753,7.357618841983778,6.878800499791753,4.002416286220498,4.13610219359458,-0.13368590737408148,0.0,-0.10564735456755114,0.0,3.9975645092586007,9.942929122771602,6.878800499791753,False,default
phase7cr2f_internal_validation_30c_008,internal_validation,high_risk,zero,1,0.6027164419791089,6.878800499791753,7.29561924491291,5.540037689780951,4.002416286220498,4.13610219359458,-0.13368590737408148,-0.10564735456755114,-0.08875341919855906,0.016893935368992086,3.989856965732211,10.0,5.540037689780951,False,default
phase7cr2f_internal_validation_30c_008,internal_validation,high_risk,zero,2,0.6042553413373813,5.540037689780951,7.251484402114353,5.505921076693072,4.002416286220498,4.13610219359458,-0.13368590737408148,-0.08875341919855906,-0.08181256742800347,0.0069408517705555894,3.9994699901857507,10.0,5.505921076693072,False,default
phase7cr2f_internal_validation_30c_009,internal_validation,high_risk,measured,0,0.6258056640624999,6.103290295710121,6.5349957638978395,5.586838817159517,3.986921259464952,4.141702523197415,-0.15478126373246281,-0.15478126373246281,-0.13283015697629974,0.021951106756163075,3.9980124765727236,10.0,5.586838817159517,False,default
phase7cr2f_internal_validation_30c_009,internal_validation,high_risk,measured,1,0.6273575637339331,5.586838817159517,6.496891539606778,5.553988328430862,3.986921259464952,4.141702523197415,-0.15478126373246281,-0.13283015697629974,-0.1190125016605883,0.013817655315711441,4.011573256260198,10.0,5.553988328430862,False,default
phase7cr2f_internal_validation_30c_009,internal_validation,high_risk,measured,2,0.6289003382696083,5.553988328430862,6.459194621296859,5.519796647215227,3.986921259464952,4.141702523197415,-0.15478126373246281,-0.1190125016605883,-0.10784775063736518,0.011164751023223118,4.02265342222541,10.0,5.519796647215227,False,default
phase7cr2f_internal_validation_30c_009,internal_validation,high_risk,zero,0,0.6258056640624999,6.103290295710121,6.5349957638978395,5.587164820043515,3.986921259464952,4.141702523197415,-0.15478126373246281,0.0,-0.13283194051929215,0.0,3.9980186614962046,7.520547848471324,5.587164820043515,False,default
phase7cr2f_internal_validation_30c_009,internal_validation,high_risk,zero,1,0.6273576542902898,5.587164820043515,6.496887335177048,5.554226980688593,3.986921259464952,4.141702523197415,-0.15478126373246281,-0.13283194051929215,-0.11901375816605153,0.013818182353240616,4.011578650608447,10.0,5.554226980688593,False,default
phase7cr2f_internal_validation_30c_009,internal_validation,high_risk,zero,2,0.6289004951182589,5.554226980688593,6.459187415412208,5.5199710334963275,3.986921259464952,4.141702523197415,-0.15478126373246281,-0.11901375816605153,-0.10784860688453879,0.011165151281512742,4.022658098262394,10.0,5.5199710334963275,False,default
phase7cr2f_internal_validation_30c_010,internal_validation,historical_neighborhood,measured,0,0.6249951171875,8.679300291545191,7.457832590138793,6.679300291545191,4.021405304024162,4.099847152669987,-0.07844184864582537,-0.07844184864582537,-0.05082011079281301,0.027621737853012363,4.017179397689267,10.0,6.679300291545191,False,default
phase7cr2f_internal_validation_30c_010,internal_validation,historical_neighborhood,measured,1,0.6268504783795958,6.679300291545191,7.375845518711539,5.5421655059903445,4.021405304024162,4.099847152669987,-0.07844184864582537,-0.05082011079281301,-0.036264443838795124,0.014555666954017887,4.013227414303424,10.0,5.5421655059903445,False,default
phase7cr2f_internal_validation_30c_010,internal_validation,historical_neighborhood,measured,2,0.6283899687979265,5.5421655059903445,7.309809200782858,5.507474860453399,4.021405304024162,4.099847152669987,-0.07844184864582537,-0.036264443838795124,-0.03014694705166665,0.0061174967871284736,4.023752894408105,10.0,5.507474860453399,False,default
phase7cr2f_internal_validation_30c_010,internal_validation,historical_neighborhood,zero,0,0.6249951171875,8.679300291545191,7.457832590138793,6.679300291545191,4.021405304024162,4.099847152669987,-0.07844184864582537,0.0,-0.05082011079262827,0.0,4.017179397689452,10.0,6.679300291545191,False,default
phase7cr2f_internal_validation_30c_010,internal_validation,historical_neighborhood,zero,1,0.6268504783795958,6.679300291545191,7.375845518711539,5.5421655059903445,4.021405304024162,4.099847152669987,-0.07844184864582537,-0.05082011079262827,-0.03626444383875249,0.014555666953875779,4.013227414303467,10.0,5.5421655059903445,False,default
phase7cr2f_internal_validation_30c_010,internal_validation,historical_neighborhood,zero,2,0.6283899687979265,5.5421655059903445,7.309809200782858,5.507474860453399,4.021405304024162,4.099847152669987,-0.07844184864582537,-0.03626444383875249,-0.03014694705162224,0.00611749678713025,4.023752894408149,10.0,5.507474860453399,False,default
phase7cr2f_internal_validation_30c_011,internal_validation,historical_neighborhood,measured,0,0.57912109375,8.815077051228654,7.993703993319715,6.815077051228654,3.98363891869559,4.111002934354605,-0.12736401565901545,-0.12736401565901545,-0.09809871447990659,0.02926530117910886,3.978526337827213,10.0,6.815077051228654,False,default
phase7cr2f_internal_validation_30c_011,internal_validation,historical_neighborhood,measured,1,0.5810141707086746,6.815077051228654,7.929120121005861,5.540628874118205,3.98363891869559,4.111002934354605,-0.12736401565901545,-0.09809871447990659,-0.08075781293190953,0.017340901547997056,3.9717565441291285,10.0,5.540628874118205,False,default
phase7cr2f_internal_validation_30c_011,internal_validation,historical_neighborhood,measured,2,0.5825532342848185,5.540628874118205,7.540628874118204,5.506352774044813,3.98363891869559,4.111002934354605,-0.12736401565901545,-0.08075781293190953,-0.07332784847620921,0.007429964455700322,3.9811919156373143,10.0,5.506352774044813,False,alternative
phase7cr2f_internal_validation_30c_011,internal_validation,historical_neighborhood,zero,0,0.57912109375,8.815077051228654,7.993703993319715,6.815077051228654,3.98363891869559,4.111002934354605,-0.12736401565901545,0.0,-0.09809871447999363,0.0,3.978526337827126,10.0,6.815077051228654,False,default
phase7cr2f_internal_validation_30c_011,internal_validation,historical_neighborhood,zero,1,0.5810141707086746,6.815077051228654,7.929120121005861,5.540628874118205,3.98363891869559,4.111002934354605,-0.12736401565901545,-0.09809871447999363,-0.08075781293187667,0.01734090154811696,3.9717565441291613,10.0,5.540628874118205,False,default
phase7cr2f_internal_validation_30c_011,internal_validation,historical_neighborhood,zero,2,0.5825532342848185,5.540628874118205,7.540628874118204,5.506352774044813,3.98363891869559,4.111002934354605,-0.12736401565901545,-0.08075781293187667,-0.07332784847625007,0.007429964455626603,3.9811919156372735,10.0,5.506352774044813,False,alternative
phase7cr2f_internal_validation_30c_012,internal_validation,historical_neighborhood,measured,0,0.55078125,9.01332778009163,8.92369662460053,7.013327780091631,3.9616222984944027,4.074508102802499,-0.11288580430809603,-0.11288580430809603,-0.08157250803427374,0.03131329627382229,3.958557357810954,10.0,7.013327780091631,False,default
phase7cr2f_internal_validation_30c_012,internal_validation,historical_neighborhood,measured,1,0.552729396605581,7.013327780091631,8.848857723580885,5.538707525022128,3.9616222984944027,4.074508102802499,-0.11288580430809603,-0.08157250803427374,-0.061941590206032515,0.019630917828241223,3.9493745053859044,10.0,5.538707525022128,False,default
phase7cr2f_internal_validation_30c_012,internal_validation,historical_neighborhood,measured,2,0.5542679264736428,5.538707525022128,7.538707525022128,5.504029505268231,3.9616222984944027,4.074508102802499,-0.11288580430809603,-0.061941590206032515,-0.05408957539574066,0.007852014810291852,3.9590392984140066,10.0,5.504029505268231,False,default
phase7cr2f_internal_validation_30c_012,internal_validation,historical_neighborhood,zero,0,0.55078125,9.01332778009163,8.92369662460053,7.013327780091631,3.9616222984944027,4.074508102802499,-0.11288580430809603,0.0,-0.0815725080341334,0.0,3.9585573578110944,10.0,7.013327780091631,False,default
phase7cr2f_internal_validation_30c_012,internal_validation,historical_neighborhood,zero,1,0.552729396605581,7.013327780091631,8.848857723580885,5.538707525022128,3.9616222984944027,4.074508102802499,-0.11288580430809603,-0.0815725080341334,-0.0619415902057332,0.019630917828400207,3.9493745053862037,10.0,5.538707525022128,False,default
phase7cr2f_internal_validation_30c_012,internal_validation,historical_neighborhood,zero,2,0.5542679264736428,5.538707525022128,7.538707525022128,5.504029505268231,3.9616222984944027,4.074508102802499,-0.11288580430809603,-0.0619415902057332,-0.05408957539551951,0.007852014810213692,3.9590392984142277,10.0,5.504029505268231,False,default
phase7cr2f_internal_validation_30c_013,internal_validation,historical_neighborhood,measured,0,0.6099951171875,9.536443148688049,7.613243849499494,7.536443148688049,4.018331204652183,4.122262182446309,-0.10393097779412575,-0.10393097779412575,-0.07497333624488345,0.028957641549242297,4.0169525063661,10.0,7.536443148688049,False,default
phase7cr2f_internal_validation_30c_013,internal_validation,historical_neighborhood,measured,1,0.6120885736176911,7.536443148688049,7.527126869411649,5.536443148688049,4.018331204652183,4.122262182446309,-0.10393097779412575,-0.07497333624488345,-0.053732966374383295,0.021240369870500153,3.9997561605456013,10.0,5.536443148688049,False,default
phase7cr2f_internal_validation_30c_013,internal_validation,historical_neighborhood,measured,2,0.6136264744923267,5.536443148688049,7.468055155598218,5.496856422535534,4.018331204652183,4.122262182446309,-0.10393097779412575,-0.053732966374383295,-0.04728519847153123,0.006447767902852064,4.009230012211594,10.0,5.496856422535534,False,default
phase7cr2f_internal_validation_30c_013,internal_validation,historical_neighborhood,zero,0,0.6099951171875,9.536443148688049,7.613243849499494,7.536443148688049,4.018331204652183,4.122262182446309,-0.10393097779412575,0.0,-0.07497333624470404,0.0,4.016952506366279,10.0,7.536443148688049,False,default
phase7cr2f_internal_validation_30c_013,internal_validation,historical_neighborhood,zero,1,0.6120885736176911,7.536443148688049,7.527126869411649,5.536443148688049,4.018331204652183,4.122262182446309,-0.10393097779412575,-0.07497333624470404,-0.053732966374422375,0.02124036987028166,3.9997561605455623,10.0,5.536443148688049,False,default
phase7cr2f_internal_validation_30c_013,internal_validation,historical_neighborhood,zero,2,0.6136264744923267,5.536443148688049,7.468055155598218,5.496856422535534,4.018331204652183,4.122262182446309,-0.10393097779412575,-0.053732966374422375,-0.04728519847161117,0.006447767902811208,4.009230012211514,10.0,5.496856422535534,False,default
phase7cr2f_internal_validation_30c_014,internal_validation,historical_neighborhood,measured,0,0.5766210937499999,9.957934194085796,8.110338806628095,7.957934194085796,3.9955107733300372,4.137238936197669,-0.14172816286763146,-0.14172816286763146,-0.10867989551004165,0.03304826735758981,3.995589725895363,10.0,7.957934194085796,False,default
phase7cr2f_internal_validation_30c_014,internal_validation,historical_neighborhood,measured,1,0.5788316310261349,7.957934194085796,8.029333574563944,5.957934194085796,3.9955107733300372,4.137238936197669,-0.14172816286763146,-0.10867989551004165,-0.08367836843150478,0.025001527078536867,3.9800688513432316,10.0,5.957934194085796,False,default
phase7cr2f_internal_validation_30c_014,internal_validation,historical_neighborhood,measured,2,0.5804866127467142,5.957934194085796,7.957934194085796,5.487594026170736,3.9955107733300372,4.137238936197669,-0.14172816286763146,-0.08367836843150478,-0.07255727416051538,0.011121094270989396,3.981965551107538,10.0,5.487594026170736,False,alternative
phase7cr2f_internal_validation_30c_014,internal_validation,historical_neighborhood,zero,0,0.5766210937499999,9.957934194085796,8.110338806628095,7.957934194085796,3.9955107733300372,4.137238936197669,-0.14172816286763146,0.0,-0.10867989551006474,0.0,3.99558972589534,10.0,7.957934194085796,False,default
phase7cr2f_internal_validation_30c_014,internal_validation,historical_neighborhood,zero,1,0.5788316310261349,7.957934194085796,8.029333574563944,5.957934194085796,3.9955107733300372,4.137238936197669,-0.14172816286763146,-0.10867989551006474,-0.08367836843175347,0.02500152707831127,3.980068851342983,10.0,5.957934194085796,False,default
phase7cr2f_internal_validation_30c_014,internal_validation,historical_neighborhood,zero,2,0.5804866127467142,5.957934194085796,7.957934194085796,5.487594026170736,3.9955107733300372,4.137238936197669,-0.14172816286763146,-0.08367836843175347,-0.07255727416073032,0.011121094271023146,3.981965551107323,10.0,5.487594026170736,False,alternative
phase7cr2f_internal_validation_30c_015,internal_validation,historical_neighborhood,measured,0,0.5482812499999999,8.197001249479385,9.035453833024317,6.197001249479385,3.9489841777893133,4.041155430663665,-0.09217125287435124,-0.09217125287435124,-0.0646203668788683,0.027550885995482943,3.9420588407258528,10.0,6.197001249479385,False,default
phase7cr2f_internal_validation_30c_015,internal_validation,historical_neighborhood,measured,1,0.5500026392359665,6.197001249479385,8.197001249479383,5.54788493990948,3.9489841777893133,4.041155430663665,-0.09217125287435124,-0.0646203668788683,-0.05232348194997849,0.012296884928889806,3.9454981551193002,10.0,5.54788493990948,False,alternative
phase7cr2f_internal_validation_30c_015,internal_validation,historical_neighborhood,measured,2,0.5515437183859413,5.54788493990948,7.547884939909481,5.513494077199503,3.9489841777893133,4.041155430663665,-0.09217125287435124,-0.05232348194997849,-0.04579591607111366,0.006527565878864827,3.9556336624436157,10.0,5.513494077199503,False,default
phase7cr2f_internal_validation_30c_015,internal_validation,historical_neighborhood,zero,0,0.5482812499999999,8.197001249479385,9.035453833024317,6.197001249479385,3.9489841777893133,4.041155430663665,-0.09217125287435124,0.0,-0.06462036688091155,0.0,3.9420588407238095,10.0,6.197001249479385,False,default
phase7cr2f_internal_validation_30c_015,internal_validation,historical_neighborhood,zero,1,0.5500026392359665,6.197001249479385,8.197001249479383,5.54788493990948,3.9489841777893133,4.041155430663665,-0.09217125287435124,-0.06462036688091155,-0.052323481950036665,0.012296884930874885,3.945498155119242,10.0,5.54788493990948,False,alternative
phase7cr2f_internal_validation_30c_015,internal_validation,historical_neighborhood,zero,2,0.5515437183859413,5.54788493990948,7.547884939909481,5.513494077199503,3.9489841777893133,4.041155430663665,-0.09217125287435124,-0.052323481950036665,-0.04579591607116207,0.006527565878874597,3.9556336624435673,10.0,5.513494077199503,False,default
