profile_name,variant,temperature_c,initial_soc,c_rate,holdout_soc,horizon_s,voltage_rmse_mv,voltage_maximum_absolute_error_mv,temperature_rmse_c,temperature_maximum_absolute_error_c,true_voltage_feasible,predicted_voltage_feasible,voltage_classification,true_temperature_feasible,predicted_temperature_feasible,temperature_classification
t15_soc0.60_c0.5,fixed_2rc_dual,15.0,0.6,0.5,False,5.0,34.63487738296332,34.69079263600028,0.011181444101258833,0.015812949894916883,True,True,true_feasible,True,True,true_feasible
t15_soc0.60_c0.5,fixed_2rc_dual,15.0,0.6,0.5,False,25.0,34.19262855323733,34.69079263600028,0.045276528549852375,0.07372120510373037,True,True,true_feasible,True,True,true_feasible
t15_soc0.60_c0.5,fixed_2rc_dual,15.0,0.6,0.5,False,300.0,30.105539572439667,34.69079263600028,0.37813754570872726,0.578799205547659,True,True,true_feasible,True,True,true_feasible
t15_soc0.60_c0.5,related_2rc_dual,15.0,0.6,0.5,False,5.0,27.150305448642428,27.940296768081296,0.005601123744534614,0.007921185164050826,True,True,true_feasible,True,True,true_feasible
t15_soc0.60_c0.5,related_2rc_dual,15.0,0.6,0.5,False,25.0,27.937452006013224,28.43482183700452,0.02012905437402092,0.031476280477798824,True,True,true_feasible,True,True,true_feasible
t15_soc0.60_c0.5,related_2rc_dual,15.0,0.6,0.5,False,300.0,28.23605645307664,30.73860876125689,0.05128122947156767,0.06477593858565811,True,True,true_feasible,True,True,true_feasible
t15_soc0.60_c0.5,related_2rc_single,15.0,0.6,0.5,False,5.0,27.150305448642428,27.940296768081296,0.005710169104725353,0.008075398591346428,True,True,true_feasible,True,True,true_feasible
t15_soc0.60_c0.5,related_2rc_single,15.0,0.6,0.5,False,25.0,27.937452006013224,28.43482183700452,0.02062993099109581,0.03231915704568067,True,True,true_feasible,True,True,true_feasible
t15_soc0.60_c0.5,related_2rc_single,15.0,0.6,0.5,False,300.0,28.23605645307664,30.73860876125689,0.05502197336764138,0.0688511924364743,True,True,true_feasible,True,True,true_feasible
t15_soc0.60_c1,fixed_2rc_dual,15.0,0.6,1.0,False,5.0,33.44264636944186,33.46359671360011,0.029968073763679087,0.042381256354792285,True,True,true_feasible,True,True,true_feasible
t15_soc0.60_c1,fixed_2rc_dual,15.0,0.6,1.0,False,25.0,32.39239608282106,33.46359671360011,0.11816298824472128,0.1910847520783605,True,True,true_feasible,True,True,true_feasible
t15_soc0.60_c1,fixed_2rc_dual,15.0,0.6,1.0,False,300.0,32.35712296174014,33.46359671360011,0.8542397240637442,1.2257832665386346,True,True,true_feasible,True,True,true_feasible
t15_soc0.60_c1,related_2rc_dual,15.0,0.6,1.0,False,5.0,18.512106122084607,19.96315450685371,0.007646792336782211,0.010814197431328054,True,True,true_feasible,True,True,true_feasible
t15_soc0.60_c1,related_2rc_dual,15.0,0.6,1.0,False,25.0,19.90500274574224,20.748214971753054,0.01804996211361393,0.02324977519112892,True,True,true_feasible,True,True,true_feasible
t15_soc0.60_c1,related_2rc_dual,15.0,0.6,1.0,False,300.0,28.30136337759063,34.366266177491056,0.4999245576405591,0.9811966167555646,True,True,true_feasible,True,True,true_feasible
t15_soc0.60_c1,related_2rc_single,15.0,0.6,1.0,False,5.0,18.512106122084607,19.96315450685371,0.008082973777547678,0.011431051140514015,True,True,true_feasible,True,True,true_feasible
t15_soc0.60_c1,related_2rc_single,15.0,0.6,1.0,False,25.0,19.90500274574224,20.748214971753054,0.019986363368666733,0.025905801479140678,True,True,true_feasible,True,True,true_feasible
t15_soc0.60_c1,related_2rc_single,15.0,0.6,1.0,False,300.0,28.30136337759063,34.366266177491056,0.48526769190403946,0.9620475585243256,True,True,true_feasible,True,True,true_feasible
t15_soc0.60_c2,fixed_2rc_dual,15.0,0.6,2.0,False,5.0,1.354301570672535,1.5512014658201068,0.06354766398856315,0.08986996826975435,True,True,true_feasible,True,True,true_feasible
t15_soc0.60_c2,fixed_2rc_dual,15.0,0.6,2.0,False,25.0,2.2826631851093993,3.4507523473337187,0.2328178650710364,0.3694994713069697,True,True,true_feasible,True,True,true_feasible
t15_soc0.60_c2,fixed_2rc_dual,15.0,0.6,2.0,False,300.0,25.187629010325814,48.16463995669462,1.01189968313484,1.254940666996017,False,False,true_infeasible,True,True,true_feasible
t15_soc0.60_c2,related_2rc_dual,15.0,0.6,2.0,False,5.0,31.443541025597913,34.092379103189074,0.025737461719021824,0.03639826742409902,True,True,true_feasible,True,True,true_feasible
t15_soc0.60_c2,related_2rc_dual,15.0,0.6,2.0,False,25.0,27.284876475849195,34.092379103189074,0.17124839924730115,0.3064193227079457,True,True,true_feasible,True,True,true_feasible
t15_soc0.60_c2,related_2rc_dual,15.0,0.6,2.0,False,300.0,26.52995078048295,48.689462442961684,4.427424102896458,7.908269158033164,False,False,true_infeasible,True,False,false_conservative
t15_soc0.60_c2,related_2rc_single,15.0,0.6,2.0,False,5.0,31.443541025597913,34.092379103189074,0.023992735955959958,0.033930852587355176,True,True,true_feasible,True,True,true_feasible
t15_soc0.60_c2,related_2rc_single,15.0,0.6,2.0,False,25.0,27.284876475849195,34.092379103189074,0.16324079676917583,0.29293329762180775,True,True,true_feasible,True,True,true_feasible
t15_soc0.60_c2,related_2rc_single,15.0,0.6,2.0,False,300.0,26.52995078048295,48.689462442961684,4.365972128822297,7.831672925108279,False,False,true_infeasible,True,False,false_conservative
t15_soc0.65_c0.5,fixed_2rc_dual,15.0,0.65,0.5,True,5.0,31.601789641904396,32.300894621617445,0.011317759393709851,0.01600572883025997,True,True,true_feasible,True,True,true_feasible
t15_soc0.65_c0.5,fixed_2rc_dual,15.0,0.65,0.5,True,25.0,32.53811200083642,33.43262341903763,0.04588473700390121,0.07473778759205096,True,True,true_feasible,True,True,true_feasible
t15_soc0.65_c0.5,fixed_2rc_dual,15.0,0.65,0.5,True,300.0,35.22881573960484,36.55780317840662,0.38621570979005376,0.5918496054802986,True,True,true_feasible,True,True,true_feasible
t15_soc0.65_c0.5,related_2rc_dual,15.0,0.65,0.5,True,5.0,32.214522298317355,32.90838380372296,0.006681942645593725,0.009449693912397805,True,True,true_feasible,True,True,true_feasible
t15_soc0.65_c0.5,related_2rc_dual,15.0,0.65,0.5,True,25.0,32.62375542614975,32.972512765373274,0.02320753566705918,0.035970830984430435,True,True,true_feasible,True,True,true_feasible
t15_soc0.65_c0.5,related_2rc_dual,15.0,0.65,0.5,True,300.0,35.54295638573419,37.258298142544,0.0689753432420547,0.08299571167629871,True,True,true_feasible,True,True,true_feasible
t15_soc0.65_c0.5,related_2rc_single,15.0,0.65,0.5,True,5.0,32.214522298317355,32.90838380372296,0.006782968053551333,0.009592565414475729,True,True,true_feasible,True,True,true_feasible
t15_soc0.65_c0.5,related_2rc_single,15.0,0.65,0.5,True,25.0,32.62375542614975,32.972512765373274,0.023687906254846285,0.03678607558063263,True,True,true_feasible,True,True,true_feasible
t15_soc0.65_c0.5,related_2rc_single,15.0,0.65,0.5,True,300.0,35.54295638573419,37.258298142544,0.07282753254011644,0.08757424124614133,True,True,true_feasible,True,True,true_feasible
t15_soc0.65_c1,fixed_2rc_dual,15.0,0.65,1.0,True,5.0,31.240778036535282,32.61301302327002,0.03028374698302144,0.042827685702864216,True,True,true_feasible,True,True,true_feasible
t15_soc0.65_c1,fixed_2rc_dual,15.0,0.65,1.0,True,25.0,33.27810234581037,35.31878522042842,0.11972666066929494,0.19377050590916234,True,True,true_feasible,True,True,true_feasible
t15_soc0.65_c1,fixed_2rc_dual,15.0,0.65,1.0,True,300.0,37.73324118583581,41.206123273758166,0.8635595938371364,1.2376365813384815,False,False,true_infeasible,True,True,true_feasible
t15_soc0.65_c1,related_2rc_dual,15.0,0.65,1.0,True,5.0,28.13581650003286,29.4911453075839,0.01174047999055819,0.016603546031417338,True,True,true_feasible,True,True,true_feasible
t15_soc0.65_c1,related_2rc_dual,15.0,0.65,1.0,True,25.0,29.051410981313694,29.68084931650683,0.029480313724752957,0.038702679478680224,True,True,true_feasible,True,True,true_feasible
t15_soc0.65_c1,related_2rc_dual,15.0,0.65,1.0,True,300.0,34.221363474240995,36.56455657414703,0.4486809626144017,0.9055429591943316,False,True,false_safe,True,True,true_feasible
t15_soc0.65_c1,related_2rc_single,15.0,0.65,1.0,True,5.0,28.13581650003286,29.4911453075839,0.012144581622387364,0.017175032039727256,True,True,true_feasible,True,True,true_feasible
t15_soc0.65_c1,related_2rc_single,15.0,0.65,1.0,True,25.0,29.051410981313694,29.68084931650683,0.03135581099466426,0.041963657863481885,True,True,true_feasible,True,True,true_feasible
t15_soc0.65_c1,related_2rc_single,15.0,0.65,1.0,True,300.0,34.221363474240995,36.56455657414703,0.4344808695632841,0.8865020676141881,False,True,false_safe,True,True,true_feasible
t15_soc0.65_c2,fixed_2rc_dual,15.0,0.65,2.0,True,5.0,3.3753595234879006,4.700276955948546,0.06435902484914144,0.09101740580276285,True,True,true_feasible,True,True,true_feasible
t15_soc0.65_c2,fixed_2rc_dual,15.0,0.65,2.0,True,25.0,4.4931341524798185,7.251042971672561,0.2368866804179302,0.3761775677226389,False,False,true_infeasible,True,True,true_feasible
t15_soc0.65_c2,fixed_2rc_dual,15.0,0.65,2.0,True,300.0,24.303815007850307,43.60449380112552,1.0502590219824002,1.2413763650686107,False,False,true_infeasible,True,True,true_feasible
t15_soc0.65_c2,related_2rc_dual,15.0,0.65,2.0,True,5.0,12.785990597974052,15.21818686785359,0.009814043120710303,0.013879152883022883,True,True,true_feasible,True,True,true_feasible
t15_soc0.65_c2,related_2rc_dual,15.0,0.65,2.0,True,25.0,10.713958891627584,15.21818686785359,0.1294690130679269,0.24409373799930023,False,False,true_infeasible,True,True,true_feasible
t15_soc0.65_c2,related_2rc_dual,15.0,0.65,2.0,True,300.0,24.896505071705185,44.92355708691598,4.1846899729740406,7.434077049816132,False,False,true_infeasible,True,False,false_conservative
t15_soc0.65_c2,related_2rc_single,15.0,0.65,2.0,True,5.0,12.785990597974052,15.21818686785359,0.008197636593392345,0.011593208849781433,True,True,true_feasible,True,True,true_feasible
t15_soc0.65_c2,related_2rc_single,15.0,0.65,2.0,True,25.0,10.713958891627584,15.21818686785359,0.12185845090386968,0.23104982446008648,False,False,true_infeasible,True,True,true_feasible
t15_soc0.65_c2,related_2rc_single,15.0,0.65,2.0,True,300.0,24.896505071705185,44.92355708691598,4.123853112159975,7.357913483495537,False,False,true_infeasible,True,False,false_conservative
t15_soc0.70_c0.5,fixed_2rc_dual,15.0,0.7,0.5,False,5.0,36.695823179436545,37.111603697389306,0.01153938894810287,0.016319160351905282,True,True,true_feasible,True,True,true_feasible
t15_soc0.70_c0.5,fixed_2rc_dual,15.0,0.7,0.5,False,25.0,37.21533871850403,37.76805258109661,0.04684938714799949,0.07633316920103006,True,True,true_feasible,True,True,true_feasible
t15_soc0.70_c0.5,fixed_2rc_dual,15.0,0.7,0.5,False,300.0,38.48776532919291,39.832824942029,0.3968329652553039,0.6096610548037038,True,True,true_feasible,True,True,true_feasible
t15_soc0.70_c0.5,related_2rc_dual,15.0,0.7,0.5,False,5.0,36.06101279601929,37.09323536642817,0.007848075808594836,0.011098855247047013,True,True,true_feasible,True,True,true_feasible
t15_soc0.70_c0.5,related_2rc_dual,15.0,0.7,0.5,False,25.0,33.09357515638288,37.09323536642817,0.025328344836997314,0.03839849782877636,True,True,true_feasible,True,True,true_feasible
t15_soc0.70_c0.5,related_2rc_dual,15.0,0.7,0.5,False,300.0,33.865974656049026,37.64608956380133,0.05860148669824923,0.0744585650629972,True,True,true_feasible,True,True,true_feasible
t15_soc0.70_c0.5,related_2rc_single,15.0,0.7,0.5,False,5.0,36.06101279601929,37.09323536642817,0.007941081264318058,0.011230384823905482,True,True,true_feasible,True,True,true_feasible
t15_soc0.70_c0.5,related_2rc_single,15.0,0.7,0.5,False,25.0,33.09357515638288,37.09323536642817,0.02579820041683715,0.03920792377254578,True,True,true_feasible,True,True,true_feasible
t15_soc0.70_c0.5,related_2rc_single,15.0,0.7,0.5,False,300.0,33.865974656049026,37.64608956380133,0.06238357564830059,0.0785908819633665,True,True,true_feasible,True,True,true_feasible
t15_soc0.70_c1,fixed_2rc_dual,15.0,0.7,1.0,False,5.0,36.092817439655185,36.83843237039053,0.03079360564914468,0.04354873474338916,True,True,true_feasible,True,True,true_feasible
t15_soc0.70_c1,fixed_2rc_dual,15.0,0.7,1.0,False,25.0,37.14224084302511,38.431091239123916,0.12189174320657974,0.1973101713254355,True,True,true_feasible,True,True,true_feasible
t15_soc0.70_c1,fixed_2rc_dual,15.0,0.7,1.0,False,300.0,36.72409500894681,43.846176306912454,0.8877773040036204,1.2814655266665511,False,False,true_infeasible,True,True,true_feasible
t15_soc0.70_c1,related_2rc_dual,15.0,0.7,1.0,False,5.0,34.859484039448056,36.96738696754931,0.01602835309111506,0.022667514323959637,True,True,true_feasible,True,True,true_feasible
t15_soc0.70_c1,related_2rc_dual,15.0,0.7,1.0,False,25.0,29.135225492449866,36.96738696754931,0.03659375724176056,0.04657924700500793,True,True,true_feasible,True,True,true_feasible
t15_soc0.70_c1,related_2rc_dual,15.0,0.7,1.0,False,300.0,26.93495319650885,36.96738696754931,0.5219118274066059,1.034642153891447,False,False,true_infeasible,True,True,true_feasible
t15_soc0.70_c1,related_2rc_single,15.0,0.7,1.0,False,5.0,34.859484039448056,36.96738696754931,0.016400374914009197,0.02319363263139529,True,True,true_feasible,True,True,true_feasible
t15_soc0.70_c1,related_2rc_single,15.0,0.7,1.0,False,25.0,29.135225492449866,36.96738696754931,0.03840722328047457,0.04908800409172542,True,True,true_feasible,True,True,true_feasible
t15_soc0.70_c1,related_2rc_single,15.0,0.7,1.0,False,300.0,26.93495319650885,36.96738696754931,0.507128679536965,1.0149538004425551,False,False,true_infeasible,True,True,true_feasible
t15_soc0.70_c2,fixed_2rc_dual,15.0,0.7,2.0,False,5.0,2.427086531677119,3.3076677430461388,0.06540695461485507,0.09249940228984954,True,True,true_feasible,True,True,true_feasible
t15_soc0.70_c2,fixed_2rc_dual,15.0,0.7,2.0,False,25.0,5.24948454167897,8.540632796771419,0.24093258593226147,0.38262834973861715,False,False,true_infeasible,True,True,true_feasible
t15_soc0.70_c2,fixed_2rc_dual,15.0,0.7,2.0,False,300.0,26.481795147951527,62.760557586222454,1.1881106266821548,1.5027049998972508,False,False,true_infeasible,True,True,true_feasible
t15_soc0.70_c2,related_2rc_dual,15.0,0.7,2.0,False,5.0,4.679578605079985,5.123559136754885,0.006345944382736589,0.008974520612131442,True,False,false_conservative,True,True,true_feasible
t15_soc0.70_c2,related_2rc_dual,15.0,0.7,2.0,False,25.0,14.943049632073276,20.535868108010114,0.1118555453171336,0.22432639221747408,False,False,true_infeasible,True,True,true_feasible
t15_soc0.70_c2,related_2rc_dual,15.0,0.7,2.0,False,300.0,37.35581979543909,61.24430104813072,4.415430491186777,7.761725722334745,False,False,true_infeasible,True,False,false_conservative
t15_soc0.70_c2,related_2rc_single,15.0,0.7,2.0,False,5.0,4.679578605079985,5.123559136754885,0.007834031674315654,0.011078993841877605,True,False,false_conservative,True,True,true_feasible
t15_soc0.70_c2,related_2rc_single,15.0,0.7,2.0,False,25.0,14.943049632073276,20.535868108010114,0.10462593501031088,0.21137557711713129,False,False,true_infeasible,True,True,true_feasible
t15_soc0.70_c2,related_2rc_single,15.0,0.7,2.0,False,300.0,37.35581979543909,61.24430104813072,4.352555250420683,7.682972308539171,False,False,true_infeasible,True,False,false_conservative
t15_soc0.75_c0.5,fixed_2rc_dual,15.0,0.75,0.5,True,5.0,36.08433809796848,36.623759958702706,0.01186761226698497,0.016783338220955457,True,True,true_feasible,True,True,true_feasible
t15_soc0.75_c0.5,fixed_2rc_dual,15.0,0.75,0.5,True,25.0,37.26399678058852,38.528281401378095,0.048255693820205205,0.07866532007525429,True,True,true_feasible,True,True,true_feasible
t15_soc0.75_c0.5,fixed_2rc_dual,15.0,0.75,0.5,True,300.0,40.132594054185276,42.419878048028714,0.4130363244735223,0.6368929088488144,True,True,true_feasible,True,True,true_feasible
t15_soc0.75_c0.5,related_2rc_dual,15.0,0.75,0.5,True,5.0,35.06026755078044,36.34792004647025,0.007699608450951779,0.010888890696298503,True,True,true_feasible,True,True,true_feasible
t15_soc0.75_c0.5,related_2rc_dual,15.0,0.75,0.5,True,25.0,33.282147209281035,36.34792004647025,0.024512512278304782,0.03730372237011359,True,True,true_feasible,True,True,true_feasible
t15_soc0.75_c0.5,related_2rc_dual,15.0,0.75,0.5,True,300.0,29.928305435476815,36.34792004647025,0.04970804050396745,0.0736698622673444,True,True,true_feasible,True,True,true_feasible
t15_soc0.75_c0.5,related_2rc_single,15.0,0.75,0.5,True,5.0,35.06026755078044,36.34792004647025,0.007796661574066239,0.011026144539277638,True,True,true_feasible,True,True,true_feasible
t15_soc0.75_c0.5,related_2rc_single,15.0,0.75,0.5,True,25.0,33.282147209281035,36.34792004647025,0.025000567159001164,0.03814072643547206,True,True,true_feasible,True,True,true_feasible
t15_soc0.75_c0.5,related_2rc_single,15.0,0.75,0.5,True,300.0,29.928305435476815,36.34792004647025,0.05226873478950206,0.0772675117903141,True,True,true_feasible,True,True,true_feasible
t15_soc0.75_c1,fixed_2rc_dual,15.0,0.75,1.0,True,5.0,35.87288986223513,36.919587446273994,0.03153203944424794,0.04459303783133883,True,True,true_feasible,True,True,true_feasible
t15_soc0.75_c1,fixed_2rc_dual,15.0,0.75,1.0,True,25.0,38.19800725560111,40.69815821697187,0.1251594464151291,0.20274459031990233,True,True,true_feasible,True,True,true_feasible
t15_soc0.75_c1,fixed_2rc_dual,15.0,0.75,1.0,True,300.0,30.332280753455446,47.830549446348236,0.9280703594314268,1.3572658469754764,False,False,true_infeasible,True,True,true_feasible
t15_soc0.75_c1,related_2rc_dual,15.0,0.75,1.0,True,5.0,31.598373351432777,34.137528142339946,0.014860024180118947,0.021015247732716347,True,True,true_feasible,True,True,true_feasible
t15_soc0.75_c1,related_2rc_dual,15.0,0.75,1.0,True,25.0,28.003862447267192,34.137528142339946,0.031098012175769664,0.03881574983487468,True,True,true_feasible,True,True,true_feasible
t15_soc0.75_c1,related_2rc_dual,15.0,0.75,1.0,True,300.0,25.27898023447276,74.9698276375108,0.6665869224658686,1.352671456524142,False,False,true_infeasible,True,True,true_feasible
t15_soc0.75_c1,related_2rc_single,15.0,0.75,1.0,True,5.0,31.598373351432777,34.137528142339946,0.015248236672573018,0.021564263104627557,True,True,true_feasible,True,True,true_feasible
t15_soc0.75_c1,related_2rc_single,15.0,0.75,1.0,True,25.0,28.003862447267192,34.137528142339946,0.03296389935111684,0.041423465556743366,True,True,true_feasible,True,True,true_feasible
t15_soc0.75_c1,related_2rc_single,15.0,0.75,1.0,True,300.0,25.27898023447276,74.9698276375108,0.6509633068380855,1.3310480047724838,False,False,true_infeasible,True,True,true_feasible
t15_soc0.75_c2,fixed_2rc_dual,15.0,0.75,2.0,True,5.0,3.0979786159350633,4.349638178739568,0.06703585697783021,0.09480301810335057,False,False,true_infeasible,True,True,true_feasible
t15_soc0.75_c2,fixed_2rc_dual,15.0,0.75,2.0,True,25.0,6.451205945743295,8.561015762309943,0.24841833418031725,0.3951980350901536,False,False,true_infeasible,True,True,true_feasible
t15_soc0.75_c2,fixed_2rc_dual,15.0,0.75,2.0,True,300.0,51.82146504468725,122.05696198289485,1.4093085603960829,2.0340176586044905,False,False,true_infeasible,True,True,true_feasible
t15_soc0.75_c2,related_2rc_dual,15.0,0.75,2.0,True,5.0,10.208911377807537,14.107623803424119,0.00034779592131924824,0.0004918577088677267,False,False,true_infeasible,True,True,true_feasible
t15_soc0.75_c2,related_2rc_dual,15.0,0.75,2.0,True,25.0,18.482396828906648,22.2068356558216,0.1380669838850112,0.26658752819211173,False,False,true_infeasible,True,True,true_feasible
t15_soc0.75_c2,related_2rc_dual,15.0,0.75,2.0,True,300.0,52.799558893516014,92.782005758548,4.900750499451732,8.805731555394033,False,False,true_infeasible,True,False,false_conservative
t15_soc0.75_c2,related_2rc_single,15.0,0.75,2.0,True,5.0,10.208911377807537,14.107623803424119,0.00190064589113302,0.0026879191965090143,False,False,true_infeasible,True,True,true_feasible
t15_soc0.75_c2,related_2rc_single,15.0,0.75,2.0,True,25.0,18.482396828906648,22.2068356558216,0.13039534082863977,0.2531954631463904,False,False,true_infeasible,True,True,true_feasible
t15_soc0.75_c2,related_2rc_single,15.0,0.75,2.0,True,300.0,52.799558893516014,92.782005758548,4.83427987392012,8.7192377483874,False,False,true_infeasible,True,False,false_conservative
t15_soc0.80_c0.5,fixed_2rc_dual,15.0,0.8,0.5,False,5.0,40.51577368954862,41.077089635146,0.012312947581512131,0.017413137462563455,True,True,true_feasible,True,True,true_feasible
t15_soc0.80_c0.5,fixed_2rc_dual,15.0,0.8,0.5,False,25.0,41.435504217784434,42.23948867586902,0.050184137888497966,0.08185723548151635,True,True,true_feasible,True,True,true_feasible
t15_soc0.80_c0.5,fixed_2rc_dual,15.0,0.8,0.5,False,300.0,34.69991453554494,42.9775347575827,0.43446128695777586,0.6726024984014671,False,True,false_safe,True,True,true_feasible
t15_soc0.80_c0.5,related_2rc_dual,15.0,0.8,0.5,False,5.0,34.70661224983459,36.191848249957914,0.007668253088956293,0.01084454751811137,True,True,true_feasible,True,True,true_feasible
t15_soc0.80_c0.5,related_2rc_dual,15.0,0.8,0.5,False,25.0,35.18506910901224,36.748652035421436,0.025393122750520417,0.03972869891309472,True,True,true_feasible,True,True,true_feasible
t15_soc0.80_c0.5,related_2rc_dual,15.0,0.8,0.5,False,300.0,22.713477770073595,47.09862453935898,0.061047361419953095,0.09303294818366226,False,False,true_infeasible,True,True,true_feasible
t15_soc0.80_c0.5,related_2rc_single,15.0,0.8,0.5,False,5.0,34.70661224983459,36.191848249957914,0.007769353879458224,0.01098752562720584,True,True,true_feasible,True,True,true_feasible
t15_soc0.80_c0.5,related_2rc_single,15.0,0.8,0.5,False,25.0,35.18506910901224,36.748652035421436,0.02589089448971494,0.040571174065743065,True,True,true_feasible,True,True,true_feasible
t15_soc0.80_c0.5,related_2rc_single,15.0,0.8,0.5,False,300.0,22.713477770073595,47.09862453935898,0.062302007044233394,0.09002785725444262,False,False,true_infeasible,True,True,true_feasible
t15_soc0.80_c1,fixed_2rc_dual,15.0,0.8,1.0,False,5.0,40.479821675802654,41.46107216147499,0.03254694923236285,0.04602833701827613,False,True,false_safe,True,True,true_feasible
t15_soc0.80_c1,fixed_2rc_dual,15.0,0.8,1.0,False,25.0,41.038695141745144,41.73004435165151,0.12962126569619203,0.21016304358520443,False,False,true_infeasible,True,True,true_feasible
t15_soc0.80_c1,fixed_2rc_dual,15.0,0.8,1.0,False,300.0,21.43168745975895,41.73004435165151,0.9910925893016035,1.4758348470219538,False,False,true_infeasible,True,True,true_feasible
t15_soc0.80_c1,related_2rc_dual,15.0,0.8,1.0,False,5.0,28.96351104494996,31.964741073761793,0.01396817126213573,0.01975397724046246,False,True,false_safe,True,True,true_feasible
t15_soc0.80_c1,related_2rc_dual,15.0,0.8,1.0,False,25.0,28.5484783160809,31.964741073761793,0.03097272372717594,0.041648897311517885,False,False,true_infeasible,True,True,true_feasible
t15_soc0.80_c1,related_2rc_dual,15.0,0.8,1.0,False,300.0,32.338099214799456,61.962965503432166,0.7594276913002046,1.5867069393185425,False,False,true_infeasible,True,True,true_feasible
t15_soc0.80_c1,related_2rc_single,15.0,0.8,1.0,False,5.0,28.96351104494996,31.964741073761793,0.014372574424148478,0.020325889676847453,False,True,false_safe,True,True,true_feasible
t15_soc0.80_c1,related_2rc_single,15.0,0.8,1.0,False,25.0,28.5484783160809,31.964741073761793,0.03291383727568673,0.045018797922116605,False,False,true_infeasible,True,True,true_feasible
t15_soc0.80_c1,related_2rc_single,15.0,0.8,1.0,False,300.0,32.338099214799456,61.962965503432166,0.7431834121784504,1.5631631266606227,False,False,true_infeasible,True,True,true_feasible
t15_soc0.80_c2,fixed_2rc_dual,15.0,0.8,2.0,False,5.0,6.793055018651112,7.941646952033921,0.0692908036715782,0.09799199430007732,False,False,true_infeasible,True,True,true_feasible
t15_soc0.80_c2,fixed_2rc_dual,15.0,0.8,2.0,False,25.0,5.7825115319963185,8.013890384355626,0.25857039060345177,0.412185514200452,False,False,true_infeasible,True,True,true_feasible
t15_soc0.80_c2,fixed_2rc_dual,15.0,0.8,2.0,False,300.0,89.14356131317247,184.39463307850357,1.7449048653914545,2.8832217507469196,False,False,true_infeasible,True,True,true_feasible
t15_soc0.80_c2,related_2rc_dual,15.0,0.8,2.0,False,5.0,18.129537413826228,23.76860382676238,0.0050243082093252575,0.007105444811170258,False,False,true_infeasible,True,True,true_feasible
t15_soc0.80_c2,related_2rc_dual,15.0,0.8,2.0,False,25.0,24.54702400727163,30.316699027010507,0.14174829504504202,0.2618710708943013,False,False,true_infeasible,True,True,true_feasible
t15_soc0.80_c2,related_2rc_dual,15.0,0.8,2.0,False,300.0,53.442152125308965,101.35564591126834,5.148335176599434,9.36694539461515,False,False,true_infeasible,True,False,false_conservative
t15_soc0.80_c2,related_2rc_single,15.0,0.8,2.0,False,5.0,18.129537413826228,23.76860382676238,0.0034066955612767798,0.004817795065633845,False,False,true_infeasible,True,True,true_feasible
t15_soc0.80_c2,related_2rc_single,15.0,0.8,2.0,False,25.0,24.54702400727163,30.316699027010507,0.13385601477148001,0.2483914684519064,False,False,true_infeasible,True,True,true_feasible
t15_soc0.80_c2,related_2rc_single,15.0,0.8,2.0,False,300.0,53.442152125308965,101.35564591126834,5.078625553954271,9.272770143983493,False,False,true_infeasible,True,False,false_conservative
t25_soc0.60_c0.5,fixed_2rc_dual,25.0,0.6,0.5,False,5.0,14.980981922794484,15.051663562370088,0.007132412817455624,0.010086754938889442,True,True,true_feasible,True,True,true_feasible
t25_soc0.60_c0.5,fixed_2rc_dual,25.0,0.6,0.5,False,25.0,14.586743146944315,15.051663562370088,0.02812427850431586,0.04547650483678112,True,True,true_feasible,True,True,true_feasible
t25_soc0.60_c0.5,fixed_2rc_dual,25.0,0.6,0.5,False,300.0,11.27977736826717,15.051663562370088,0.20488612001466242,0.2981297293468792,True,True,true_feasible,True,True,true_feasible
t25_soc0.60_c0.5,related_2rc_dual,25.0,0.6,0.5,False,5.0,14.906163094174838,15.659955311499996,0.0030977815573274676,0.004380924691641752,True,True,true_feasible,True,True,true_feasible
t25_soc0.60_c0.5,related_2rc_dual,25.0,0.6,0.5,False,25.0,15.589513529024991,16.059376001983594,0.009455541712252552,0.013784955903819451,True,True,true_feasible,True,True,true_feasible
t25_soc0.60_c0.5,related_2rc_dual,25.0,0.6,0.5,False,300.0,15.949153385085621,18.63011013235072,0.07441842338595223,0.155658953678401,True,True,true_feasible,True,True,true_feasible
t25_soc0.60_c0.5,related_2rc_single,25.0,0.6,0.5,False,5.0,14.906163094174838,15.659955311499996,0.003193345871807998,0.0045160730412590055,True,True,true_feasible,True,True,true_feasible
t25_soc0.60_c0.5,related_2rc_single,25.0,0.6,0.5,False,25.0,15.589513529024991,16.059376001983594,0.009898646726910765,0.01453959255813686,True,True,true_feasible,True,True,true_feasible
t25_soc0.60_c0.5,related_2rc_single,25.0,0.6,0.5,False,300.0,15.949153385085621,18.63011013235072,0.07126353284170463,0.1511787415679855,True,True,true_feasible,True,True,true_feasible
t25_soc0.60_c1,fixed_2rc_dual,25.0,0.6,1.0,False,5.0,10.392628253511504,10.545980379196518,0.020471846388311805,0.028951562809169218,True,True,true_feasible,True,True,true_feasible
t25_soc0.60_c1,fixed_2rc_dual,25.0,0.6,1.0,False,25.0,9.728858325262653,10.545980379196518,0.07842523937635965,0.1258525940733506,True,True,true_feasible,True,True,true_feasible
t25_soc0.60_c1,fixed_2rc_dual,25.0,0.6,1.0,False,300.0,11.544167555532187,13.061859256820796,0.4732924433365681,0.6115584973422727,True,True,true_feasible,True,True,true_feasible
t25_soc0.60_c1,related_2rc_dual,25.0,0.6,1.0,False,5.0,10.320955790771398,11.763113406543013,0.004333321347801691,0.006128241820182012,True,True,true_feasible,True,True,true_feasible
t25_soc0.60_c1,related_2rc_dual,25.0,0.6,1.0,False,25.0,11.784921148880308,12.628491073234382,0.005804824459629177,0.008687524851740847,True,True,true_feasible,True,True,true_feasible
t25_soc0.60_c1,related_2rc_dual,25.0,0.6,1.0,False,300.0,21.119155839334557,27.246178175300173,0.636583959031961,1.2039320073476034,True,True,true_feasible,True,True,true_feasible
t25_soc0.60_c1,related_2rc_single,25.0,0.6,1.0,False,5.0,10.320955790771398,11.763113406543013,0.0047155786057213,0.006668835218647473,True,True,true_feasible,True,True,true_feasible
t25_soc0.60_c1,related_2rc_single,25.0,0.6,1.0,False,25.0,11.784921148880308,12.628491073234382,0.0069847481438622865,0.009829920070600906,True,True,true_feasible,True,True,true_feasible
t25_soc0.60_c1,related_2rc_single,25.0,0.6,1.0,False,300.0,21.119155839334557,27.246178175300173,0.6226179038615512,1.1860111589059912,True,True,true_feasible,True,True,true_feasible
t25_soc0.60_c2,fixed_2rc_dual,25.0,0.6,2.0,False,5.0,26.327415505278587,26.484164044110692,0.04296429856686309,0.06076069373110471,True,True,true_feasible,True,True,true_feasible
t25_soc0.60_c2,fixed_2rc_dual,25.0,0.6,2.0,False,25.0,25.962577231580696,27.160425011948597,0.14860142091155787,0.23196459203248665,True,True,true_feasible,True,True,true_feasible
t25_soc0.60_c2,fixed_2rc_dual,25.0,0.6,2.0,False,300.0,35.799221946941046,65.71828730655938,0.3946254381921178,0.5961139600318077,False,False,true_infeasible,False,False,true_infeasible
t25_soc0.60_c2,related_2rc_dual,25.0,0.6,2.0,False,5.0,26.86912955134599,29.67536561245776,0.02158980159519244,0.03053259022486543,True,True,true_feasible,True,True,true_feasible
t25_soc0.60_c2,related_2rc_dual,25.0,0.6,2.0,False,25.0,22.3097165280465,29.67536561245776,0.15257815570451905,0.27510019089487514,True,True,true_feasible,True,True,true_feasible
t25_soc0.60_c2,related_2rc_dual,25.0,0.6,2.0,False,300.0,21.014125677582435,39.955750731487605,4.195985616256372,7.506303080654668,False,False,true_infeasible,False,False,true_infeasible
t25_soc0.60_c2,related_2rc_single,25.0,0.6,2.0,False,5.0,26.86912955134599,29.67536561245776,0.020060772563511492,0.028370216631000034,True,True,true_feasible,True,True,true_feasible
t25_soc0.60_c2,related_2rc_single,25.0,0.6,2.0,False,25.0,22.3097165280465,29.67536561245776,0.14544112250611163,0.2630260044259174,True,True,true_feasible,True,True,true_feasible
t25_soc0.60_c2,related_2rc_single,25.0,0.6,2.0,False,300.0,21.014125677582435,39.955750731487605,4.138845283020036,7.43461968688819,False,False,true_infeasible,False,False,true_infeasible
t25_soc0.65_c0.5,fixed_2rc_dual,25.0,0.65,0.5,True,5.0,11.882799964076616,12.582002615526111,0.007252316501322134,0.010256324354791957,True,True,true_feasible,True,True,true_feasible
t25_soc0.65_c0.5,fixed_2rc_dual,25.0,0.65,0.5,True,25.0,12.861152203350297,13.780778929921578,0.028666099272556783,0.046387030135939256,True,True,true_feasible,True,True,true_feasible
t25_soc0.65_c0.5,fixed_2rc_dual,25.0,0.65,0.5,True,300.0,16.142142721201697,17.169182468216526,0.21214884121902636,0.30975503615739086,True,True,true_feasible,True,True,true_feasible
t25_soc0.65_c0.5,related_2rc_dual,25.0,0.65,0.5,True,5.0,19.906109401252376,20.56761216259151,0.004166711471146824,0.005892619872991389,True,True,true_feasible,True,True,true_feasible
t25_soc0.65_c0.5,related_2rc_dual,25.0,0.65,0.5,True,25.0,20.21395610282404,20.578172688848095,0.012497601749819768,0.018212423230195895,True,True,true_feasible,True,True,true_feasible
t25_soc0.65_c0.5,related_2rc_dual,25.0,0.65,0.5,True,300.0,23.204345580286518,24.786006644026415,0.05702786351419974,0.12667394530176423,True,True,true_feasible,True,True,true_feasible
t25_soc0.65_c0.5,related_2rc_single,25.0,0.65,0.5,True,5.0,19.906109401252376,20.56761216259151,0.004254247365494955,0.006016414321972974,True,True,true_feasible,True,True,true_feasible
t25_soc0.65_c0.5,related_2rc_single,25.0,0.65,0.5,True,25.0,20.21395610282404,20.578172688848095,0.012920200000781907,0.018939217752084403,True,True,true_feasible,True,True,true_feasible
t25_soc0.65_c0.5,related_2rc_single,25.0,0.65,0.5,True,300.0,23.204345580286518,24.786006644026415,0.05423148171000531,0.1222246610506943,True,True,true_feasible,True,True,true_feasible
t25_soc0.65_c1,fixed_2rc_dual,25.0,0.65,1.0,True,5.0,8.278673728951919,9.668921996213165,0.02077926144979576,0.029386313358397587,True,True,true_feasible,True,True,true_feasible
t25_soc0.65_c1,fixed_2rc_dual,25.0,0.65,1.0,True,25.0,10.73488478416138,13.038763426794553,0.07995490898766693,0.1284806918625172,True,True,true_feasible,True,True,true_feasible
t25_soc0.65_c1,fixed_2rc_dual,25.0,0.65,1.0,True,300.0,16.948923125917485,19.789521349482087,0.48248028135696547,0.6224081292874395,False,False,true_infeasible,True,True,true_feasible
t25_soc0.65_c1,related_2rc_dual,25.0,0.65,1.0,True,5.0,19.920993527359308,21.303295010449474,0.008436841329092006,0.011931495431191763,True,True,true_feasible,True,True,true_feasible
t25_soc0.65_c1,related_2rc_dual,25.0,0.65,1.0,True,25.0,20.932420279015222,21.52428929116379,0.01614167545531725,0.020901431076921995,True,True,true_feasible,True,True,true_feasible
t25_soc0.65_c1,related_2rc_dual,25.0,0.65,1.0,True,300.0,26.88737916157456,29.553516076081365,0.5809901787187548,1.1233077965491738,False,True,false_safe,True,True,true_feasible
t25_soc0.65_c1,related_2rc_single,25.0,0.65,1.0,True,5.0,19.920993527359308,21.303295010449474,0.008786984906484527,0.012426673227118101,True,True,true_feasible,True,True,true_feasible
t25_soc0.65_c1,related_2rc_single,25.0,0.65,1.0,True,25.0,20.932420279015222,21.52428929116379,0.017707711958014124,0.022541788819339104,True,True,true_feasible,True,True,true_feasible
t25_soc0.65_c1,related_2rc_single,25.0,0.65,1.0,True,300.0,26.88737916157456,29.553516076081365,0.5673586791889936,1.105510659544919,False,True,false_safe,True,True,true_feasible
t25_soc0.65_c2,fixed_2rc_dual,25.0,0.65,2.0,True,5.0,27.104039959210972,30.053901729920618,0.04377545149031852,0.06190783719661397,True,True,true_feasible,True,True,true_feasible
t25_soc0.65_c2,fixed_2rc_dual,25.0,0.65,2.0,True,25.0,21.992948247363106,30.053901729920618,0.15269260910054824,0.23871855374997963,False,False,true_infeasible,True,True,true_feasible
t25_soc0.65_c2,fixed_2rc_dual,25.0,0.65,2.0,True,300.0,36.73482331151281,61.77144086211417,0.38951826851166965,0.5787929614226925,False,False,true_infeasible,False,False,true_infeasible
t25_soc0.65_c2,related_2rc_dual,25.0,0.65,2.0,True,5.0,8.326327856372709,10.71765291833593,0.005594228992499012,0.007911434512212878,True,True,true_feasible,True,True,true_feasible
t25_soc0.65_c2,related_2rc_dual,25.0,0.65,2.0,True,25.0,5.822459154752794,10.71765291833593,0.11068614219530971,0.2120751567419532,False,False,true_infeasible,True,True,true_feasible
t25_soc0.65_c2,related_2rc_dual,25.0,0.65,2.0,True,300.0,18.93219165833637,36.403235000102896,3.9360863092211944,7.001117828915774,False,False,true_infeasible,False,False,true_infeasible
t25_soc0.65_c2,related_2rc_single,25.0,0.65,2.0,True,5.0,8.326327856372709,10.71765291833593,0.0041936546829389725,0.0059307233285217364,True,True,true_feasible,True,True,true_feasible
t25_soc0.65_c2,related_2rc_single,25.0,0.65,2.0,True,25.0,5.822459154752794,10.71765291833593,0.1039657830642407,0.20044644439168735,False,False,true_infeasible,True,True,true_feasible
t25_soc0.65_c2,related_2rc_single,25.0,0.65,2.0,True,300.0,18.93219165833637,36.403235000102896,3.879618750321574,6.929929280898733,False,False,true_infeasible,False,False,true_infeasible
t25_soc0.70_c0.5,fixed_2rc_dual,25.0,0.7,0.5,False,5.0,16.839098789915916,17.266003023009624,0.00744780454391078,0.010532786195902588,True,True,true_feasible,True,True,true_feasible
t25_soc0.70_c0.5,fixed_2rc_dual,25.0,0.7,0.5,False,25.0,17.397282947378244,17.98458738351183,0.029522671685802304,0.04780714794562613,True,True,true_feasible,True,True,true_feasible
t25_soc0.70_c0.5,fixed_2rc_dual,25.0,0.7,0.5,False,300.0,19.23574322956363,20.248430351044178,0.22161178226681483,0.32565478999758213,True,True,true_feasible,True,True,true_feasible
t25_soc0.70_c0.5,related_2rc_dual,25.0,0.7,0.5,False,5.0,23.62979680509651,24.70168071700929,0.005311225743688314,0.007511207479549142,True,True,true_feasible,True,True,true_feasible
t25_soc0.70_c0.5,related_2rc_dual,25.0,0.7,0.5,False,25.0,20.57966192714521,24.70168071700929,0.014524370617269954,0.02041328966585354,True,True,true_feasible,True,True,true_feasible
t25_soc0.70_c0.5,related_2rc_dual,25.0,0.7,0.5,False,300.0,21.321003023150887,25.197297010466357,0.07252919766427837,0.15549296806956647,True,True,true_feasible,True,True,true_feasible
t25_soc0.70_c0.5,related_2rc_single,25.0,0.7,0.5,False,5.0,23.62979680509651,24.70168071700929,0.0053907332179040455,0.007623648027895058,True,True,true_feasible,True,True,true_feasible
t25_soc0.70_c0.5,related_2rc_single,25.0,0.7,0.5,False,25.0,20.57966192714521,24.70168071700929,0.014934865503247689,0.021134717496678945,True,True,true_feasible,True,True,true_feasible
t25_soc0.70_c0.5,related_2rc_single,25.0,0.7,0.5,False,300.0,21.321003023150887,25.197297010466357,0.06946130207063246,0.15087804694742601,True,True,true_feasible,True,True,true_feasible
t25_soc0.70_c1,fixed_2rc_dual,25.0,0.7,1.0,False,5.0,13.01136684053894,13.869214033001676,0.02127544844832183,0.03008802774118635,True,True,true_feasible,True,True,true_feasible
t25_soc0.70_c1,fixed_2rc_dual,25.0,0.7,1.0,False,25.0,14.46642387309154,16.116782839942445,0.08207654518773061,0.13196131332930605,True,True,true_feasible,True,True,true_feasible
t25_soc0.70_c1,fixed_2rc_dual,25.0,0.7,1.0,False,300.0,16.70104973630258,22.475375647148077,0.5051470184955558,0.6635260450948124,False,False,true_infeasible,True,True,true_feasible
t25_soc0.70_c1,related_2rc_dual,25.0,0.7,1.0,False,5.0,26.612961786102343,28.694006143075157,0.012729133247431969,0.01800171287577257,True,True,true_feasible,True,True,true_feasible
t25_soc0.70_c1,related_2rc_dual,25.0,0.7,1.0,False,25.0,21.045867346343435,28.694006143075157,0.023282845007194113,0.030022437009424863,True,True,true_feasible,True,True,true_feasible
t25_soc0.70_c1,related_2rc_dual,25.0,0.7,1.0,False,300.0,19.554740034933673,28.694006143075157,0.6593870394086543,1.2610649871737678,False,False,true_infeasible,True,True,true_feasible
t25_soc0.70_c1,related_2rc_single,25.0,0.7,1.0,False,5.0,26.612961786102343,28.694006143075157,0.013047163144289869,0.018451475069149126,True,True,true_feasible,True,True,true_feasible
t25_soc0.70_c1,related_2rc_single,25.0,0.7,1.0,False,25.0,21.045867346343435,28.694006143075157,0.02479279981419318,0.03160611253948176,True,True,true_feasible,True,True,true_feasible
t25_soc0.70_c1,related_2rc_single,25.0,0.7,1.0,False,300.0,19.554740034933673,28.694006143075157,0.6452335761488982,1.2426053026851918,False,False,true_infeasible,True,True,true_feasible
t25_soc0.70_c2,fixed_2rc_dual,25.0,0.7,2.0,False,5.0,22.91675990732526,24.433663106991688,0.04483348442653548,0.06340412172444942,True,True,true_feasible,True,True,true_feasible
t25_soc0.70_c2,fixed_2rc_dual,25.0,0.7,2.0,False,25.0,19.505752760681165,24.433663106991688,0.1568155788364563,0.24530658161026864,False,False,true_infeasible,True,True,true_feasible
t25_soc0.70_c2,fixed_2rc_dual,25.0,0.7,2.0,False,300.0,33.78852570805143,56.541332638160746,0.4824862879101371,0.6133803677964487,False,False,true_infeasible,False,False,true_infeasible
t25_soc0.70_c2,related_2rc_dual,25.0,0.7,2.0,False,5.0,6.204207080553646,8.768714085165108,0.010648223622955944,0.01505886226276587,True,True,true_feasible,True,True,true_feasible
t25_soc0.70_c2,related_2rc_dual,25.0,0.7,2.0,False,25.0,11.030794068712291,15.000220419486787,0.09425730949196504,0.1929951508660821,False,False,true_infeasible,True,True,true_feasible
t25_soc0.70_c2,related_2rc_dual,25.0,0.7,2.0,False,300.0,34.103370158406335,70.08033878852693,4.178289081653976,7.3478041747503084,False,False,true_infeasible,False,False,true_infeasible
t25_soc0.70_c2,related_2rc_single,25.0,0.7,2.0,False,5.0,6.204207080553646,8.768714085165108,0.0119203432104001,0.016857911036289863,True,True,true_feasible,True,True,true_feasible
t25_soc0.70_c2,related_2rc_single,25.0,0.7,2.0,False,25.0,11.030794068712291,15.000220419486787,0.08798692540751855,0.18145230557294667,False,False,true_infeasible,True,True,true_feasible
t25_soc0.70_c2,related_2rc_single,25.0,0.7,2.0,False,300.0,34.103370158406335,70.08033878852693,4.119721297145117,7.273965436795983,False,False,true_infeasible,False,False,true_infeasible
t25_soc0.75_c0.5,fixed_2rc_dual,25.0,0.75,0.5,True,5.0,16.06477309169354,16.624987261717017,0.007734063095164922,0.01093761692143147,True,True,true_feasible,True,True,true_feasible
t25_soc0.75_c0.5,fixed_2rc_dual,25.0,0.75,0.5,True,25.0,17.28067148255978,18.569077372668552,0.030777609634887185,0.049891574063927635,True,True,true_feasible,True,True,true_feasible
t25_soc0.75_c0.5,fixed_2rc_dual,25.0,0.75,0.5,True,300.0,20.729998731972017,22.709694362751165,0.23621591971662764,0.35026522348952227,True,True,true_feasible,True,True,true_feasible
t25_soc0.75_c0.5,related_2rc_dual,25.0,0.75,0.5,True,5.0,21.467614031051163,23.432044693025844,0.0041872189201115455,0.005921621785446973,True,True,true_feasible,True,True,true_feasible
t25_soc0.75_c0.5,related_2rc_dual,25.0,0.75,0.5,True,25.0,25.506059151944456,28.335282825945995,0.015844138828320725,0.02504818447087942,True,True,true_feasible,True,True,true_feasible
t25_soc0.75_c0.5,related_2rc_dual,25.0,0.75,0.5,True,300.0,22.80206633736358,28.487076887631524,0.06344328100199856,0.1425967314725085,True,True,true_feasible,True,True,true_feasible
t25_soc0.75_c0.5,related_2rc_single,25.0,0.75,0.5,True,5.0,21.467614031051163,23.432044693025844,0.004278656731519511,0.006050934378453832,True,True,true_feasible,True,True,true_feasible
t25_soc0.75_c0.5,related_2rc_single,25.0,0.75,0.5,True,25.0,25.506059151944456,28.335282825945995,0.01626016669685477,0.025747054487716525,True,True,true_feasible,True,True,true_feasible
t25_soc0.75_c0.5,related_2rc_single,25.0,0.75,0.5,True,300.0,22.80206633736358,28.487076887631524,0.061095070817899604,0.1378066574651946,True,True,true_feasible,True,True,true_feasible
t25_soc0.75_c1,fixed_2rc_dual,25.0,0.75,1.0,True,5.0,12.76222437711815,13.905438708763818,0.021994610272616396,0.031105076146644706,True,True,true_feasible,True,True,true_feasible
t25_soc0.75_c1,fixed_2rc_dual,25.0,0.75,1.0,True,25.0,15.55275609519644,18.357025959651274,0.08526815885222253,0.1372695316326613,True,True,true_feasible,True,True,true_feasible
t25_soc0.75_c1,fixed_2rc_dual,25.0,0.75,1.0,True,300.0,18.24688994743532,46.87255849412075,0.5436316884112289,0.7379585176895738,False,False,true_infeasible,True,True,true_feasible
t25_soc0.75_c1,related_2rc_dual,25.0,0.75,1.0,True,5.0,21.46371942397433,25.23701353594454,0.007807233572407916,0.011041095602713824,True,True,true_feasible,True,True,true_feasible
t25_soc0.75_c1,related_2rc_dual,25.0,0.75,1.0,True,25.0,29.918320281233914,35.54466387073063,0.025610639822937473,0.037895973260461346,True,True,true_feasible,True,True,true_feasible
t25_soc0.75_c1,related_2rc_dual,25.0,0.75,1.0,True,300.0,22.37041648097719,49.36777983162077,0.6167445552501525,1.2334893021585245,False,False,true_infeasible,True,True,true_feasible
t25_soc0.75_c1,related_2rc_single,25.0,0.75,1.0,True,5.0,21.46371942397433,25.23701353594454,0.00817298481803978,0.011558345974741258,True,True,true_feasible,True,True,true_feasible
t25_soc0.75_c1,related_2rc_single,25.0,0.75,1.0,True,25.0,29.918320281233914,35.54466387073063,0.027265379789360417,0.04069145332781687,True,True,true_feasible,True,True,true_feasible
t25_soc0.75_c1,related_2rc_single,25.0,0.75,1.0,True,300.0,22.37041648097719,49.36777983162077,0.6029051956049573,1.2143290061292689,False,False,true_infeasible,True,True,true_feasible
t25_soc0.75_c2,fixed_2rc_dual,25.0,0.75,2.0,True,5.0,22.650531939967962,24.82509828545698,0.046466424325124114,0.06571344747557362,False,False,true_infeasible,True,True,true_feasible
t25_soc0.75_c2,fixed_2rc_dual,25.0,0.75,2.0,True,25.0,18.415835231045982,24.82509828545698,0.16429802108239885,0.25787078213532055,False,False,true_infeasible,True,True,true_feasible
t25_soc0.75_c2,fixed_2rc_dual,25.0,0.75,2.0,True,300.0,48.0855925472756,104.78623593911074,0.6839487540661363,0.8845182650510708,False,False,true_infeasible,False,False,true_infeasible
t25_soc0.75_c2,related_2rc_dual,25.0,0.75,2.0,True,5.0,11.585461874692134,16.38381448873716,0.010283082475714831,0.014542474700157015,False,False,true_infeasible,True,True,true_feasible
t25_soc0.75_c2,related_2rc_dual,25.0,0.75,2.0,True,25.0,14.129307600338162,17.68169245477491,0.07583603353816339,0.13962345135348997,False,False,true_infeasible,True,True,true_feasible
t25_soc0.75_c2,related_2rc_dual,25.0,0.75,2.0,True,300.0,59.28710673415985,136.83463360277503,3.8958200466727972,7.001273014341443,False,False,true_infeasible,False,False,true_infeasible
t25_soc0.75_c2,related_2rc_single,25.0,0.75,2.0,True,5.0,11.585461874692134,16.38381448873716,0.00882007749319994,0.012473473212065045,False,False,true_infeasible,True,True,true_feasible
t25_soc0.75_c2,related_2rc_single,25.0,0.75,2.0,True,25.0,14.129307600338162,17.68169245477491,0.06922112028318599,0.12844153108407852,False,False,true_infeasible,True,True,true_feasible
t25_soc0.75_c2,related_2rc_single,25.0,0.75,2.0,True,300.0,59.28710673415985,136.83463360277503,3.8372111422390884,6.924631830224442,False,False,true_infeasible,False,False,true_infeasible
t25_soc0.80_c0.5,fixed_2rc_dual,25.0,0.8,0.5,False,5.0,20.2633908220439,20.84748895661459,0.00813168361178097,0.011499937248707681,True,True,true_feasible,True,True,true_feasible
t25_soc0.80_c0.5,fixed_2rc_dual,25.0,0.8,0.5,False,25.0,21.21714764121029,22.056615022941095,0.03250748091704493,0.052759168832288594,True,True,true_feasible,True,True,true_feasible
t25_soc0.80_c0.5,fixed_2rc_dual,25.0,0.8,0.5,False,300.0,16.236969097218417,24.744482389897904,0.2554217132136483,0.38226814377996376,True,True,true_feasible,True,True,true_feasible
t25_soc0.80_c0.5,related_2rc_dual,25.0,0.8,0.5,False,5.0,17.135378318403223,19.45931567108161,0.0031745740618991944,0.004489525693095686,True,True,true_feasible,True,True,true_feasible
t25_soc0.80_c0.5,related_2rc_dual,25.0,0.8,0.5,False,25.0,22.196316814301888,25.59564998768238,0.01256276659967021,0.020077231699904274,True,True,true_feasible,True,True,true_feasible
t25_soc0.80_c0.5,related_2rc_dual,25.0,0.8,0.5,False,300.0,16.055770093479026,38.58982316125559,0.12700943473058315,0.2859998658667493,True,False,false_conservative,True,True,true_feasible
t25_soc0.80_c0.5,related_2rc_single,25.0,0.8,0.5,False,5.0,17.135378318403223,19.45931567108161,0.003277942210499395,0.004635710330763487,True,True,true_feasible,True,True,true_feasible
t25_soc0.80_c0.5,related_2rc_single,25.0,0.8,0.5,False,25.0,22.196316814301888,25.59564998768238,0.013019826674575316,0.020838935367358147,True,True,true_feasible,True,True,true_feasible
t25_soc0.80_c0.5,related_2rc_single,25.0,0.8,0.5,False,300.0,16.055770093479026,38.58982316125559,0.12358909837468371,0.2804176185828062,True,False,false_conservative,True,True,true_feasible
t25_soc0.80_c1,fixed_2rc_dual,25.0,0.8,1.0,False,5.0,17.29170445139476,18.38667919950332,0.0229843752638764,0.032504815220846695,True,True,true_feasible,True,True,true_feasible
t25_soc0.80_c1,fixed_2rc_dual,25.0,0.8,1.0,False,25.0,18.239950462245975,18.8689420607977,0.08962453336641014,0.1445205669270777,False,False,true_infeasible,True,True,true_feasible
t25_soc0.80_c1,fixed_2rc_dual,25.0,0.8,1.0,False,300.0,17.69640651721359,34.06801829300665,0.6057032761357805,0.8568427361138049,False,False,true_infeasible,True,True,true_feasible
t25_soc0.80_c1,related_2rc_dual,25.0,0.8,1.0,False,5.0,11.744434212750834,15.60661212407144,0.0031559370643543267,0.00446316899840582,True,True,true_feasible,True,True,true_feasible
t25_soc0.80_c1,related_2rc_dual,25.0,0.8,1.0,False,25.0,20.71443149000886,25.37339005270578,0.009930660384229887,0.013792818397526219,False,True,false_safe,True,True,true_feasible
t25_soc0.80_c1,related_2rc_dual,25.0,0.8,1.0,False,300.0,36.724606516062536,52.23836123595582,0.8957007501723957,1.8162293024730722,False,False,true_infeasible,True,True,true_feasible
t25_soc0.80_c1,related_2rc_single,25.0,0.8,1.0,False,5.0,11.744434212750834,15.60661212407144,0.0035694096587501043,0.005047907549069919,True,True,true_feasible,True,True,true_feasible
t25_soc0.80_c1,related_2rc_single,25.0,0.8,1.0,False,25.0,20.71443149000886,25.37339005270578,0.011739176985674653,0.016839633067338156,False,True,false_safe,True,True,true_feasible
t25_soc0.80_c1,related_2rc_single,25.0,0.8,1.0,False,300.0,36.724606516062536,52.23836123595582,0.8800402585141694,1.7939003133373177,False,False,true_infeasible,True,True,true_feasible
t25_soc0.80_c2,fixed_2rc_dual,25.0,0.8,2.0,False,5.0,18.385019160316688,19.9434511724359,0.04872777107205801,0.0689114747143158,False,False,true_infeasible,True,True,true_feasible
t25_soc0.80_c2,fixed_2rc_dual,25.0,0.8,2.0,False,25.0,22.859952201462516,30.793442936294824,0.17437640186997377,0.2747125010615541,False,False,true_infeasible,True,True,true_feasible
t25_soc0.80_c2,fixed_2rc_dual,25.0,0.8,2.0,False,300.0,79.51235106995337,167.66079241875343,1.0163119589422847,1.743621585589473,False,False,true_infeasible,False,False,true_infeasible
t25_soc0.80_c2,related_2rc_dual,25.0,0.8,2.0,False,5.0,32.876980100097825,40.82240742731713,0.030585981726035324,0.0432551101754548,False,False,true_infeasible,True,True,true_feasible
t25_soc0.80_c2,related_2rc_dual,25.0,0.8,2.0,False,25.0,22.232709315236395,40.82240742731713,0.14512152508526394,0.24819849305665187,False,False,true_infeasible,True,True,true_feasible
t25_soc0.80_c2,related_2rc_dual,25.0,0.8,2.0,False,300.0,55.76196364340059,111.27105535192783,4.903572690822846,8.948666568758007,False,False,true_infeasible,False,False,true_infeasible
t25_soc0.80_c2,related_2rc_single,25.0,0.8,2.0,False,5.0,32.876980100097825,40.82240742731713,0.028932091348454723,0.04091615597280196,False,False,true_infeasible,True,True,true_feasible
t25_soc0.80_c2,related_2rc_single,25.0,0.8,2.0,False,25.0,22.232709315236395,40.82240742731713,0.13780519496029162,0.23601123437740412,False,False,true_infeasible,True,True,true_feasible
t25_soc0.80_c2,related_2rc_single,25.0,0.8,2.0,False,300.0,55.76196364340059,111.27105535192783,4.8381735735887315,8.85935061221496,False,False,true_infeasible,False,False,true_infeasible
t30_soc0.60_c0.5,fixed_2rc_dual,30.0,0.6,0.5,False,5.0,6.648908885506607,6.715071460432931,0.005415696864354247,0.00765895195527122,True,True,true_feasible,True,True,true_feasible
t30_soc0.60_c0.5,fixed_2rc_dual,30.0,0.6,0.5,False,25.0,6.238537817976992,6.715071460432931,0.020828974573094745,0.033449818879283555,True,True,true_feasible,True,True,true_feasible
t30_soc0.60_c0.5,fixed_2rc_dual,30.0,0.6,0.5,False,300.0,3.7099525487942766,8.216784288161083,0.13059002887352725,0.1772419016808513,True,True,true_feasible,True,True,true_feasible
t30_soc0.60_c0.5,related_2rc_dual,30.0,0.6,0.5,False,5.0,10.056896775843548,10.781070612876142,0.0021070318769045434,0.002979793056670843,True,True,true_feasible,True,True,true_feasible
t30_soc0.60_c0.5,related_2rc_dual,30.0,0.6,0.5,False,25.0,10.653409968091223,11.133475045588703,0.00525447648958142,0.006820995095825566,True,True,true_feasible,True,True,true_feasible
t30_soc0.60_c0.5,related_2rc_dual,30.0,0.6,0.5,False,300.0,10.965094798757676,13.721849487159599,0.11840451060105071,0.2301870806510209,True,True,true_feasible,True,True,true_feasible
t30_soc0.60_c0.5,related_2rc_single,30.0,0.6,0.5,False,5.0,10.056896775843548,10.781070612876142,0.0021951594024671377,0.0031044241985398457,True,True,true_feasible,True,True,true_feasible
t30_soc0.60_c0.5,related_2rc_single,30.0,0.6,0.5,False,25.0,10.653409968091223,11.133475045588703,0.005658637458587504,0.007433333361337446,True,True,true_feasible,True,True,true_feasible
t30_soc0.60_c0.5,related_2rc_single,30.0,0.6,0.5,False,300.0,10.965094798757676,13.721849487159599,0.11515086194501853,0.22590718747590444,True,True,true_feasible,True,True,true_feasible
t30_soc0.60_c1,fixed_2rc_dual,30.0,0.6,1.0,False,5.0,0.34999355616564803,0.48725910493496727,0.016072610424203427,0.02273010364464767,True,True,true_feasible,True,True,true_feasible
t30_soc0.60_c1,fixed_2rc_dual,30.0,0.6,1.0,False,25.0,0.9639423350260472,1.3489243487954106,0.059954612665024457,0.09549975353472107,True,True,true_feasible,True,True,true_feasible
t30_soc0.60_c1,fixed_2rc_dual,30.0,0.6,1.0,False,300.0,2.161048715967148,3.6169961846059806,0.29644325313988484,0.3622294646413309,True,True,true_feasible,True,True,true_feasible
t30_soc0.60_c1,related_2rc_dual,30.0,0.6,1.0,False,5.0,6.66158849386734,8.045544711203778,0.002837950474404611,0.004013468050246161,True,True,true_feasible,True,True,true_feasible
t30_soc0.60_c1,related_2rc_dual,30.0,0.6,1.0,False,25.0,8.096900006900148,8.915691139378179,0.005507006649566821,0.01138297488947515,True,True,true_feasible,True,True,true_feasible
t30_soc0.60_c1,related_2rc_dual,30.0,0.6,1.0,False,300.0,17.84916989324923,23.880859201300453,0.7007078390303169,1.3078002171052248,True,True,true_feasible,True,False,false_conservative
t30_soc0.60_c1,related_2rc_single,30.0,0.6,1.0,False,5.0,6.66158849386734,8.045544711203778,0.0031904605766549894,0.004511992617722171,True,True,true_feasible,True,True,true_feasible
t30_soc0.60_c1,related_2rc_single,30.0,0.6,1.0,False,25.0,8.096900006900148,8.915691139378179,0.004788911580589831,0.008566188537074026,True,True,true_feasible,True,True,true_feasible
t30_soc0.60_c1,related_2rc_single,30.0,0.6,1.0,False,300.0,17.84916989324923,23.880859201300453,0.687312737664375,1.2906806444048016,True,True,true_feasible,True,False,false_conservative
t30_soc0.60_c2,fixed_2rc_dual,30.0,0.6,2.0,False,5.0,38.25466132724765,38.57980956498697,0.03313974533031486,0.046866677299721715,True,True,true_feasible,True,True,true_feasible
t30_soc0.60_c2,fixed_2rc_dual,30.0,0.6,2.0,False,25.0,37.421589232600816,38.66065803123231,0.10838179198375313,0.16620872695600752,True,True,true_feasible,True,True,true_feasible
t30_soc0.60_c2,fixed_2rc_dual,30.0,0.6,2.0,False,300.0,43.35407827767955,74.11790682234721,0.36354859919854937,0.808619369048678,False,False,true_infeasible,False,False,true_infeasible
t30_soc0.60_c2,related_2rc_dual,30.0,0.6,2.0,False,5.0,24.92112954252172,27.802693164166392,0.019798894468897987,0.027999865077909192,True,True,true_feasible,True,True,true_feasible
t30_soc0.60_c2,related_2rc_dual,30.0,0.6,2.0,False,25.0,20.189699373904457,27.802693164166392,0.14440489948637225,0.26132218674076313,True,True,true_feasible,True,True,true_feasible
t30_soc0.60_c2,related_2rc_dual,30.0,0.6,2.0,False,300.0,18.870081620320015,35.93413108106702,4.093030609633982,7.3274830863585905,False,False,true_infeasible,False,False,true_infeasible
t30_soc0.60_c2,related_2rc_single,30.0,0.6,2.0,False,5.0,24.92112954252172,27.802693164166392,0.018388854059891453,0.026005766807998043,True,True,true_feasible,True,True,true_feasible
t30_soc0.60_c2,related_2rc_single,30.0,0.6,2.0,False,25.0,20.189699373904457,27.802693164166392,0.13776093421203495,0.25005504133116574,True,True,true_feasible,True,True,true_feasible
t30_soc0.60_c2,related_2rc_single,30.0,0.6,2.0,False,300.0,18.870081620320015,35.93413108106702,4.03862322387955,7.259004795556919,False,False,true_infeasible,False,False,true_infeasible
t30_soc0.65_c0.5,fixed_2rc_dual,30.0,0.65,0.5,True,5.0,3.5477529164487285,4.1909180562273995,0.005524577774134807,0.007812932814566409,True,True,true_feasible,True,True,true_feasible
t30_soc0.65_c0.5,fixed_2rc_dual,30.0,0.65,0.5,True,25.0,4.5140063613544665,5.381176603528548,0.021316922825568747,0.03426737838795546,True,True,true_feasible,True,True,true_feasible
t30_soc0.65_c0.5,fixed_2rc_dual,30.0,0.65,0.5,True,300.0,7.938530164759746,8.777769282559689,0.13722787117864682,0.1877141953271817,True,True,true_feasible,True,True,true_feasible
t30_soc0.65_c0.5,related_2rc_dual,30.0,0.65,0.5,True,5.0,15.009682015512402,15.646461967655068,0.003167675964916009,0.004479770310787501,True,True,true_feasible,True,True,true_feasible
t30_soc0.65_c0.5,related_2rc_dual,30.0,0.65,0.5,True,25.0,15.247588202781598,15.646461967655068,0.00824836261118009,0.011086313590869423,True,True,true_feasible,True,True,true_feasible
t30_soc0.65_c0.5,related_2rc_dual,30.0,0.65,0.5,True,300.0,18.153241148198934,19.65773191992337,0.0998012820692665,0.2016347913960388,True,True,true_feasible,True,True,true_feasible
t30_soc0.65_c0.5,related_2rc_single,30.0,0.65,0.5,True,5.0,15.009682015512402,15.646461967655068,0.0032478685514455282,0.0045931797542593245,True,True,true_feasible,True,True,true_feasible
t30_soc0.65_c0.5,related_2rc_single,30.0,0.65,0.5,True,25.0,15.247588202781598,15.646461967655068,0.008635261245333295,0.011762892161399918,True,True,true_feasible,True,True,true_feasible
t30_soc0.65_c0.5,related_2rc_single,30.0,0.65,0.5,True,300.0,18.153241148198934,19.65773191992337,0.0966725496179366,0.1973873727052542,True,True,true_feasible,True,True,true_feasible
t30_soc0.65_c1,fixed_2rc_dual,30.0,0.65,1.0,True,5.0,3.0121766803723147,4.144443250956087,0.01637002873146624,0.023150716648476788,True,True,true_feasible,True,True,true_feasible
t30_soc0.65_c1,fixed_2rc_dual,30.0,0.65,1.0,True,25.0,2.163874539035636,4.144443250956087,0.06143479514145894,0.09804009031425309,True,True,true_feasible,True,True,true_feasible
t30_soc0.65_c1,fixed_2rc_dual,30.0,0.65,1.0,True,300.0,7.421702176470541,9.712298260363461,0.3053921361001397,0.3713674536462719,False,False,true_infeasible,True,True,true_feasible
t30_soc0.65_c1,related_2rc_dual,30.0,0.65,1.0,True,5.0,16.20792653592961,17.589352486669263,0.006942421494591049,0.009818066633361155,True,True,true_feasible,True,True,true_feasible
t30_soc0.65_c1,related_2rc_dual,30.0,0.65,1.0,True,25.0,17.229679190821155,17.818326713210375,0.01059023216336941,0.014595477096658982,True,True,true_feasible,True,True,true_feasible
t30_soc0.65_c1,related_2rc_dual,30.0,0.65,1.0,True,300.0,23.462379230341384,26.25237449248008,0.6433862106735618,1.2252063307547871,False,True,false_safe,True,False,false_conservative
t30_soc0.65_c1,related_2rc_single,30.0,0.65,1.0,True,5.0,16.20792653592961,17.589352486669263,0.007263191840709125,0.01027170440724845,True,True,true_feasible,True,True,true_feasible
t30_soc0.65_c1,related_2rc_single,30.0,0.65,1.0,True,25.0,17.229679190821155,17.818326713210375,0.011870878903780151,0.01611300907816471,True,True,true_feasible,True,True,true_feasible
t30_soc0.65_c1,related_2rc_single,30.0,0.65,1.0,True,300.0,23.462379230341384,26.25237449248008,0.6302947565363968,1.2082166559916132,False,True,false_safe,True,False,false_conservative
t30_soc0.65_c2,fixed_2rc_dual,30.0,0.65,2.0,True,5.0,38.99197016713002,42.15045721635935,0.03394721691147609,0.04800861456103078,True,True,true_feasible,True,True,true_feasible
t30_soc0.65_c2,fixed_2rc_dual,30.0,0.65,2.0,True,25.0,33.321679885238595,42.15045721635935,0.112437894121308,0.17289250885475482,True,False,false_conservative,True,True,true_feasible
t30_soc0.65_c2,fixed_2rc_dual,30.0,0.65,2.0,True,300.0,44.720517516610386,70.60832287770947,0.2919257714701076,0.5791475736738505,False,False,true_infeasible,False,False,true_infeasible
t30_soc0.65_c2,related_2rc_dual,30.0,0.65,2.0,True,5.0,6.519975112406616,8.797780245327402,0.003763212036037224,0.005321985499449511,True,True,true_feasible,True,True,true_feasible
t30_soc0.65_c2,related_2rc_dual,30.0,0.65,2.0,True,25.0,3.9983716640196314,8.797780245327402,0.10248557997338811,0.1980045278986502,True,True,true_feasible,True,True,true_feasible
t30_soc0.65_c2,related_2rc_dual,30.0,0.65,2.0,True,300.0,16.65481016526513,32.58882860854673,3.8256766357355647,6.808731361245435,False,False,true_infeasible,False,False,true_infeasible
t30_soc0.65_c2,related_2rc_single,30.0,0.65,2.0,True,5.0,6.519975112406616,8.797780245327402,0.0024801306515598977,0.003507434403893228,True,True,true_feasible,True,True,true_feasible
t30_soc0.65_c2,related_2rc_single,30.0,0.65,2.0,True,25.0,3.9983716640196314,8.797780245327402,0.09626380550173261,0.18717927077014807,True,True,true_feasible,True,True,true_feasible
t30_soc0.65_c2,related_2rc_single,30.0,0.65,2.0,True,300.0,16.65481016526513,32.58882860854673,3.771962011548986,6.740772662192683,False,False,true_infeasible,False,False,true_infeasible
t30_soc0.70_c0.5,fixed_2rc_dual,30.0,0.7,0.5,False,5.0,8.370133434929144,8.785657731722019,0.005701911775579341,0.00806372096447916,True,True,true_feasible,True,True,true_feasible
t30_soc0.70_c0.5,fixed_2rc_dual,30.0,0.7,0.5,False,25.0,8.900061456674644,9.451308084003074,0.022104277786402067,0.035580412470796574,True,True,true_feasible,True,True,true_feasible
t30_soc0.70_c0.5,fixed_2rc_dual,30.0,0.7,0.5,False,300.0,10.871162497886504,11.70943104460953,0.14568821351562178,0.20205858775430485,True,True,true_feasible,True,True,true_feasible
t30_soc0.70_c0.5,related_2rc_dual,30.0,0.7,0.5,False,5.0,18.651967789589946,19.74960261811365,0.00429677314459145,0.006076554855521721,True,True,true_feasible,True,True,true_feasible
t30_soc0.70_c0.5,related_2rc_dual,30.0,0.7,0.5,False,25.0,15.550512924421936,19.74960261811365,0.010226055370057175,0.01315446258784192,True,True,true_feasible,True,True,true_feasible
t30_soc0.70_c0.5,related_2rc_dual,30.0,0.7,0.5,False,300.0,16.131721588216305,20.008218371804,0.11721336990999082,0.23283334319123128,True,True,true_feasible,True,True,true_feasible
t30_soc0.70_c0.5,related_2rc_single,30.0,0.7,0.5,False,5.0,18.651967789589946,19.74960261811365,0.004369030792087894,0.006178742600596365,True,True,true_feasible,True,True,true_feasible
t30_soc0.70_c0.5,related_2rc_single,30.0,0.7,0.5,False,25.0,15.550512924421936,19.74960261811365,0.010599622263003365,0.013825963887082793,True,True,true_feasible,True,True,true_feasible
t30_soc0.70_c0.5,related_2rc_single,30.0,0.7,0.5,False,300.0,16.131721588216305,20.008218371804,0.11394300835454017,0.22842027538259302,True,True,true_feasible,True,True,true_feasible
t30_soc0.70_c1,fixed_2rc_dual,30.0,0.7,1.0,False,5.0,2.427774100674992,3.1739124814116337,0.016853058519940223,0.023833823926366904,True,True,true_feasible,True,True,true_feasible
t30_soc0.70_c1,fixed_2rc_dual,30.0,0.7,1.0,False,25.0,4.039454170025743,5.646167157630444,0.06350401677386194,0.10143562665761152,True,True,true_feasible,True,True,true_feasible
t30_soc0.70_c1,fixed_2rc_dual,30.0,0.7,1.0,False,300.0,9.00281482612471,19.28098853921867,0.32738405064330867,0.39918291675519413,False,False,true_infeasible,True,True,true_feasible
t30_soc0.70_c1,related_2rc_dual,30.0,0.7,1.0,False,5.0,22.864545025439977,24.942829272140088,0.011232503995988661,0.01588515949053715,True,True,true_feasible,True,True,true_feasible
t30_soc0.70_c1,related_2rc_dual,30.0,0.7,1.0,False,25.0,17.376545461628393,24.942829272140088,0.017592264423313356,0.023635021202853324,True,True,true_feasible,True,True,true_feasible
t30_soc0.70_c1,related_2rc_dual,30.0,0.7,1.0,False,300.0,16.18193800609492,29.064545546233056,0.7239838628809273,1.3670261116522653,False,False,true_infeasible,True,False,false_conservative
t30_soc0.70_c1,related_2rc_single,30.0,0.7,1.0,False,5.0,22.864545025439977,24.942829272140088,0.011521534585976946,0.01629391047083928,True,True,true_feasible,True,True,true_feasible
t30_soc0.70_c1,related_2rc_single,30.0,0.7,1.0,False,25.0,17.376545461628393,24.942829272140088,0.018878959207277196,0.025096909767125197,True,True,true_feasible,True,True,true_feasible
t30_soc0.70_c1,related_2rc_single,30.0,0.7,1.0,False,300.0,16.18193800609492,29.064545546233056,0.7103847650627557,1.349373840417762,False,False,true_infeasible,True,False,false_conservative
t30_soc0.70_c2,fixed_2rc_dual,30.0,0.7,2.0,False,5.0,34.83655701879261,36.53536640820931,0.035005212762639244,0.04950484664268018,True,True,true_feasible,True,True,true_feasible
t30_soc0.70_c2,fixed_2rc_dual,30.0,0.7,2.0,False,25.0,30.884563961262323,36.53536640820931,0.1165813172939805,0.17952589422632315,False,False,true_infeasible,True,True,true_feasible
t30_soc0.70_c2,fixed_2rc_dual,30.0,0.7,2.0,False,300.0,40.386359308111956,65.64910971442828,0.23102724548464845,0.3596884194658898,False,False,true_infeasible,False,False,true_infeasible
t30_soc0.70_c2,related_2rc_dual,30.0,0.7,2.0,False,5.0,7.690969090224309,10.731549133669027,0.012522994666827969,0.01771018889935405,True,True,true_feasible,True,True,true_feasible
t30_soc0.70_c2,related_2rc_dual,30.0,0.7,2.0,False,25.0,9.676911862251702,12.590871106206158,0.0867259300078735,0.17928930390095132,False,False,true_infeasible,True,True,true_feasible
t30_soc0.70_c2,related_2rc_dual,30.0,0.7,2.0,False,300.0,33.04571270735034,74.08761851915546,4.072886110700315,7.164189217775061,False,False,true_infeasible,False,False,true_infeasible
t30_soc0.70_c2,related_2rc_single,30.0,0.7,2.0,False,5.0,7.690969090224309,10.731549133669027,0.013679117026771062,0.019345192820548363,True,True,true_feasible,True,True,true_feasible
t30_soc0.70_c2,related_2rc_single,30.0,0.7,2.0,False,25.0,9.676911862251702,12.590871106206158,0.0809877609344053,0.16854528311308314,False,False,true_infeasible,True,True,true_feasible
t30_soc0.70_c2,related_2rc_single,30.0,0.7,2.0,False,300.0,33.04571270735034,74.08761851915546,4.017064794210639,7.093580132836934,False,False,true_infeasible,False,False,true_infeasible
t30_soc0.75_c0.5,fixed_2rc_dual,30.0,0.75,0.5,True,5.0,7.478460266797888,8.021599070604069,0.005962639148764157,0.008432445151719037,True,True,true_feasible,True,True,true_feasible
t30_soc0.75_c0.5,fixed_2rc_dual,30.0,0.75,0.5,True,25.0,8.703594220198724,9.960026297111568,0.023243585076391668,0.037468762226886554,True,True,true_feasible,True,True,true_feasible
t30_soc0.75_c0.5,fixed_2rc_dual,30.0,0.75,0.5,True,300.0,12.276665139336775,14.08089749297936,0.159219565535796,0.22490695978925856,True,True,true_feasible,True,True,true_feasible
t30_soc0.75_c0.5,related_2rc_dual,30.0,0.75,0.5,True,5.0,16.392073541051225,18.305364842895244,0.003145836318671651,0.004448884386871299,True,True,true_feasible,True,True,true_feasible
t30_soc0.75_c0.5,related_2rc_dual,30.0,0.75,0.5,True,25.0,20.379265115289087,23.100602441494367,0.011366265103882467,0.017629361651188447,True,True,true_feasible,True,True,true_feasible
t30_soc0.75_c0.5,related_2rc_dual,30.0,0.75,0.5,True,300.0,17.606992821050454,23.21573153668144,0.10368678597492498,0.22000065781181632,True,True,true_feasible,True,True,true_feasible
t30_soc0.75_c0.5,related_2rc_single,30.0,0.75,0.5,True,5.0,16.392073541051225,18.305364842895244,0.0032298631432195776,0.004567716261750121,True,True,true_feasible,True,True,true_feasible
t30_soc0.75_c0.5,related_2rc_single,30.0,0.75,0.5,True,25.0,20.379265115289087,23.100602441494367,0.011751208742369654,0.01827833727948658,True,True,true_feasible,True,True,true_feasible
t30_soc0.75_c0.5,related_2rc_single,30.0,0.75,0.5,True,300.0,17.606992821050454,23.21573153668144,0.10063366440748023,0.21542197141884145,True,True,true_feasible,True,True,true_feasible
t30_soc0.75_c1,fixed_2rc_dual,30.0,0.75,1.0,True,5.0,2.2883106907258357,3.1659340510898915,0.017550143406714163,0.024819650827367923,True,True,true_feasible,True,True,true_feasible
t30_soc0.75_c1,fixed_2rc_dual,30.0,0.75,1.0,True,25.0,5.2898612939022955,7.845866299578397,0.06661112589814744,0.10661235251817658,True,True,true_feasible,True,True,true_feasible
t30_soc0.75_c1,fixed_2rc_dual,30.0,0.75,1.0,True,300.0,19.0559788631749,46.41973757018292,0.36356208098567744,0.4477816646338937,False,False,true_infeasible,True,True,true_feasible
t30_soc0.75_c1,related_2rc_dual,30.0,0.75,1.0,True,5.0,17.75562112828249,21.450925560229983,0.00628293208634163,0.008885407767973419,True,True,true_feasible,True,True,true_feasible
t30_soc0.75_c1,related_2rc_dual,30.0,0.75,1.0,True,25.0,26.246089157265764,31.782245592864022,0.01919928210646226,0.02725475021536994,True,True,true_feasible,True,True,true_feasible
t30_soc0.75_c1,related_2rc_dual,30.0,0.75,1.0,True,300.0,21.64243289192355,49.42006244276964,0.6779831648753372,1.3345576713459621,False,False,true_infeasible,True,False,false_conservative
t30_soc0.75_c1,related_2rc_single,30.0,0.75,1.0,True,5.0,17.75562112828249,21.450925560229983,0.006619039384533336,0.009360735267488707,True,True,true_feasible,True,True,true_feasible
t30_soc0.75_c1,related_2rc_single,30.0,0.75,1.0,True,25.0,26.246089157265764,31.782245592864022,0.020724929295906858,0.029850652728590887,True,True,true_feasible,True,True,true_feasible
t30_soc0.75_c1,related_2rc_single,30.0,0.75,1.0,True,300.0,21.64243289192355,49.42006244276964,0.6646113775419322,1.3162429257740413,False,False,true_infeasible,True,False,false_conservative
t30_soc0.75_c2,fixed_2rc_dual,30.0,0.75,2.0,True,5.0,34.55922165663744,36.93538569470167,0.036633506376904004,0.051807601555498906,False,False,true_infeasible,True,True,true_feasible
t30_soc0.75_c2,fixed_2rc_dual,30.0,0.75,2.0,True,25.0,29.775792109622188,36.93538569470167,0.12403154559133904,0.19204802657598208,False,False,true_infeasible,True,True,true_feasible
t30_soc0.75_c2,fixed_2rc_dual,30.0,0.75,2.0,True,300.0,49.085076752546414,96.4647285431104,0.3484068951291532,0.4425930208660418,False,False,true_infeasible,False,False,true_infeasible
t30_soc0.75_c2,related_2rc_dual,30.0,0.75,2.0,True,5.0,10.343129989299547,14.449905412867281,0.008435338904593664,0.011929370682089768,False,False,true_infeasible,True,True,true_feasible
t30_soc0.75_c2,related_2rc_dual,30.0,0.75,2.0,True,25.0,15.595026056028356,20.23872318649378,0.06741233433092082,0.1253823826352516,False,False,true_infeasible,True,True,true_feasible
t30_soc0.75_c2,related_2rc_dual,30.0,0.75,2.0,True,300.0,60.5717937506757,141.54711562169985,3.775228925026935,6.786165954957838,False,False,true_infeasible,False,False,true_infeasible
t30_soc0.75_c2,related_2rc_single,30.0,0.75,2.0,True,5.0,10.343129989299547,14.449905412867281,0.007090909711831867,0.010028060684035722,False,False,true_infeasible,True,True,true_feasible
t30_soc0.75_c2,related_2rc_single,30.0,0.75,2.0,True,25.0,15.595026056028356,20.23872318649378,0.06129364207839045,0.114998772582382,False,False,true_infeasible,True,True,true_feasible
t30_soc0.75_c2,related_2rc_single,30.0,0.75,2.0,True,300.0,60.5717937506757,141.54711562169985,3.719420034780294,6.712906972670218,False,False,true_infeasible,False,False,true_infeasible
t30_soc0.80_c0.5,fixed_2rc_dual,30.0,0.8,0.5,False,5.0,11.507331652214443,12.078915513174415,0.00632626932084118,0.008946695872758426,True,True,true_feasible,True,True,true_feasible
t30_soc0.80_c0.5,fixed_2rc_dual,30.0,0.8,0.5,False,25.0,12.454058987695669,13.277025858551283,0.024831723116739052,0.04010486028723648,True,True,true_feasible,True,True,true_feasible
t30_soc0.80_c0.5,fixed_2rc_dual,30.0,0.8,0.5,False,300.0,9.798559856940136,24.575648552297658,0.17679760347705906,0.2542734804813236,True,True,true_feasible,True,True,true_feasible
t30_soc0.80_c0.5,related_2rc_dual,30.0,0.8,0.5,False,5.0,11.940696667352388,14.165683048584121,0.00209780229164406,0.002966740452020389,True,True,true_feasible,True,True,true_feasible
t30_soc0.80_c0.5,related_2rc_dual,30.0,0.8,0.5,False,25.0,16.954764753000592,20.186021267192267,0.007937597965566753,0.012422312095875299,True,True,true_feasible,True,True,true_feasible
t30_soc0.80_c0.5,related_2rc_dual,30.0,0.8,0.5,False,300.0,15.963050130783571,38.82330350742169,0.17261616201395233,0.36772934728727336,True,False,false_conservative,True,True,true_feasible
t30_soc0.80_c0.5,related_2rc_single,30.0,0.8,0.5,False,5.0,11.940696667352388,14.165683048584121,0.0021935982932409573,0.0031022164566998356,True,True,true_feasible,True,True,true_feasible
t30_soc0.80_c0.5,related_2rc_single,30.0,0.8,0.5,False,25.0,16.954764753000592,20.186021267192267,0.008363082202679553,0.013133243565405905,True,True,true_feasible,True,True,true_feasible
t30_soc0.80_c0.5,related_2rc_single,30.0,0.8,0.5,False,300.0,15.963050130783571,38.82330350742169,0.16902481813884035,0.3623632196514386,True,False,false_conservative,True,True,true_feasible
t30_soc0.80_c1,fixed_2rc_dual,30.0,0.8,1.0,False,5.0,6.509534268724192,7.5824691248858045,0.018512940858405772,0.026181252041368452,True,True,true_feasible,True,True,true_feasible
t30_soc0.80_c1,fixed_2rc_dual,30.0,0.8,1.0,False,25.0,7.570488525711224,8.194767307908357,0.07085605725596497,0.11368291662396501,False,False,true_infeasible,True,True,true_feasible
t30_soc0.80_c1,fixed_2rc_dual,30.0,0.8,1.0,False,300.0,23.524821446354526,34.3544842015886,0.4238837458963003,0.5634576977198762,False,False,true_infeasible,True,True,true_feasible
t30_soc0.80_c1,related_2rc_dual,30.0,0.8,1.0,False,5.0,8.406278896944743,11.75228369134107,0.0015990727416122699,0.0022614303584092,True,True,true_feasible,True,True,true_feasible
t30_soc0.80_c1,related_2rc_dual,30.0,0.8,1.0,False,25.0,17.154206987578007,21.540858727578716,0.0035697252128786493,0.004950300284885856,False,True,false_safe,True,True,true_feasible
t30_soc0.80_c1,related_2rc_dual,30.0,0.8,1.0,False,300.0,39.19053645406326,55.82823863272157,0.9610476103112726,1.9245536133545045,False,False,true_infeasible,True,False,false_conservative
t30_soc0.80_c1,related_2rc_single,30.0,0.8,1.0,False,5.0,8.406278896944743,11.75228369134107,0.001982256748007395,0.002803334377137645,True,True,true_feasible,True,True,true_feasible
t30_soc0.80_c1,related_2rc_single,30.0,0.8,1.0,False,25.0,17.154206987578007,21.540858727578716,0.005156942220127709,0.006901375729682968,False,True,false_safe,True,True,true_feasible
t30_soc0.80_c1,related_2rc_single,30.0,0.8,1.0,False,300.0,39.19053645406326,55.82823863272157,0.9459193806777663,1.903089102811208,False,False,true_infeasible,True,False,false_conservative
t30_soc0.80_c2,fixed_2rc_dual,30.0,0.8,2.0,False,5.0,30.315061044459327,32.06444523412699,0.038885908623729384,0.05499297936087899,False,False,true_infeasible,True,True,true_feasible
t30_soc0.80_c2,fixed_2rc_dual,30.0,0.8,2.0,False,25.0,34.11673888305229,41.77239008689071,0.1340316100456033,0.2087609256636611,False,False,true_infeasible,True,True,true_feasible
t30_soc0.80_c2,fixed_2rc_dual,30.0,0.8,2.0,False,300.0,76.2940946216244,159.7763629685991,0.6659341393003272,1.1923505878052367,False,False,true_infeasible,False,False,true_infeasible
t30_soc0.80_c2,related_2rc_dual,30.0,0.8,2.0,False,5.0,30.98435688710163,38.919546868513066,0.028769563843457188,0.04068630737097578,False,False,true_infeasible,True,True,true_feasible
t30_soc0.80_c2,related_2rc_dual,30.0,0.8,2.0,False,25.0,20.31865165720939,38.919546868513066,0.136746427949856,0.2341598453981817,False,False,true_infeasible,True,True,true_feasible
t30_soc0.80_c2,related_2rc_dual,30.0,0.8,2.0,False,300.0,56.983217148448354,115.80122378718549,4.795455356446446,8.759694656492329,False,False,true_infeasible,False,False,true_infeasible
t30_soc0.80_c2,related_2rc_single,30.0,0.8,2.0,False,5.0,30.98435688710163,38.919546868513066,0.027236827817876688,0.038518691296062,False,False,true_infeasible,True,True,true_feasible
t30_soc0.80_c2,related_2rc_single,30.0,0.8,2.0,False,25.0,20.31865165720939,38.919546868513066,0.12992766625342989,0.22278494188567066,False,False,true_infeasible,True,True,true_feasible
t30_soc0.80_c2,related_2rc_single,30.0,0.8,2.0,False,300.0,56.983217148448354,115.80122378718549,4.732885551334361,8.673836614319143,False,False,true_infeasible,False,False,true_infeasible
