time_s,charge_current_a,raw_dnn_current_a,projection_adjustment_a,soc,terminal_voltage_v,average_temperature_c,dnn_inference_time_s,source
0.0,0.0,0.0,0.0,0.1,3.2959070147319616,25.0,0.0,chen2020_dfn_projected_dnn
5.0,2.0,4.580983391235215,-2.5809833912352147,0.10055555555555556,3.3834271399266993,25.017596866556403,4.36e-05,chen2020_dfn_projected_dnn
10.0,4.0,4.206169354884667,-0.2061693548846666,0.10166666666666667,3.4522414960421424,25.076322436697467,5.380000000000001e-05,chen2020_dfn_projected_dnn
15.0,5.0421281529859465,5.0421281529859465,0.0,0.10306725782027387,3.492853418790439,25.163852571288373,6.31e-05,chen2020_dfn_projected_dnn
20.0,4.952813870054828,4.952813870054828,0.0,0.10444303945084467,3.506485829272381,25.250608864555716,6.6e-05,chen2020_dfn_projected_dnn
25.0,4.201276711320942,4.201276711320942,0.0,0.10561006075954493,3.500768250942591,25.31809703731284,6.560000000000001e-05,chen2020_dfn_projected_dnn
30.0,3.5380167059339214,3.5380167059339214,0.0,0.10659284317785991,3.4915869152363177,25.369388032363872,7.170000000000001e-05,chen2020_dfn_projected_dnn
35.0,4.8448010091430405,4.8448010091430405,0.0,0.1079386212359552,3.5305405574627162,25.455346589939495,6.41e-05,chen2020_dfn_projected_dnn
40.0,5.2315398706926866,5.2315398706926866,0.0,0.10939182675559206,3.5497413719028597,25.553415026292555,6.400000000000001e-05,chen2020_dfn_projected_dnn
45.0,6.241628675670764,6.241628675670764,0.0,0.11112561249883393,3.5822225927031845,25.684330325697545,6.32e-05,chen2020_dfn_projected_dnn
50.0,6.417783448183138,6.417783448183138,0.0,0.11290833012332925,3.598140611926114,25.822508086366327,7.48e-05,chen2020_dfn_projected_dnn
55.0,7.114227975702517,7.114227975702517,0.0,0.11488450456102439,3.623132156208732,25.98628414043384,7.110000000000001e-05,chen2020_dfn_projected_dnn
60.0,7.875671053373101,7.875671053373101,0.0,0.11707219096473914,3.649196830643635,26.179920490090808,6.24e-05,chen2020_dfn_projected_dnn
65.0,7.756176174419374,7.756176174419374,0.0,0.11922668434652231,3.658923519487435,26.37060183376815,6.06e-05,chen2020_dfn_projected_dnn
70.0,7.827830680351031,7.827830680351031,0.0,0.12140108175773093,3.6698607686385687,26.564935424396026,6.06e-05,chen2020_dfn_projected_dnn
75.0,8.859428634483708,8.859428634483708,0.0,0.12386203415619862,3.6963564689688733,26.80131340473531,6.340000000000001e-05,chen2020_dfn_projected_dnn
80.0,9.047408318236032,9.047408318236032,0.0,0.1263752031334864,3.7094209129143527,27.046795470012285,6.500000000000001e-05,chen2020_dfn_projected_dnn
85.0,8.897155979499818,8.897155979499818,0.0,0.12884663535001414,3.7156648779366277,27.286635715526813,6.0200000000000006e-05,chen2020_dfn_projected_dnn
90.0,8.551747085490124,8.551747085490124,0.0,0.13122212065153915,3.716965333768308,27.511935968222076,8.14e-05,chen2020_dfn_projected_dnn
95.0,8.24401826163135,8.24401826163135,0.0,0.1335121257242145,3.717098464629588,27.72369026589297,6.13e-05,chen2020_dfn_projected_dnn
100.0,8.075206382774684,8.075206382774684,0.0,0.13575523860831862,3.7183055288292453,27.92719157398409,5.9900000000000006e-05,chen2020_dfn_projected_dnn
105.0,8.062213326172817,8.062213326172817,0.0,0.13799474231003328,3.72152063589685,28.128531587356974,6.19e-05,chen2020_dfn_projected_dnn
110.0,7.957490936786243,7.957490936786243,0.0,0.14020515645914056,3.7230226869828065,28.32402065888283,6.18e-05,chen2020_dfn_projected_dnn
115.0,7.8481309284599,7.8481309284599,0.0,0.1423851928281572,3.724057615116166,28.513414752777578,6.06e-05,chen2020_dfn_projected_dnn
120.0,7.6789574989918465,7.6789574989918465,0.0,0.14451823657787713,3.723721972773343,28.69432799932042,7.98e-05,chen2020_dfn_projected_dnn
125.0,7.473750662290512,7.473750662290512,0.0,0.14659427842851339,3.722306660973417,28.865368882458654,6.2e-05,chen2020_dfn_projected_dnn
130.0,7.240719719580545,7.240719719580545,0.0,0.14860558946173022,3.7199190337215375,29.02554217598805,6.440000000000001e-05,chen2020_dfn_projected_dnn
135.0,7.0614013950895105,7.0614013950895105,0.0,0.15056708984925504,3.718002963324304,29.176965925873276,6.52e-05,chen2020_dfn_projected_dnn
140.0,6.983715428761508,6.983715428761508,0.0,0.15250701080168882,3.71765149196451,29.323504968618977,6.110000000000001e-05,chen2020_dfn_projected_dnn
145.0,6.929271516756199,6.929271516756199,0.0,0.1544318084452322,3.7177563288756352,29.466159429837205,6.16e-05,chen2020_dfn_projected_dnn
150.0,6.877533610414892,6.877533610414892,0.0,0.1563422344481252,3.7179731962907283,29.6051519587528,6.46e-05,chen2020_dfn_projected_dnn
155.0,6.835272578037739,6.835272578037739,0.0,0.1582409212753579,3.7183994233482958,29.740929988805533,7.400000000000001e-05,chen2020_dfn_projected_dnn
160.0,6.7986286066657415,6.7986286066657415,0.0,0.16012942922165396,3.7189699011049164,29.873789370457985,6.88e-05,chen2020_dfn_projected_dnn
165.0,6.764431627825054,6.764431627825054,0.0,0.16200843800716094,3.7196238233395302,30.00390265710297,5.9900000000000006e-05,chen2020_dfn_projected_dnn
170.0,6.726437816970312,6.726437816970312,0.0,0.16387689295631935,3.720239435034412,30.131211069015023,6.120000000000001e-05,chen2020_dfn_projected_dnn
175.0,6.676738943365831,6.676738943365831,0.0,0.16573154266280987,3.720651434126638,30.25536747164557,6.19e-05,chen2020_dfn_projected_dnn
180.0,6.608843946553307,6.608843946553307,0.0,0.16756733264796353,3.72070387736478,30.375789324974846,6.26e-05,chen2020_dfn_projected_dnn
185.0,6.523199610328115,6.523199610328115,0.0,0.16937933253972137,3.7203563155962125,30.491908828370413,5.92e-05,chen2020_dfn_projected_dnn
190.0,6.427748747013984,6.427748747013984,0.0,0.1711648183027808,3.71971558002748,30.603435476468007,5.8800000000000006e-05,chen2020_dfn_projected_dnn
195.0,6.330149741228022,6.330149741228022,0.0,0.1729231932308997,3.718911599887874,30.710347814589966,6.09e-05,chen2020_dfn_projected_dnn
200.0,6.2327629787080046,6.2327629787080046,0.0,0.1746545162805408,3.7179983833644417,30.812711140292265,6.35e-05,chen2020_dfn_projected_dnn
205.0,6.13491063218021,6.13491063218021,0.0,0.17635865812281307,3.7169763219460985,30.91057344628547,6.09e-05,chen2020_dfn_projected_dnn
210.0,6.03611320975212,6.03611320975212,0.0,0.17803535623663308,3.715844230366404,31.003970753923852,6.06e-05,chen2020_dfn_projected_dnn
215.0,5.9372689642540655,5.9372689642540655,0.0,0.17968459761559258,3.714623836139796,31.092971344010834,7.43e-05,chen2020_dfn_projected_dnn
220.0,5.840247037220742,5.840247037220742,0.0,0.18130688845926501,3.7133571577230176,31.177705633414746,7.1e-05,chen2020_dfn_projected_dnn
225.0,5.746772371854674,5.746772371854674,0.0,0.18290321411811353,3.712087904695843,31.258360133265057,6.03e-05,chen2020_dfn_projected_dnn
230.0,5.657614163084521,5.657614163084521,0.0,0.18447477360785924,3.7108441083250128,31.335143230189146,6.0100000000000004e-05,chen2020_dfn_projected_dnn
235.0,5.5727251179954225,5.5727251179954225,0.0,0.1860227528073024,3.709638306386893,31.408260252027844,6.09e-05,chen2020_dfn_projected_dnn
240.0,5.491836719282105,5.491836719282105,0.0,0.18754826300710298,3.708476331038307,31.477905219505544,6.15e-05,chen2020_dfn_projected_dnn
245.0,5.414770102400774,5.414770102400774,0.0,0.1890523658133254,3.707363467332099,31.544263150190375,6.1000000000000005e-05,chen2020_dfn_projected_dnn
250.0,5.341455959774516,5.341455959774516,0.0,0.19053610357992945,3.706305615897966,31.607513125607625,6.0100000000000004e-05,chen2020_dfn_projected_dnn
255.0,5.271904695445874,5.271904695445874,0.0,0.19200052155088665,3.705309352492046,31.667830495489795,6.36e-05,chen2020_dfn_projected_dnn
260.0,5.20618326248304,5.20618326248304,0.0,0.19344668356824304,3.704381815745121,31.72538846680351,6.24e-05,chen2020_dfn_projected_dnn
265.0,5.144395632229135,5.144395632229135,0.0,0.19487568235497338,3.703530509644378,31.780359161418914,6.0200000000000006e-05,chen2020_dfn_projected_dnn
270.0,5.086668485152107,5.086668485152107,0.0,0.19628864582307115,3.702763194179716,31.83291368145234,6.87e-05,chen2020_dfn_projected_dnn
275.0,5.033142844959614,5.033142844959614,0.0,0.19768674105778217,3.7020879919862804,31.883224117532507,7.230000000000001e-05,chen2020_dfn_projected_dnn
280.0,4.983969925303222,4.983969925303222,0.0,0.19907117714814418,3.701513003276251,31.93146220333415,6.450000000000001e-05,chen2020_dfn_projected_dnn
285.0,4.939312759861479,4.939312759861479,0.0,0.20044320847032793,3.7010466084485607,31.977800281714053,6.91e-05,chen2020_dfn_projected_dnn
290.0,4.8993463234603345,4.8993463234603345,0.0,0.2018041380046225,3.7006972924472437,32.022412165333435,6.96e-05,chen2020_dfn_projected_dnn
295.0,4.86425313973277,4.86425313973277,0.0,0.20315531943232606,3.700474043429237,32.06547215412735,0.00011520000000000001,chen2020_dfn_projected_dnn
300.0,4.834208169461755,4.834208169461755,0.0,0.20449815503495433,3.700385480017456,32.10715638228294,6.49e-05,chen2020_dfn_projected_dnn
305.0,4.809345586742151,4.809345586742151,0.0,0.20583408436460493,3.7004393765871617,32.147641415818555,6.43e-05,chen2020_dfn_projected_dnn
310.0,4.789707321010223,4.789707321010223,0.0,0.20716455862044109,3.700641457760324,32.18710197852141,6.21e-05,chen2020_dfn_projected_dnn
315.0,4.775177337708282,4.775177337708282,0.0,0.20849099676980454,3.700998362277751,32.2256865460875,0.00012780000000000002,chen2020_dfn_projected_dnn
320.0,4.7654235809827945,4.7654235809827945,0.0,0.20981472554229974,3.7014953869615663,32.26360087223043,6.670000000000001e-05,chen2020_dfn_projected_dnn
325.0,4.759837738689883,4.759837738689883,0.0,0.21113690269193577,3.702130473946584,32.3009547760596,6.16e-05,chen2020_dfn_projected_dnn
330.0,4.757586961443416,4.757586961443416,0.0,0.21245845462567006,3.7028871037611033,32.33786210417941,6.440000000000001e-05,chen2020_dfn_projected_dnn
335.0,4.757684445563302,4.757684445563302,0.0,0.21378003363832654,3.703743724510872,32.37440796152498,6.27e-05,chen2020_dfn_projected_dnn
340.0,4.75913206128488,4.75913206128488,0.0,0.21510201476646124,3.7046767647131533,32.41064812639303,6.06e-05,chen2020_dfn_projected_dnn
345.0,4.761071872665086,4.761071872665086,0.0,0.2164245347310904,3.7056639691251214,32.44661276720325,6.18e-05,chen2020_dfn_projected_dnn
350.0,4.762895370325735,4.762895370325735,0.0,0.21774756122284755,3.7066872275870373,32.482313180241874,6.57e-05,chen2020_dfn_projected_dnn
355.0,4.764278468699431,4.764278468699431,0.0,0.21907097190859742,3.707734016172681,32.51774960064404,7.25e-05,chen2020_dfn_projected_dnn
360.0,4.765143825146647,4.765143825146647,0.0,0.22039462297113815,3.7087972868242742,32.55291812020124,6.76e-05,chen2020_dfn_projected_dnn
365.0,4.765578303724912,4.765578303724912,0.0,0.22171839472217286,3.709874224780372,32.5878154542454,7.060000000000001e-05,chen2020_dfn_projected_dnn
370.0,4.7657407900685635,4.7657407900685635,0.0,0.22304221160830306,3.710964536912687,32.62244123592876,6e-05,chen2020_dfn_projected_dnn
375.0,4.765786812778152,4.765786812778152,0.0,0.22436604127851917,3.712068845375735,32.65679824024909,6.29e-05,chen2020_dfn_projected_dnn
380.0,4.765821508467337,4.765821508467337,0.0,0.22568988058642678,3.7131875083638155,32.690891272842464,8.39e-05,chen2020_dfn_projected_dnn
385.0,4.765879975966158,4.765879975966158,0.0,0.22701373613530626,3.714319942410551,32.72472545414945,6.06e-05,chen2020_dfn_projected_dnn
390.0,4.76592746165821,4.76592746165821,0.0,0.22833760487465574,3.7154643637434805,32.75830444109192,6.220000000000001e-05,chen2020_dfn_projected_dnn
395.0,4.765870385805693,4.765870385805693,0.0,0.22966145775960176,3.7166178048278997,32.79162889416682,6.170000000000001e-05,chen2020_dfn_projected_dnn
400.0,4.765570687203706,4.765570687203706,0.0,0.23098522739493615,3.7177762638760883,32.82469529733237,7.010000000000001e-05,chen2020_dfn_projected_dnn
405.0,4.76485836231968,4.76485836231968,0.0,0.23230879916224717,3.7189348751242735,32.857495098280936,6.7e-05,chen2020_dfn_projected_dnn
410.0,4.763539282197421,4.763539282197421,0.0,0.23363200451841312,3.720088023104415,32.89001405447635,6.81e-05,chen2020_dfn_projected_dnn
415.0,4.761396909908971,4.761396909908971,0.0,0.23495461477116558,3.7212300331950816,32.922201931372285,6.38e-05,chen2020_dfn_projected_dnn
420.0,4.758189104695111,4.758189104695111,0.0,0.2362763339669142,3.722353038705456,32.95406131526164,6.69e-05,chen2020_dfn_projected_dnn
425.0,4.7536321645190265,4.7536321645190265,0.0,0.23759678734594725,3.7234487411328234,32.98555654725976,6.15e-05,chen2020_dfn_projected_dnn
430.0,4.7473801112838565,4.7473801112838565,0.0,0.23891550404352613,3.724507057236226,33.016643966541665,6.0200000000000006e-05,chen2020_dfn_projected_dnn
435.0,4.738987952139473,4.738987952139473,0.0,0.24023188958578712,3.725515451353142,33.04726405335418,6.170000000000001e-05,chen2020_dfn_projected_dnn
440.0,4.727851260422766,4.727851260422766,0.0,0.24154518160257124,3.72645639490151,33.07735437647233,6.27e-05,chen2020_dfn_projected_dnn
445.0,4.713099206998729,4.713099206998729,0.0,0.24285437582673758,3.727307511927253,33.10680540845863,6.43e-05,chen2020_dfn_projected_dnn
450.0,4.693405775440367,4.693405775440367,0.0,0.24415809965324878,3.7280342708688585,33.13548369159247,6.32e-05,chen2020_dfn_projected_dnn
455.0,4.666617688722708,4.666617688722708,0.0,0.24545438234456063,3.7285819434595386,33.16319953308283,6.220000000000001e-05,chen2020_dfn_projected_dnn
460.0,4.62899211360489,4.62899211360489,0.0,0.24674021348722863,3.7288541742865378,33.189678959891864,6.110000000000001e-05,chen2020_dfn_projected_dnn
465.0,4.573537649903469,4.573537649903469,0.0,0.24801064061220185,3.7286838323439304,33.21443921911907,6.54e-05,chen2020_dfn_projected_dnn
470.0,4.486382930152605,4.486382930152605,0.0,0.24925685809279977,3.72773132657675,33.236666197202226,6.19e-05,chen2020_dfn_projected_dnn
475.0,4.340242860112734,4.340242860112734,0.0,0.25046248110949776,3.7253290418805913,33.25486921660735,8.76e-05,chen2020_dfn_projected_dnn
480.0,4.093377936003957,4.093377936003957,0.0,0.25159953053616546,3.7203821189912785,33.266625390943375,6.2e-05,chen2020_dfn_projected_dnn
485.0,3.7442405376630954,3.7442405376630954,0.0,0.252639597352183,3.712492302192977,33.26974049192637,6.93e-05,chen2020_dfn_projected_dnn
490.0,3.955129164898352,3.955129164898352,0.0,0.25373824434243253,3.7165360294766483,33.27728893721405,6.03e-05,chen2020_dfn_projected_dnn
495.0,3.800167866747577,3.800167866747577,0.0,0.25479384652764014,3.713226140099768,33.28093814378417,6.18e-05,chen2020_dfn_projected_dnn
500.0,3.889294114246442,3.889294114246442,0.0,0.2558742060038197,3.715153770081834,33.286318414492484,6.27e-05,chen2020_dfn_projected_dnn
505.0,3.956102978594462,3.956102978594462,0.0,0.2569731234978737,3.716989237490309,33.29302009515192,8.86e-05,chen2020_dfn_projected_dnn
510.0,4.133072807369632,4.133072807369632,0.0,0.2581211992776986,3.7215158653116194,33.30372849780656,6.400000000000001e-05,chen2020_dfn_projected_dnn
515.0,4.659232457137099,4.659232457137099,0.0,0.2594154305157923,3.733910875251369,33.32740032813598,6.48e-05,chen2020_dfn_projected_dnn
520.0,4.254394603845305,4.254394603845305,0.0,0.26059720679463827,3.72773732352611,33.34110603207057,6.13e-05,chen2020_dfn_projected_dnn
525.0,4.380181182312136,4.380181182312136,0.0,0.261813923789725,3.7315543813167857,33.35778972055721,6.0200000000000006e-05,chen2020_dfn_projected_dnn
530.0,4.3383047388921465,4.3383047388921465,0.0,0.2630190084394173,3.732101381386621,33.37338071003205,5.9600000000000005e-05,chen2020_dfn_projected_dnn
535.0,4.299706544121202,4.299706544121202,0.0,0.2642133713683398,3.732546445967488,33.38793463417153,6.21e-05,chen2020_dfn_projected_dnn
540.0,4.269364676616802,4.269364676616802,0.0,0.26539930600073336,3.73304683039691,33.401619049692954,5.95e-05,chen2020_dfn_projected_dnn
545.0,4.24950544815313,4.24950544815313,0.0,0.2665797241807759,3.7336956363391574,33.41468433456225,6.37e-05,chen2020_dfn_projected_dnn
550.0,4.242682735685976,4.242682735685976,0.0,0.26775824716291086,3.7345900358727806,33.427442663311865,6.0100000000000004e-05,chen2020_dfn_projected_dnn
555.0,4.2496998962283365,4.2496998962283365,0.0,0.26893871935630764,3.7357871825205473,33.440224474021875,6.82e-05,chen2020_dfn_projected_dnn
560.0,4.265232265038058,4.265232265038058,0.0,0.27012350609659597,3.7372039064346216,33.45325282033468,6.560000000000001e-05,chen2020_dfn_projected_dnn
565.0,4.277030831911498,4.277030831911498,0.0,0.27131157021657143,3.7385904064763156,33.466447343933396,6.88e-05,chen2020_dfn_projected_dnn
570.0,4.277456031941493,4.277456031941493,0.0,0.2724997524476663,3.7397629367387157,33.47954012772931,6.0400000000000004e-05,chen2020_dfn_projected_dnn
575.0,4.2706252669363165,4.2706252669363165,0.0,0.2736860372440375,3.7407742138760725,33.4923255600807,6.3e-05,chen2020_dfn_projected_dnn
580.0,4.263137609654382,4.263137609654382,0.0,0.2748702421356082,3.7417507817809916,33.504802781151284,6.0700000000000005e-05,chen2020_dfn_projected_dnn
585.0,4.258522585924231,4.258522585924231,0.0,0.27605316507614264,3.7427720213076316,33.517032164375735,6.0700000000000005e-05,chen2020_dfn_projected_dnn
590.0,4.257429048717051,4.257429048717051,0.0,0.2772357842563419,3.743862703381171,33.529101240190016,5.92e-05,chen2020_dfn_projected_dnn
595.0,4.258516666059799,4.258516666059799,0.0,0.2784187055524695,3.7450041333811006,33.54106348259262,6.15e-05,chen2020_dfn_projected_dnn
600.0,4.259677722909693,4.259677722909693,0.0,0.27960194936438887,3.746155557629118,33.55292191133742,6.08e-05,chen2020_dfn_projected_dnn
605.0,4.259527192810447,4.259527192810447,0.0,0.2807851513623918,3.7472853639275514,33.56466311393473,6.0100000000000004e-05,chen2020_dfn_projected_dnn
610.0,4.258048391166405,4.258048391166405,0.0,0.2819679425821602,3.748388951930944,33.57621997204103,7.010000000000001e-05,chen2020_dfn_projected_dnn
615.0,4.255973050199993,4.255973050199993,0.0,0.2831501573183269,3.7494780948285626,33.58759534492714,8e-05,chen2020_dfn_projected_dnn
620.0,4.253993104311997,4.253993104311997,0.0,0.2843318220695247,3.750566531189224,33.59879115489997,7.37e-05,chen2020_dfn_projected_dnn
625.0,4.252374724798192,4.252374724798192,0.0,0.2855130372708575,3.7516607534577213,33.60981599408029,6.220000000000001e-05,chen2020_dfn_projected_dnn
630.0,4.251021788219109,4.251021788219109,0.0,0.28669387665647383,3.7527599022473885,33.62067640834948,7.41e-05,chen2020_dfn_projected_dnn
635.0,4.249709534727393,4.249709534727393,0.0,0.2878743515272315,3.7538598091918027,33.631373693407966,5.89e-05,chen2020_dfn_projected_dnn
640.0,4.248277866175473,4.248277866175473,0.0,0.28905442871228026,3.7549569638823286,33.64190534128039,6.06e-05,chen2020_dfn_projected_dnn
645.0,4.246691185923198,4.246691185923198,0.0,0.29023406515281447,3.75605012541995,33.65226798477369,5.9800000000000003e-05,chen2020_dfn_projected_dnn
650.0,4.244993168349119,4.244993168349119,0.0,0.2914132299218003,3.7571397478038,33.66245931047206,6.41e-05,chen2020_dfn_projected_dnn
655.0,4.243238360479292,4.243238360479292,0.0,0.2925919072441556,3.7582267066464388,33.67247835041786,6.050000000000001e-05,chen2020_dfn_projected_dnn
660.0,4.241455046942666,4.241455046942666,0.0,0.2937700892016397,3.759311486017195,33.68232487543696,6.330000000000001e-05,chen2020_dfn_projected_dnn
665.0,4.239644424767844,4.239644424767844,0.0,0.29494776820851965,3.760394058616509,33.69199875273608,6.18e-05,chen2020_dfn_projected_dnn
670.0,4.237796018773631,4.237796018773631,0.0,0.29612493376929017,3.761474136513944,33.70149966216667,5.9800000000000003e-05,chen2020_dfn_projected_dnn
675.0,4.235900888587755,4.235900888587755,0.0,0.2973015729050089,3.7625514305843506,33.71082712628214,6.120000000000001e-05,chen2020_dfn_projected_dnn
680.0,4.233956120253548,4.233956120253548,0.0,0.2984776718273016,3.7636257604342687,33.71998065023445,6.1000000000000005e-05,chen2020_dfn_projected_dnn
685.0,4.231963130530307,4.231963130530307,0.0,0.2996532171413378,3.7646970391857075,33.72895982406834,6.74e-05,chen2020_dfn_projected_dnn
690.0,4.229924529698573,4.229924529698573,0.0,0.30082819617736517,3.765765218205633,33.737764351501994,5.9800000000000003e-05,chen2020_dfn_projected_dnn
695.0,4.227842276805429,4.227842276805429,0.0,0.3020025968098111,3.766830249135194,33.746394034644084,6.25e-05,chen2020_dfn_projected_dnn
700.0,4.225717398610353,4.225717398610353,0.0,0.30317640719831396,3.767892074634216,33.75484875137795,7.24e-05,chen2020_dfn_projected_dnn
705.0,4.2235504411574105,4.2235504411574105,0.0,0.30434961565419105,3.7689506349282316,33.76312844295529,5.9600000000000005e-05,chen2020_dfn_projected_dnn
710.0,4.22134191899638,4.22134191899638,0.0,0.30552221063169005,3.7700058761301203,33.77123311201177,6.29e-05,chen2020_dfn_projected_dnn
715.0,4.219092504914748,4.219092504914748,0.0,0.30669418077194416,3.7710577543721717,33.77916282502446,6.0700000000000005e-05,chen2020_dfn_projected_dnn
720.0,4.216803024791627,4.216803024791627,0.0,0.3078655149454973,3.772106236168911,33.78691771463127,6.31e-05,chen2020_dfn_projected_dnn
725.0,4.214474393159172,4.214474393159172,0.0,0.3090362022769304,3.773151297353266,33.79449798038854,6.230000000000001e-05,chen2020_dfn_projected_dnn
730.0,4.2121075677950355,4.2121075677950355,0.0,0.3102062321568735,3.7741929221565624,33.80190388838781,6.230000000000001e-05,chen2020_dfn_projected_dnn
735.0,4.209703536742704,4.209703536742704,0.0,0.3113755942504131,3.775231102821886,33.80913577049023,6.24e-05,chen2020_dfn_projected_dnn
740.0,4.207263322910263,4.207263322910263,0.0,0.312544278506777,3.7762658395543376,33.816194023598484,6.13e-05,chen2020_dfn_projected_dnn
745.0,4.204787991539466,4.204787991539466,0.0,0.31371227517109357,3.77729714053507,33.823079109043135,6.14e-05,chen2020_dfn_projected_dnn
750.0,4.2022786544944735,4.2022786544944735,0.0,0.3148795747973421,3.7783250218774986,33.82979155201815,6.2e-05,chen2020_dfn_projected_dnn
755.0,4.199736471335747,4.199736471335747,0.0,0.3160461682616019,3.7793495075086287,33.836331940999344,6.1000000000000005e-05,chen2020_dfn_projected_dnn
760.0,4.19716264884135,4.19716264884135,0.0,0.31721204677516895,3.780370629004532,33.84270092711387,6.03e-05,chen2020_dfn_projected_dnn
765.0,4.194558440131608,4.194558440131608,0.0,0.3183772018974277,3.7813884254023145,33.84889922345775,6.220000000000001e-05,chen2020_dfn_projected_dnn
770.0,4.191925143752875,4.191925143752875,0.0,0.3195416255484701,3.7824029429965758,33.854927604366935,6.2e-05,chen2020_dfn_projected_dnn
775.0,4.189264102666863,4.189264102666863,0.0,0.3207053100214332,3.783414235119306,33.86078690464569,5.97e-05,chen2020_dfn_projected_dnn
780.0,4.186576703021343,4.186576703021343,0.0,0.32186824799449465,3.7844223619057793,33.86647801875222,6.76e-05,chen2020_dfn_projected_dnn
785.0,4.183864372632631,4.183864372632631,0.0,0.32303043254244823,3.785427390044522,33.87200189993922,6.27e-05,chen2020_dfn_projected_dnn
790.0,4.1811285791649215,4.1811285791649215,0.0,0.3241918571477718,3.7864293925081762,33.877359559350225,7.14e-05,chen2020_dfn_projected_dnn
795.0,4.1783708280184655,4.1783708280184655,0.0,0.32535251571111024,3.7874284482753784,33.88255206506875,6.170000000000001e-05,chen2020_dfn_projected_dnn
800.0,4.175592659941481,4.175592659941481,0.0,0.32651240256109404,3.7884246420326932,33.887580541115256,6.0400000000000004e-05,chen2020_dfn_projected_dnn
805.0,4.172795648378964,4.172795648378964,0.0,0.3276715124634215,3.789418063869125,33.89244616639786,6.09e-05,chen2020_dfn_projected_dnn
810.0,4.169981396577956,4.169981396577956,0.0,0.32882984062913756,3.790408808957322,33.89715017360464,6.09e-05,chen2020_dfn_projected_dnn
815.0,4.167151534460625,4.167151534460625,0.0,0.3299873827220433,3.791396977225586,33.9016938480479,6e-05,chen2020_dfn_projected_dnn
820.0,4.164307715291016,4.164307715291016,0.0,0.3311441348651797,3.792382673019768,33.90607852644854,6.21e-05,chen2020_dfn_projected_dnn
825.0,4.161451612152511,4.161451612152511,0.0,0.3323000936463332,3.793366004758899,33.91030559566735,6.31e-05,chen2020_dfn_projected_dnn
830.0,4.158584914264551,4.158584914264551,0.0,0.33345525612251775,3.7943470845851177,33.91437649137782,6.42e-05,chen2020_dfn_projected_dnn
835.0,4.155709323163718,4.155709323163718,0.0,0.33460961982339654,3.7953260280080667,33.918292696683295,5.8700000000000004e-05,chen2020_dfn_projected_dnn
840.0,4.152826548779611,4.152826548779611,0.0,0.33576318275361305,3.7963029535449335,33.922055740676285,7.1e-05,chen2020_dfn_projected_dnn
845.0,4.149938305434906,4.149938305434906,0.0,0.33691594339401165,3.7972779823605762,33.925667196943834,6.31e-05,chen2020_dfn_projected_dnn
850.0,4.147046307803124,4.147046307803124,0.0,0.3380679007017347,3.798251237904168,33.929128682014266,6.21e-05,chen2020_dfn_projected_dnn
855.0,4.144152266853606,4.144152266853606,0.0,0.339219054109194,3.79922284555016,33.93244185375465,5.9600000000000005e-05,chen2020_dfn_projected_dnn
860.0,4.141257885820663,4.141257885820663,0.0,0.340369403521922,3.8001929322377177,33.9356084097181,6.390000000000001e-05,chen2020_dfn_projected_dnn
865.0,4.138364856227941,4.138364856227941,0.0,0.3415189493153187,3.8011616261147414,33.93863008543843,6.170000000000001e-05,chen2020_dfn_projected_dnn
870.0,4.135474853997405,4.135474853997405,0.0,0.342667692330318,3.802129056188027,33.94150865268642,6.98e-05,chen2020_dfn_projected_dnn
875.0,4.132589535679854,4.132589535679854,0.0,0.34381563386800684,3.803095351977033,33.944245917682,6.18e-05,chen2020_dfn_projected_dnn
880.0,4.129710534831924,4.129710534831924,0.0,0.3449627756832379,3.8040606431765163,33.94684371927207,6.18e-05,chen2020_dfn_projected_dnn
885.0,4.126839458569936,4.126839458569936,0.0,0.3461091199772851,3.805025059326383,33.94930392707852,9.88e-05,chen2020_dfn_projected_dnn
890.0,4.123977884326371,4.123977884326371,0.0,0.3472546693895979,3.8059887294918218,33.95162843961788,5.97e-05,chen2020_dfn_projected_dnn
895.0,4.1211273568302635,4.1211273568302635,0.0,0.3483994269887175,3.806951781952792,33.9538191824044,6.790000000000001e-05,chen2020_dfn_projected_dnn
900.0,4.118289385335068,4.118289385335068,0.0,0.3495433962624217,3.8079143439051446,33.95587810603848,6.0100000000000004e-05,chen2020_dfn_projected_dnn
905.0,4.115465441109482,4.115465441109482,0.0,0.3506865811071743,3.8088765411754437,33.95780718428745,7.58e-05,chen2020_dfn_projected_dnn
910.0,4.112656955206033,4.112656955206033,0.0,0.3518289858169539,3.809838497944164,33.959608412166006,6.720000000000001e-05,chen2020_dfn_projected_dnn
915.0,4.109865316519147,4.109865316519147,0.0,0.3529706150715425,3.81080033648988,33.961283804023935,6.54e-05,chen2020_dfn_projected_dnn
920.0,4.107091870141115,4.107091870141115,0.0,0.3541114739243595,3.811762176938504,33.96283539164364,6.450000000000001e-05,chen2020_dfn_projected_dnn
925.0,4.104337916018913,4.104337916018913,0.0,0.3552515677899203,3.8127241370350027,33.96426522235987,6.47e-05,chen2020_dfn_projected_dnn
930.0,4.101604707916332,4.101604707916332,0.0,0.3563909024310081,3.8136863319232432,33.965575357203534,7.110000000000001e-05,chen2020_dfn_projected_dnn
935.0,4.098893452677809,4.098893452677809,0.0,0.3575294839456409,3.8146488739475473,33.966767869079035,7.16e-05,chen2020_dfn_projected_dnn
940.0,4.096205309791372,4.096205309791372,0.0,0.35866731875391633,3.815611872462436,33.96784484097918,6.560000000000001e-05,chen2020_dfn_projected_dnn
945.0,4.093541391242879,4.093541391242879,0.0,0.3598044135848171,3.8165754336633366,33.96880836424498,6.220000000000001e-05,chen2020_dfn_projected_dnn
950.0,4.090902761653112,4.090902761653112,0.0,0.36094077546305403,3.817539660429568,33.969660536875836,6.13e-05,chen2020_dfn_projected_dnn
955.0,4.088290438686362,4.088290438686362,0.0,0.36207641169602245,3.8185046521829555,33.97040346189459,0.00010680000000000001,chen2020_dfn_projected_dnn
960.0,4.085705393716947,4.085705393716947,0.0,0.36321132986094384,3.8194705047619855,33.97103924577283,6.16e-05,chen2020_dfn_projected_dnn
965.0,4.083148552739319,4.083148552739319,0.0,0.3643455377922603,3.8204373103108216,33.971569996921914,5.9900000000000006e-05,chen2020_dfn_projected_dnn
970.0,4.080620797505949,4.080620797505949,0.0,0.36547904356934535,3.8214051571810814,33.97199782425196,6.1000000000000005e-05,chen2020_dfn_projected_dnn
975.0,4.078122966875285,4.078122966875285,0.0,0.3666118555045884,3.8223741298495524,33.97232483580217,5.95e-05,chen2020_dfn_projected_dnn
980.0,4.075655858351894,4.075655858351894,0.0,0.3677439821319084,3.8233443088502597,33.9725531374491,6.41e-05,chen2020_dfn_projected_dnn
985.0,4.073220229802045,4.073220229802045,0.0,0.36887543219574237,3.8243157707165683,33.9726848316908,6.220000000000001e-05,chen2020_dfn_projected_dnn
990.0,4.070816801323957,4.070816801323957,0.0,0.3700062146405546,3.825288587939855,33.97272201651191,6.09e-05,chen2020_dfn_projected_dnn
995.0,4.068446257255713,4.068446257255713,0.0,0.37113633860090345,3.826262828938539,33.97266678433118,7.81e-05,chen2020_dfn_projected_dnn
1000.0,4.066109248302161,4.066109248302161,0.0,0.3722658133920984,3.8272385580404613,33.972521221031116,6.110000000000001e-05,chen2020_dfn_projected_dnn
1005.0,4.06380639376224,4.06380639376224,0.0,0.37339464850147686,3.828215835475111,33.97228740507268,6.110000000000001e-05,chen2020_dfn_projected_dnn
1010.0,4.061538283840214,4.061538283840214,0.0,0.37452285358032134,3.8291947173780487,33.9719674066929,6.09e-05,chen2020_dfn_projected_dnn
1015.0,4.05930548202301,4.05930548202301,0.0,0.37565043843643886,3.8301752558061946,33.97156328718893,6.37e-05,chen2020_dfn_projected_dnn
1020.0,4.057108527509009,4.057108527509009,0.0,0.3767774130274135,3.8311574987622437,33.97107709828407,6.220000000000001e-05,chen2020_dfn_projected_dnn
1025.0,4.0549479376717406,4.0549479376717406,0.0,0.37790378745454456,3.8321414902295015,33.97051088157849,6.35e-05,chen2020_dfn_projected_dnn
1030.0,4.052824210545739,4.052824210545739,0.0,0.3790295719574739,3.833127270216181,33.969866668081295,6.18e-05,chen2020_dfn_projected_dnn
1035.0,4.0507378273205585,4.0507378273205585,0.0,0.3801547769095074,3.8341148748070957,33.96914647782495,6.0200000000000006e-05,chen2020_dfn_projected_dnn
1040.0,4.048689254831893,4.048689254831893,0.0,0.3812794128136273,3.835104336225679,33.96835231955771,6.280000000000001e-05,chen2020_dfn_projected_dnn
1045.0,4.046678948037903,4.046678948037903,0.0,0.3824034902991935,3.836095682903009,33.96748619051505,7.900000000000001e-05,chen2020_dfn_projected_dnn
1050.0,4.044707352472116,4.044707352472116,0.0,0.3835270201193246,3.837088939553949,33.966550076265435,6.0200000000000006e-05,chen2020_dfn_projected_dnn
1055.0,4.0427749066633005,4.0427749066633005,0.0,0.3846500131489533,3.8380841272628974,33.965545950631565,6.0400000000000004e-05,chen2020_dfn_projected_dnn
1060.0,4.040882044515918,4.040882044515918,0.0,0.38577248038354106,3.839081263574336,33.96447577568239,6.230000000000001e-05,chen2020_dfn_projected_dnn
1065.0,4.039029197643885,4.039029197643885,0.0,0.38689443293844217,3.8400803625911206,33.963341501793366,6.85e-05,chen2020_dfn_projected_dnn
1070.0,4.037216797652507,4.037216797652507,0.0,0.38801588204890125,3.841081435079424,33.96214506777477,9.290000000000001e-05,chen2020_dfn_projected_dnn
1075.0,4.035445278364897,4.035445278364897,0.0,0.3891368390706692,3.8420844885802614,33.96088840106404,6.2e-05,chen2020_dfn_projected_dnn
1080.0,4.03371507798903,4.03371507798903,0.0,0.39025731548122167,3.843089527527536,33.95957341797924,6.24e-05,chen2020_dfn_projected_dnn
1085.0,4.032026641223261,4.032026641223261,0.0,0.3913773228815616,3.844096553370556,33.95820202403286,6.08e-05,chen2020_dfn_projected_dnn
1090.0,4.030380421299329,4.030380421299329,0.0,0.39249687299858915,3.845105564704406,33.956776114301476,6.24e-05,chen2020_dfn_projected_dnn
1095.0,4.02877688196182,4.02877688196182,0.0,0.3936159776880229,3.8461165574053733,33.95529757385185,5.9300000000000005e-05,chen2020_dfn_projected_dnn
1100.0,4.027216499385219,4.027216499385219,0.0,0.39473464893785215,3.847129524772752,33.9537682782173,6.36e-05,chen2020_dfn_projected_dnn
1105.0,4.025699764028712,4.025699764028712,0.0,0.39585289887230457,3.8481444576745445,33.952190093924514,6.36e-05,chen2020_dfn_projected_dnn
1110.0,4.024227182431424,4.024227182431424,0.0,0.39697073975631336,3.8491613447034565,33.95056487907061,6.050000000000001e-05,chen2020_dfn_projected_dnn
1115.0,4.022799278950691,4.022799278950691,0.0,0.3980881840004663,3.8501801723324816,33.948894483941956,7.44e-05,chen2020_dfn_projected_dnn
1120.0,4.021416597445312,4.021416597445312,0.0,0.39920524416642333,3.8512009250825683,33.9471807516814,6.82e-05,chen2020_dfn_projected_dnn
1125.0,4.020079702909419,4.020079702909419,0.0,0.40032193297278706,3.8522235856912705,33.94542551899559,6.14e-05,chen2020_dfn_projected_dnn
1130.0,4.018789183059212,4.018789183059212,0.0,0.40143826330141463,3.853248135292687,33.94363061690353,6.510000000000001e-05,chen2020_dfn_projected_dnn
1135.0,4.017545649878232,4.017545649878232,0.0,0.4025542482041585,3.854274553597988,33.94179787152518,7.55e-05,chen2020_dfn_projected_dnn
1140.0,4.016349741125534,4.016349741125534,0.0,0.40366990091002675,3.855302819087723,33.939929104908515,6.76e-05,chen2020_dfn_projected_dnn
1145.0,4.015202121811808,4.015202121811808,0.0,0.4047852348327523,3.8563329092084215,33.93802613589361,6.620000000000001e-05,chen2020_dfn_projected_dnn
1150.0,4.0141034856483016,4.0141034856483016,0.0,0.40590026357876563,3.857364800574768,33.93609078101446,7.14e-05,chen2020_dfn_projected_dnn
1155.0,4.013054556473672,4.013054556473672,0.0,0.40701500095556387,3.858398469182796,33.934124855435925,6.69e-05,chen2020_dfn_projected_dnn
1160.0,4.012056089663,4.012056089663,0.0,0.4081294609804703,3.8594338906275354,33.93213017392708,6.55e-05,chen2020_dfn_projected_dnn
1165.0,4.011108873523467,4.011108873523467,0.0,0.40924365788978234,3.8604710403295437,33.93010855186981,6.47e-05,chen2020_dfn_projected_dnn
1170.0,4.01021373067986,4.01021373067986,0.0,0.4103576061483045,3.8615098937694565,33.928061806303845,6.890000000000001e-05,chen2020_dfn_projected_dnn
1175.0,4.009371519452541,4.009371519452541,0.0,0.4114713204592635,3.862550426730108,33.92599175700633,6.93e-05,chen2020_dfn_projected_dnn
1180.0,4.008583135228918,4.008583135228918,0.0,0.4125848157746048,3.8635926155487543,33.923900227607874,9.640000000000001e-05,chen2020_dfn_projected_dnn
1185.0,4.007849511828124,4.007849511828124,0.0,0.41369810730566825,3.8646364373768582,33.92178904674603,6.18e-05,chen2020_dfn_projected_dnn
1190.0,4.007171622856347,4.007171622856347,0.0,0.4148112105342394,3.8656818704492775,33.91966004925291,6.38e-05,chen2020_dfn_projected_dnn
1195.0,4.006550483047686,4.006550483047686,0.0,0.4159241412239749,3.866728894360856,33.917515077382745,6.32e-05,chen2020_dfn_projected_dnn
1200.0,4.005987149582496,4.005987149582496,0.0,0.41703691543219223,3.867777490354298,33.915355982075766,6.120000000000001e-05,chen2020_dfn_projected_dnn
1205.0,4.005482723371016,4.005482723371016,0.0,0.41814954952201744,3.8688276416149003,33.91318462425892,7.66e-05,chen2020_dfn_projected_dnn
1210.0,4.005038350285838,4.005038350285838,0.0,0.41926206017487466,3.869879333574235,33.91100287618531,5.94e-05,chen2020_dfn_projected_dnn
1215.0,4.004655222320764,4.004655222320764,0.0,0.4203744644032972,3.87093255422051,33.908812622811126,6.1000000000000005e-05,chen2020_dfn_projected_dnn
1220.0,4.0043345786473,4.0043345786473,0.0,0.42148677956403247,3.871987294416334,33.906615763207526,6.08e-05,chen2020_dfn_projected_dnn
1225.0,4.004077706531792,4.004077706531792,0.0,0.4225990233714023,3.873043548222758,33.90441421200933,6.610000000000001e-05,chen2020_dfn_projected_dnn
1230.0,4.003885942066593,4.003885942066593,0.0,0.4237112139108653,3.8741013132227535,33.902209900895,5.97e-05,chen2020_dfn_projected_dnn
1235.0,4.003760670657441,4.003760670657441,0.0,0.4248233696527146,3.8751605908509887,33.900004780094264,6.55e-05,chen2020_dfn_projected_dnn
1240.0,4.003703327195726,4.003703327195726,0.0,0.4259355094658246,3.876221138949283,33.897800389320935,5.9900000000000006e-05,chen2020_dfn_projected_dnn
1245.0,4.003715453206711,4.003715453206711,0.0,0.42704765264727085,3.877283291596835,33.89559902499667,6.68e-05,chen2020_dfn_projected_dnn
1250.0,4.003798540022371,4.003798540022371,0.0,0.42815981890838817,3.87834721625563,33.893403304437584,7.82e-05,chen2020_dfn_projected_dnn
1255.0,4.003954082983901,4.003954082983901,0.0,0.42927202837588363,3.8794126919595273,33.89121480732189,7.890000000000001e-05,chen2020_dfn_projected_dnn
1260.0,4.00418378695467,4.00418378695467,0.0,0.4303843016500377,3.8804797484204476,33.88903559621798,7.31e-05,chen2020_dfn_projected_dnn
1265.0,4.004489306819353,4.004489306819353,0.0,0.43149665979082097,3.8815484182988595,33.88686776277012,6.400000000000001e-05,chen2020_dfn_projected_dnn
1270.0,4.004872347659239,4.004872347659239,0.0,0.4326091243318374,3.882618739738707,33.88471342849169,6.170000000000001e-05,chen2020_dfn_projected_dnn
1275.0,4.005334644731766,4.005334644731766,0.0,0.43372171728870734,3.883690756427125,33.88257474578927,6.92e-05,chen2020_dfn_projected_dnn
1280.0,4.0058779574923875,4.0058779574923875,0.0,0.4348344611657886,3.884764517802502,33.88045389906313,6.27e-05,chen2020_dfn_projected_dnn
1285.0,4.006504059595273,4.006504059595273,0.0,0.4359473789601207,3.885840079108071,33.87835310568113,6.06e-05,chen2020_dfn_projected_dnn
1290.0,4.0072147264557865,4.0072147264557865,0.0,0.43706049416191395,3.886917501311646,33.87627461674117,6.87e-05,chen2020_dfn_projected_dnn
1295.0,4.0080117196517,4.0080117196517,0.0,0.43817383075070604,3.8879968508770553,33.87422071754219,6.32e-05,chen2020_dfn_projected_dnn
1300.0,4.0088967675570855,4.0088967675570855,0.0,0.4392874131861385,3.8890781993653247,33.872193727674414,6.42e-05,chen2020_dfn_projected_dnn
1305.0,4.009871541484524,4.009871541484524,0.0,0.4404012663921064,3.890161622839181,33.87019600062905,6.0100000000000004e-05,chen2020_dfn_projected_dnn
1310.0,4.010937626495774,4.010937626495774,0.0,0.44151541573279973,3.8912472010389934,33.86822992280179,9.810000000000001e-05,chen2020_dfn_projected_dnn
1315.0,4.012096485916914,4.012096485916914,0.0,0.4426298869788877,3.8923350162936643,33.866297911751644,7.42e-05,chen2020_dfn_projected_dnn
1320.0,4.01334941845583,4.01334941845583,0.0,0.4437447062617921,3.893425152125104,33.86440241353574,6e-05,chen2020_dfn_projected_dnn
1325.0,4.014697506684941,4.014697506684941,0.0,0.44485990001364906,3.894517691499627,33.86254589892633,6.19e-05,chen2020_dfn_projected_dnn
1330.0,4.0161415555104085,4.0161415555104085,0.0,0.44597549489017974,3.895612714685293,33.86073085827212,6.15e-05,chen2020_dfn_projected_dnn
1335.0,4.017682019129264,4.017682019129264,0.0,0.44709151767327115,3.8967102966543896,33.858959794727866,6.09e-05,chen2020_dfn_projected_dnn
1340.0,4.019318914885792,4.019318914885792,0.0,0.4482079951496283,3.8978105039935933,33.8572352155461,6.19e-05,chen2020_dfn_projected_dnn
1345.0,4.021051722399404,4.021051722399404,0.0,0.4493249539614059,3.8989133912628207,33.855559621070995,5.8800000000000006e-05,chen2020_dfn_projected_dnn
1350.0,4.022879266395101,4.022879266395101,0.0,0.4504424204242935,3.9000189967645804,33.853935491043956,6.0200000000000006e-05,chen2020_dfn_projected_dnn
1355.0,4.0247995818554205,4.0247995818554205,0.0,0.45156042030814225,3.9011273376867894,33.85236526778556,6.09e-05,chen2020_dfn_projected_dnn
1360.0,4.026809760502445,4.026809760502445,0.0,0.45267897857494854,3.902238404594634,33.85085133579514,6.36e-05,chen2020_dfn_projected_dnn
1365.0,4.028905778276831,4.028905778276831,0.0,0.4537981190689143,3.903352155272785,33.84939599729279,6.390000000000001e-05,chen2020_dfn_projected_dnn
1370.0,4.031082304505237,4.031082304505237,0.0,0.4549178641534992,3.904468507942275,33.84800144323833,6.53e-05,chen2020_dfn_projected_dnn
1375.0,4.033332494940201,4.033332494940201,0.0,0.45603823429098256,3.9055873339200224,33.846669719403906,6.49e-05,chen2020_dfn_projected_dnn
1380.0,4.035647772929071,4.035647772929071,0.0,0.4571592475612406,3.906708449842359,33.845402687174555,6.08e-05,chen2020_dfn_projected_dnn
1385.0,4.038017605716352,4.038017605716352,0.0,0.4582809191183841,3.907831609647519,33.844201978895,6.54e-05,chen2020_dfn_projected_dnn
1390.0,4.04042928638596,4.04042928638596,0.0,0.45940326058682457,3.908956496592631,33.8430689478331,6.230000000000001e-05,chen2020_dfn_projected_dnn
1395.0,4.042867736181523,4.042867736181523,0.0,0.4605262794024305,3.9100827156987936,33.84200461315419,6.88e-05,chen2020_dfn_projected_dnn
1400.0,4.0453153467975245,4.0453153467975245,0.0,0.4616499781098744,3.911209787137884,33.84100960076472,6.55e-05,chen2020_dfn_projected_dnn
1405.0,4.047751887377283,4.047751887377283,0.0,0.46277435363414576,3.9123371412098713,33.840084081449504,6e-05,chen2020_dfn_projected_dnn
1410.0,4.050154505832953,4.050154505832953,0.0,0.46389939655243273,3.913464115702323,33.839227708424175,5.8700000000000004e-05,chen2020_dfn_projected_dnn
1415.0,4.0524978578253394,4.0524978578253394,0.0,0.4650250904018286,3.9145899565278066,33.838439557218464,6.050000000000001e-05,chen2020_dfn_projected_dnn
1420.0,4.05475439809182,4.05475439809182,0.0,0.4661514110679652,3.915713822614052,33.83771807162083,6.560000000000001e-05,chen2020_dfn_projected_dnn
1425.0,4.056894866307072,4.056894866307072,0.0,0.4672783263086061,3.9168347960018695,33.837061020210115,6.42e-05,chen2020_dfn_projected_dnn
1430.0,4.0588889916718465,4.0588889916718465,0.0,0.46840579547295946,3.9179518979435106,33.83646546859916,6.63e-05,chen2020_dfn_projected_dnn
1435.0,4.060706425551873,4.060706425551873,0.0,0.4695337694800572,3.9190641115199845,33.83592777279455,7.05e-05,chen2020_dfn_projected_dnn
1440.0,4.062317888962353,4.062317888962353,0.0,0.47066219111588015,3.9201704107457465,33.83544359884036,6.0700000000000005e-05,chen2020_dfn_projected_dnn
1445.0,4.0636964919770815,4.0636964919770815,0.0,0.4717909956969849,3.921269795464932,33.83500797298899,6.120000000000001e-05,chen2020_dfn_projected_dnn
1450.0,4.064819147460393,4.064819147460393,0.0,0.47292011212683505,3.9223613304473934,33.834615364920694,7.43e-05,chen2020_dfn_projected_dnn
1455.0,4.06566796618479,4.06566796618479,0.0,0.4740494643396641,3.9234441861791227,33.83425980396129,6.55e-05,chen2020_dfn_projected_dnn
1460.0,4.066231490728253,4.066231490728253,0.0,0.4751789730870887,3.9245176779446553,33.833935024980235,6.0100000000000004e-05,chen2020_dfn_projected_dnn
1465.0,4.066505609100418,4.066505609100418,0.0,0.47630855797850546,3.9255812991923644,33.83363463695167,5.8200000000000005e-05,chen2020_dfn_projected_dnn
1470.0,4.066493993280007,4.066493993280007,0.0,0.4774381396433055,3.9266352333632812,33.833349392789955,7.05e-05,chen2020_dfn_projected_dnn
1475.0,4.066210229696027,4.066210229696027,0.0,0.4785676424848877,3.9276783883902255,33.83307916264073,7.21e-05,chen2020_dfn_projected_dnn
1480.0,4.0656699859158225,4.0656699859158225,0.0,0.4796969952587533,3.9287114101745217,33.83281521754748,7.32e-05,chen2020_dfn_projected_dnn
1485.0,4.064896288814836,4.064896288814836,0.0,0.48082613311675737,3.929734571014704,33.83255236611399,7.390000000000001e-05,chen2020_dfn_projected_dnn
1490.0,4.063915565785445,4.063915565785445,0.0,0.4819549985516979,3.930748290983865,33.83228601969995,6.220000000000001e-05,chen2020_dfn_projected_dnn
1495.0,4.062755331301807,4.062755331301807,0.0,0.4830835416992817,3.9317530830516385,33.83201222690121,6.57e-05,chen2020_dfn_projected_dnn
1500.0,4.061441800205265,4.061441800205265,0.0,0.48421171997711654,3.932749494275071,33.831727652937275,6.16e-05,chen2020_dfn_projected_dnn
1505.0,4.0599977485352525,4.0599977485352525,0.0,0.48533949712948743,3.9337380483621196,33.83142950892909,6.280000000000001e-05,chen2020_dfn_projected_dnn
1510.0,4.058440940556107,4.058440940556107,0.0,0.4864668418351974,3.934719197255564,33.8311154432771,7.75e-05,chen2020_dfn_projected_dnn
1515.0,4.056783385081436,4.056783385081436,0.0,0.4875937261088311,3.9356932890470526,33.830783413504946,6.99e-05,chen2020_dfn_projected_dnn
1520.0,4.055031576818741,4.055031576818741,0.0,0.4887201237690586,3.936660557688197,33.83043156075996,6.900000000000001e-05,chen2020_dfn_projected_dnn
1525.0,4.0531877298689345,4.0531877298689345,0.0,0.48984600924957766,3.93762113686006,33.83005810964971,7.02e-05,chen2020_dfn_projected_dnn
1530.0,4.051251839972814,4.051251839972814,0.0,0.4909713569829035,3.938575096427212,33.82966131274952,7.280000000000001e-05,chen2020_dfn_projected_dnn
1535.0,4.049224246107652,4.049224246107652,0.0,0.49209614149571124,3.9395224956798893,33.82923945193647,7.620000000000001e-05,chen2020_dfn_projected_dnn
1540.0,4.04710823220204,4.04710823220204,0.0,0.4932203382268785,3.940463443833394,33.82879089848848,7.58e-05,chen2020_dfn_projected_dnn
1545.0,4.044912148962231,4.044912148962231,0.0,0.4943439249349235,3.941398155801366,33.82831422214224,6.16e-05,chen2020_dfn_projected_dnn
1550.0,4.0426505722562025,4.0426505722562025,0.0,0.4954668834272169,3.9423269909290415,33.82780832819088,6.06e-05,chen2020_dfn_projected_dnn
1555.0,4.040344162892593,4.040344162892593,0.0,0.49658920125024264,3.943250464656292,33.827272593795726,6.64e-05,chen2020_dfn_projected_dnn
1560.0,4.03801814419108,4.03801814419108,0.0,0.4977108729569625,3.9441692280682403,33.826706972319016,5.9900000000000006e-05,chen2020_dfn_projected_dnn
1565.0,4.035699628770995,4.035699628770995,0.0,0.4988319006316211,3.945084017293265,33.82611203920101,6.96e-05,chen2020_dfn_projected_dnn
1570.0,4.033414334068122,4.033414334068122,0.0,0.4999522935021956,3.945995582303908,33.82548896461981,6.14e-05,chen2020_dfn_projected_dnn
1575.0,4.031183438708558,4.031183438708558,0.0,0.5010720666796146,3.9469046108249586,33.824839414862026,6.440000000000001e-05,chen2020_dfn_projected_dnn
1580.0,4.029021367598256,4.029021367598256,0.0,0.5021912392817253,3.9478116649341577,33.82416539838198,6e-05,chen2020_dfn_projected_dnn
1585.0,4.02693511263263,4.02693511263263,0.0,0.5033098323685676,3.9487171485849513,33.82346909804539,6.510000000000001e-05,chen2020_dfn_projected_dnn
1590.0,4.024925307944446,4.024925307944446,0.0,0.50442786717633,3.9496213153506674,33.822752733745745,6.88e-05,chen2020_dfn_projected_dnn
1595.0,4.022988788032736,4.022988788032736,0.0,0.5055453640618948,3.950524309031236,33.82201846450772,5.9600000000000005e-05,chen2020_dfn_projected_dnn
1600.0,4.021121930704687,4.021121930704687,0.0,0.5066623423759794,3.951426231127458,33.82126837052732,7.120000000000001e-05,chen2020_dfn_projected_dnn
1605.0,4.019323814506929,4.019323814506929,0.0,0.5077788212133425,3.9523272130328024,33.820504506409065,6.76e-05,chen2020_dfn_projected_dnn
1610.0,4.017598263375344,4.017598263375344,0.0,0.5088948207309467,3.953227471349155,33.819729002031806,8.010000000000001e-05,chen2020_dfn_projected_dnn
1615.0,4.015954196753943,4.015954196753943,0.0,0.5100103635633784,3.9541273300998485,33.818944173920556,6.110000000000001e-05,chen2020_dfn_projected_dnn
1620.0,4.014404254724755,4.014404254724755,0.0,0.5111254758563575,3.955027204551681,33.81815260853642,6.03e-05,chen2020_dfn_projected_dnn
1625.0,4.012962235170027,4.012962235170027,0.0,0.5122401875883491,3.9559275541357604,33.817357190131645,6.0200000000000006e-05,chen2020_dfn_projected_dnn
1630.0,4.011640251153656,4.011640251153656,0.0,0.5133545321025583,3.956828821859914,33.81656106562798,6.8e-05,chen2020_dfn_projected_dnn
1635.0,4.01044654505075,4.01044654505075,0.0,0.514468545031739,3.9577313807567,33.81576755984605,7.03e-05,chen2020_dfn_projected_dnn
1640.0,4.009384573022606,4.009384573022606,0.0,0.5155822629686898,3.958635503256165,33.81498006853053,7.900000000000001e-05,chen2020_dfn_projected_dnn
1645.0,4.008453441982613,4.008453441982613,0.0,0.5166957222581294,3.959541359050178,33.81420195911903,6.15e-05,chen2020_dfn_projected_dnn
1650.0,4.007649273145217,4.007649273145217,0.0,0.5178089581673364,3.9604490357239666,33.81343650038042,6.18e-05,chen2020_dfn_projected_dnn
1655.0,4.006966791811531,4.006966791811531,0.0,0.5189220044983952,3.961358568944837,33.812686826836455,0.000115,chen2020_dfn_projected_dnn
1660.0,4.006400490358671,4.006400490358671,0.0,0.5200348935234949,3.962269967972489,33.81195592934864,6.230000000000001e-05,chen2020_dfn_projected_dnn
1665.0,4.00594501249557,4.00594501249557,0.0,0.5211476560269658,3.963183227128223,33.81124665509208,6.13e-05,chen2020_dfn_projected_dnn
1670.0,4.005594787109475,4.005594787109475,0.0,0.5222603212456073,3.964098321452939,33.81056170031161,6.110000000000001e-05,chen2020_dfn_projected_dnn
1675.0,4.0053432183185045,4.0053432183185045,0.0,0.5233729165840291,3.9650149797195064,33.80989825211367,6.03e-05,chen2020_dfn_projected_dnn
1680.0,4.005185774861895,4.005185774861895,0.0,0.5244854681881573,3.965933520495714,33.80926397707202,7.070000000000001e-05,chen2020_dfn_projected_dnn
1685.0,4.0051093640432995,4.0051093640432995,0.0,0.5255979985670584,3.9668536785666246,33.808660976399494,6.220000000000001e-05,chen2020_dfn_projected_dnn
1690.0,4.005098360798986,4.005098360798986,0.0,0.5267105258895025,3.9677751281151905,33.808090963386746,8.53e-05,chen2020_dfn_projected_dnn
1695.0,4.005134995557688,4.005134995557688,0.0,0.5278230633882687,3.968697475354807,33.80755521357071,5.89e-05,chen2020_dfn_projected_dnn
1700.0,4.0051994388562004,4.0051994388562004,0.0,0.5289356187879509,3.969620256309283,33.80705451578666,6.14e-05,chen2020_dfn_projected_dnn
1705.0,4.005269698936887,4.005269698936887,0.0,0.5300481937043223,3.970542932177385,33.806589120935826,5.89e-05,chen2020_dfn_projected_dnn
1710.0,4.005321501437043,4.005321501437043,0.0,0.531160783010277,3.971464884725335,33.80615868804858,6.3e-05,chen2020_dfn_projected_dnn
1715.0,4.005328286336642,4.005328286336642,0.0,0.532273374200926,3.9723854142517583,33.80576223024457,6.08e-05,chen2020_dfn_projected_dnn
1720.0,4.005261390921491,4.005261390921491,0.0,0.5333859468095153,3.9733037418025106,33.805398064782594,7.010000000000001e-05,chen2020_dfn_projected_dnn
1725.0,4.005090432860155,4.005090432860155,0.0,0.5344984719297543,3.974219016313593,33.80506377180279,6.1000000000000005e-05,chen2020_dfn_projected_dnn
1730.0,4.004783880758962,4.004783880758962,0.0,0.5356109118966318,3.975130289717951,33.80476156387965,6.21e-05,chen2020_dfn_projected_dnn
1735.0,4.004306278358662,4.004306278358662,0.0,0.5367232191961759,3.9760365787270273,33.80448189967598,9.460000000000001e-05,chen2020_dfn_projected_dnn
1740.0,4.003628994366417,4.003628994366417,0.0,0.5378353383612776,3.97693697007921,33.80422002530196,7.450000000000001e-05,chen2020_dfn_projected_dnn
1745.0,4.002723375239337,4.002723375239337,0.0,0.5389472059655107,3.9778305300292045,33.80397048583103,6.230000000000001e-05,chen2020_dfn_projected_dnn
1750.0,4.001562500292382,4.001562500292382,0.0,0.5400587511044808,3.9787163426766066,33.803727166791475,6.25e-05,chen2020_dfn_projected_dnn
1755.0,4.000122941346945,4.000122941346945,0.0,0.541169896365966,3.979593552765232,33.80348337667101,7.02e-05,chen2020_dfn_projected_dnn
1760.0,3.9983863351351783,3.9983863351351783,0.0,0.5422805592368369,3.980461408202464,33.80323196673868,7.900000000000001e-05,chen2020_dfn_projected_dnn
1765.0,3.9963407289474286,3.9963407289474286,0.0,0.5433906538837667,3.981319299972194,33.80296547760469,6.25e-05,chen2020_dfn_projected_dnn
1770.0,3.993981692483245,3.993981692483245,0.0,0.5445000932427899,3.9821667990530427,33.80267631950488,6.220000000000001e-05,chen2020_dfn_projected_dnn
1775.0,3.9913131566674265,3.9913131566674265,0.0,0.5456087913418642,3.9830036882918227,33.80235697080434,5.7600000000000004e-05,chen2020_dfn_projected_dnn
1780.0,3.988347924360178,3.988347924360178,0.0,0.5467166657652975,3.9838299874729746,33.80200018952439,6.29e-05,chen2020_dfn_projected_dnn
1785.0,3.9851077871800156,3.9851077871800156,0.0,0.5478236401506252,3.984645969427703,33.80159922860844,6.050000000000001e-05,chen2020_dfn_projected_dnn
1790.0,3.9816231994128533,3.9816231994128533,0.0,0.5489296465949066,3.985452165321691,33.801148044452646,5.97e-05,chen2020_dfn_projected_dnn
1795.0,3.97793249546467,3.97793249546467,0.0,0.5500346278436468,3.986248965715471,33.80063992230009,7.81e-05,chen2020_dfn_projected_dnn
1800.0,3.974081225166665,3.974081225166665,0.0,0.5511385392950818,3.987037881156378,33.80007231253711,6.0200000000000006e-05,chen2020_dfn_projected_dnn
1805.0,3.9701189363197704,3.9701189363197704,0.0,0.5522413501107264,3.987820081151699,33.79944231402624,6.03e-05,chen2020_dfn_projected_dnn
1810.0,3.966099010953438,3.966099010953438,0.0,0.5533430442804357,3.988596932557571,33.79874828972976,5.9800000000000003e-05,chen2020_dfn_projected_dnn
1815.0,3.96207643217239,3.96207643217239,0.0,0.5544436210671502,3.989369933876424,33.797989913228605,6.1000000000000005e-05,chen2020_dfn_projected_dnn
1820.0,3.958105875855442,3.958105875855442,0.0,0.5555430949215544,3.9901406625050786,33.797168168443136,6.280000000000001e-05,chen2020_dfn_projected_dnn
1825.0,3.9542400752353934,3.9542400752353934,0.0,0.556641494942453,3.9909107271497044,33.796285309673976,7.66e-05,chen2020_dfn_projected_dnn
1830.0,3.9505284892235335,3.9505284892235335,0.0,0.5577388639672374,3.991681725558504,33.795344789011835,6.21e-05,chen2020_dfn_projected_dnn
1835.0,3.947016311744339,3.947016311744339,0.0,0.5588352573871663,3.9924552088529657,33.79435115898792,6.110000000000001e-05,chen2020_dfn_projected_dnn
1840.0,3.943743833114283,3.943743833114283,0.0,0.5599307417852536,3.993232653422128,33.793309958657744,6.26e-05,chen2020_dfn_projected_dnn
1845.0,3.9407461325492568,3.9407461325492568,0.0,0.5610253934887396,3.9940154406565793,33.79222759090828,8.130000000000001e-05,chen2020_dfn_projected_dnn
1850.0,3.9380530554915705,3.9380530554915705,0.0,0.5621192971152651,3.994804844124264,33.79111119778469,6.88e-05,chen2020_dfn_projected_dnn
1855.0,3.93568941444451,3.93568941444451,0.0,0.563212544174833,3.9956020232820606,33.78996853926742,6.19e-05,chen2020_dfn_projected_dnn
1860.0,3.9336753471114108,3.9336753471114108,0.0,0.5643052317712527,3.9964084252984122,33.78880951544062,8.08e-05,chen2020_dfn_projected_dnn
1865.0,3.9320264651924393,3.9320264651924393,0.0,0.5653974613449173,3.9972244290324115,33.78764125304207,5.94e-05,chen2020_dfn_projected_dnn
1870.0,3.930755296234733,3.930755296234733,0.0,0.5664893378160938,3.9980509100914503,33.78647270052073,6.18e-05,chen2020_dfn_projected_dnn
1875.0,3.929870728967529,3.929870728967529,0.0,0.5675809685741403,3.998888618256916,33.78531303518946,6.780000000000001e-05,chen2020_dfn_projected_dnn
1880.0,3.92937891471881,3.92937891471881,0.0,0.5686724627171178,3.9997382051093666,33.78417159160978,7.09e-05,chen2020_dfn_projected_dnn
1885.0,3.9292836112234273,3.9292836112234273,0.0,0.569763930386902,4.000599698721855,33.783052874878194,6.0100000000000004e-05,chen2020_dfn_projected_dnn
1890.0,3.9295875853506077,3.9295875853506077,0.0,0.5708554824939438,4.001474452490568,33.781971102320824,6.1000000000000005e-05,chen2020_dfn_projected_dnn
1895.0,3.9302895358334364,3.9302895358334364,0.0,0.5719472295872309,4.00236294010222,33.78094095759576,6.3e-05,chen2020_dfn_projected_dnn
1900.0,3.9313868412399176,3.9313868412399176,0.0,0.5730392814875753,4.003265070682488,33.77996685544139,6.54e-05,chen2020_dfn_projected_dnn
1905.0,3.9328777691053487,3.9328777691053487,0.0,0.5741317475345491,4.004181163285464,33.77905813187522,0.00012790000000000002,chen2020_dfn_projected_dnn
1910.0,3.93475751388931,3.93475751388931,0.0,0.5752247357328516,4.005111449770521,33.77822399700278,6.27e-05,chen2020_dfn_projected_dnn
1915.0,3.9370203600914033,3.9370203600914033,0.0,0.5763183524995437,4.0060561134578565,33.77747351122429,6.82e-05,chen2020_dfn_projected_dnn
1920.0,3.93965921835248,3.93965921835248,0.0,0.5774127022824194,4.00701528138139,33.77681555109501,6.440000000000001e-05,chen2020_dfn_projected_dnn
1925.0,3.9426657455900647,3.9426657455900647,0.0,0.57850788721175,4.007989027635261,33.77625877802819,0.00010810000000000001,chen2020_dfn_projected_dnn
1930.0,3.946030311606896,3.946030311606896,0.0,0.5796040067427518,4.008977373489,33.77581160651823,6.36e-05,chen2020_dfn_projected_dnn
1935.0,3.9497420032431236,3.9497420032431236,0.0,0.5807011572992081,4.009980287950658,33.77548217262722,0.00010360000000000001,chen2020_dfn_projected_dnn
1940.0,3.95378862796561,3.95378862796561,0.0,0.5817994319180876,4.010998168358884,33.77527620530071,6.16e-05,chen2020_dfn_projected_dnn
1945.0,3.958157483782397,3.958157483782397,0.0,0.582898920108027,4.012030343247094,33.77520340134913,6.500000000000001e-05,chen2020_dfn_projected_dnn
1950.0,3.9628329273791,3.9628329273791,0.0,0.5839997070322991,4.013076648283962,33.77527086821851,6.75e-05,chen2020_dfn_projected_dnn
1955.0,3.9677994389033926,3.9677994389033926,0.0,0.5851018735431055,4.014136870664162,33.77548532457524,6.55e-05,chen2020_dfn_projected_dnn
1960.0,3.9730400527503087,3.9730400527503087,0.0,0.5862054957799806,4.015210735412163,33.775853062722774,7.22e-05,chen2020_dfn_projected_dnn
1965.0,3.9785369740841596,3.9785369740841596,0.0,0.5873106449394485,4.016297922201137,33.776379926490335,6.0700000000000005e-05,chen2020_dfn_projected_dnn
1970.0,3.9842715666226294,3.9842715666226294,0.0,0.5884173870412882,4.01739806762008,33.77707128935231,6.120000000000001e-05,chen2020_dfn_projected_dnn
1975.0,3.990224560559016,3.990224560559016,0.0,0.5895257827525546,4.018510770987637,33.77793203734524,7.8e-05,chen2020_dfn_projected_dnn
1980.0,3.9963762130718585,3.9963762130718585,0.0,0.5906358872561857,4.019635599115206,33.77896655573244,6.42e-05,chen2020_dfn_projected_dnn
1985.0,4.002706498818559,4.002706498818559,0.0,0.5917477501725241,4.020772091715521,33.780178720118386,8.81e-05,chen2020_dfn_projected_dnn
1990.0,4.009195297928793,4.009195297928793,0.0,0.5928614155330599,4.0219197669005196,33.781571892021645,6.21e-05,chen2020_dfn_projected_dnn
1995.0,4.015822584135259,4.015822584135259,0.0,0.5939769218064309,4.023078126838007,33.78314891896895,6.49e-05,chen2020_dfn_projected_dnn
2000.0,4.022568604411924,4.022568604411924,0.0,0.595094301974323,4.024246663378573,33.78491213898678,6.170000000000001e-05,chen2020_dfn_projected_dnn
2005.0,4.029414045962732,4.029414045962732,0.0,0.5962135836537571,4.0254248635337895,33.78686338925638,6.38e-05,chen2020_dfn_projected_dnn
2010.0,4.036340185976441,4.036340185976441,0.0,0.5973347892609727,4.0266122146740235,33.789004018591186,6.1000000000000005e-05,chen2020_dfn_projected_dnn
2015.0,4.043329021059302,4.043329021059302,0.0,0.598457936211267,4.027808209331679,33.791334903309235,6.06e-05,chen2020_dfn_projected_dnn
2020.0,4.050363374224443,4.050363374224443,0.0,0.5995830371485515,4.029012349522731,33.79385646601207,7.1e-05,chen2020_dfn_projected_dnn
2025.0,4.057426978484777,4.057426978484777,0.0,0.6007101001981306,4.030224150518462,33.7965686967425,6.09e-05,chen2020_dfn_projected_dnn
2030.0,4.064504537104289,4.064504537104289,0.0,0.6018391292362152,4.031443144031821,33.79947117598516,6.13e-05,chen2020_dfn_projected_dnn
2035.0,4.071581761454153,4.071581761454153,0.0,0.6029701241699523,4.032668880802446,33.802563098975725,6.38e-05,chen2020_dfn_projected_dnn
2040.0,4.078645388132951,4.078645388132951,0.0,0.6041030812222116,4.033900932590637,33.805843300814615,6.18e-05,chen2020_dfn_projected_dnn
2045.0,4.085683177527961,4.085683177527961,0.0,0.6052379932159693,4.035138893603067,33.809310281921626,6.53e-05,chen2020_dfn_projected_dnn
2050.0,4.092683896326719,4.092683896326719,0.0,0.6063748498538378,4.0363823813968,33.81296223341411,6.110000000000001e-05,chen2020_dfn_projected_dnn
2055.0,4.099637286646836,4.099637286646836,0.0,0.6075136379890173,4.037631037307492,33.81679706205324,6.21e-05,chen2020_dfn_projected_dnn
2060.0,4.106534024455152,4.106534024455152,0.0,0.6086543418846992,4.038884526459732,33.820812414456725,6.09e-05,chen2020_dfn_projected_dnn
2065.0,4.113365669837616,4.113365669837616,0.0,0.6097969434596542,4.040142537421282,33.82500570033898,6.050000000000001e-05,chen2020_dfn_projected_dnn
2070.0,4.120124611472691,4.120124611472691,0.0,0.6109414225183966,4.041404781556981,33.82937411459301,6.19e-05,chen2020_dfn_projected_dnn
2075.0,4.126804007398301,4.126804007398301,0.0,0.612087756964896,4.042670992141279,33.83391465808194,6.15e-05,chen2020_dfn_projected_dnn
2080.0,4.133397723859701,4.133397723859701,0.0,0.6132359229993015,4.043940923276253,33.838624157049594,6.64e-05,chen2020_dfn_projected_dnn
2085.0,4.139900273715815,4.139900273715815,0.0,0.614385895297556,4.045214348670031,33.84349928110271,6.69e-05,chen2020_dfn_projected_dnn
2090.0,4.146306755570068,4.146306755570068,0.0,0.6155376471741033,4.046491060308656,33.84853655974945,5.910000000000001e-05,chen2020_dfn_projected_dnn
2095.0,4.152612794503154,4.152612794503154,0.0,0.616691150728132,4.047770867055613,33.853732397496344,6.58e-05,chen2020_dfn_projected_dnn
2100.0,4.1588144850266024,4.1588144850266024,0.0,0.6178463769739727,4.049053593215806,33.8590830875375,6.730000000000001e-05,chen2020_dfn_projected_dnn
2105.0,4.164908336635063,4.164908336635063,0.0,0.6190032959563713,4.050339077075577,33.864584824071926,6.94e-05,chen2020_dfn_projected_dnn
2110.0,4.170891222149743,4.170891222149743,0.0,0.620161876851413,4.051627169381118,33.87023371331628,5.86e-05,chen2020_dfn_projected_dnn
2115.0,4.176760328863672,4.176760328863672,0.0,0.6213220880538751,4.052917731518106,33.87602578326192,6.03e-05,chen2020_dfn_projected_dnn
2120.0,4.182513112392193,4.182513112392193,0.0,0.6224838972517618,4.054210635131416,33.88195699187679,6.25e-05,chen2020_dfn_projected_dnn
2125.0,4.188147253246003,4.188147253246003,0.0,0.6236472714887745,4.055505760099269,33.88802323475784,7.060000000000001e-05,chen2020_dfn_projected_dnn
2130.0,4.193660615138438,4.193660615138438,0.0,0.6248121772152019,4.056802993127597,33.894220351356864,6.03e-05,chen2020_dfn_projected_dnn
2135.0,4.199051205620727,4.199051205620727,0.0,0.6259785803278742,4.058102226400001,33.90054413013951,6.120000000000001e-05,chen2020_dfn_projected_dnn
2140.0,4.204317138048825,4.204317138048825,0.0,0.6271464461995545,4.059403356236826,33.90699031270151,6.0100000000000004e-05,chen2020_dfn_projected_dnn
2145.0,4.209456594826101,4.209456594826101,0.0,0.6283157396981173,4.060706281766964,33.91355459687691,7.08e-05,chen2020_dfn_projected_dnn
2150.0,4.214467791393588,4.214467791393588,0.0,0.6294864251957266,4.062010903598484,33.9202326388517,6.050000000000001e-05,chen2020_dfn_projected_dnn
2155.0,4.219348940687615,4.219348940687615,0.0,0.6306584665681398,4.063317122484316,33.92702005429851,6.49e-05,chen2020_dfn_projected_dnn
2160.0,4.224098217680408,4.224098217680408,0.0,0.6318318271841622,4.064624837973649,33.93391241853351,6.09e-05,chen2020_dfn_projected_dnn
2165.0,4.228713723708683,4.228713723708683,0.0,0.6330064698851925,4.065933947044417,33.94090526569579,6.3e-05,chen2020_dfn_projected_dnn
2170.0,4.233193450289679,4.233193450289679,0.0,0.6341823569547175,4.067244342699897,33.94799408693672,6.03e-05,chen2020_dfn_projected_dnn
2175.0,4.2375352421798445,4.2375352421798445,0.0,0.6353594500775451,4.068555912531264,33.95517432760602,6.06e-05,chen2020_dfn_projected_dnn
2180.0,4.241736759456013,4.241736759456013,0.0,0.6365377102885051,4.069868537230045,33.962441383410464,6.47e-05,chen2020_dfn_projected_dnn
2185.0,4.245795438451465,4.245795438451465,0.0,0.6377170979102972,4.071182089053725,33.96979059552331,6.31e-05,chen2020_dfn_projected_dnn
2190.0,4.249708451416179,4.249708451416179,0.0,0.6388975724801349,4.0724964302293785,33.97721724461576,6.37e-05,chen2020_dfn_projected_dnn
2195.0,4.253472664828755,4.253472664828755,0.0,0.6400790926648094,4.073811411297179,33.984716543776585,6.96e-05,chen2020_dfn_projected_dnn
2200.0,4.257084596342496,4.257084596342496,0.0,0.6412616161637935,4.075126869388853,33.99228363029732,6.81e-05,chen2020_dfn_projected_dnn
2205.0,4.2605403704043505,4.2605403704043505,0.0,0.642445099600017,4.0764426264415246,33.99991355628811,6.94e-05,chen2020_dfn_projected_dnn
2210.0,4.26383567266792,4.26383567266792,0.0,0.6436294983979804,4.077758487342852,34.00760127810213,6.46e-05,chen2020_dfn_projected_dnn
2215.0,4.266965703388833,4.266965703388833,0.0,0.6448147666489217,4.079074238015432,34.015341644550006,6.280000000000001e-05,chen2020_dfn_projected_dnn
2220.0,4.269925130085712,4.269925130085712,0.0,0.6460008569628343,4.080389643443729,34.02312938389059,6.32e-05,chen2020_dfn_projected_dnn
2225.0,4.2727080398464405,4.2727080398464405,0.0,0.647187720307236,4.08170444564888,34.03095908959949,6e-05,chen2020_dfn_projected_dnn
2230.0,4.275307891764045,4.275307891764045,0.0,0.6483753058327261,4.083018361630687,34.03882520492829,6.53e-05,chen2020_dfn_projected_dnn
2235.0,4.277717470104296,4.277717470104296,0.0,0.6495635606855328,4.084331081282912,34.04672200628022,6.46e-05,chen2020_dfn_projected_dnn
2240.0,4.279928838928709,4.279928838928709,0.0,0.6507524298074574,4.085642265309774,34.05464358545714,6.21e-05,chen2020_dfn_projected_dnn
2245.0,4.2819332990129,4.2819332990129,0.0,0.6519418557238499,4.086951543163652,34.06258383084537,6.32e-05,chen2020_dfn_projected_dnn
2250.0,4.283721348027517,4.283721348027517,0.0,0.653131778320524,4.088257899485134,34.07053442519111,6.110000000000001e-05,chen2020_dfn_projected_dnn
2255.0,4.285283980915717,4.285283980915717,0.0,0.6543221349818894,4.089561693901965,34.07849064545417,6.0100000000000004e-05,chen2020_dfn_projected_dnn
2260.0,4.28660815816029,4.28660815816029,0.0,0.6555128594702673,4.090862369280108,34.08644566522656,7.570000000000001e-05,chen2020_dfn_projected_dnn
2265.0,4.287682597586996,4.287682597586996,0.0,0.6567038824140414,4.092159400140217,34.09439238486277,6.170000000000001e-05,chen2020_dfn_projected_dnn
2270.0,4.288493897694133,4.288493897694133,0.0,0.6578951307189564,4.093452206901421,34.102323382624945,6.050000000000001e-05,chen2020_dfn_projected_dnn
2275.0,4.289028293172641,4.289028293172641,0.0,0.65908652746706,4.094740184607364,34.11023090657909,9.17e-05,chen2020_dfn_projected_dnn
2280.0,4.289270865479145,4.289270865479145,0.0,0.6602779915963597,4.096023718019925,34.11811315659753,6.110000000000001e-05,chen2020_dfn_projected_dnn
2285.0,4.2892016958759545,4.2892016958759545,0.0,0.6614694365118808,4.097300654044438,34.12595554569725,5.910000000000001e-05,chen2020_dfn_projected_dnn
2290.0,4.288809875400185,4.288809875400185,0.0,0.6626607725883809,4.098569783669683,34.13374247719679,7.42e-05,chen2020_dfn_projected_dnn
2295.0,4.2880801132993245,4.2880801132993245,0.0,0.6638519059531861,4.099831374649733,34.14147114100564,6.13e-05,chen2020_dfn_projected_dnn
2300.0,4.286989135883161,4.286989135883161,0.0,0.6650427362687092,4.101084503027632,34.14913178583919,6.050000000000001e-05,chen2020_dfn_projected_dnn
2305.0,4.285519899831199,4.285519899831199,0.0,0.6662331584631067,4.102328341233218,34.1567142582947,6.2e-05,chen2020_dfn_projected_dnn
2310.0,4.283651989823257,4.283651989823257,0.0,0.6674230617936132,4.103561973531278,34.16420792477692,6.560000000000001e-05,chen2020_dfn_projected_dnn
2315.0,4.281365353993418,4.281365353993418,0.0,0.6686123299475003,4.104784466007851,34.17160168303252,6.0400000000000004e-05,chen2020_dfn_projected_dnn
2320.0,4.278638992219426,4.278638992219426,0.0,0.6698008407786723,4.105994840889398,34.1788839434999,6.14e-05,chen2020_dfn_projected_dnn
2325.0,4.275451467248139,4.275451467248139,0.0,0.6709884661862412,4.107192085963922,34.18604262337027,5.8800000000000006e-05,chen2020_dfn_projected_dnn
2330.0,4.271780746240653,4.271780746240653,0.0,0.6721750719490858,4.108375151437699,34.19306513758107,6e-05,chen2020_dfn_projected_dnn
2335.0,4.267604221769358,4.267604221769358,0.0,0.6733605175662439,4.1095425493040185,34.19994143401675,6.37e-05,chen2020_dfn_projected_dnn
2340.0,4.262896707532113,4.262896707532113,0.0,0.6745446555405584,4.110693569513121,34.206654758518084,6.64e-05,chen2020_dfn_projected_dnn
2345.0,4.257636528955377,4.257636528955377,0.0,0.675727332354157,4.1118270454854,34.21319097765536,6.06e-05,chen2020_dfn_projected_dnn
2350.0,4.251797977376298,4.251797977376298,0.0,0.6769083873478728,4.112941730865857,34.219535391899,6.050000000000001e-05,chen2020_dfn_projected_dnn
2355.0,4.245354612089173,4.245354612089173,0.0,0.6780876525178975,4.114036342523061,34.225672729715825,6.48e-05,chen2020_dfn_projected_dnn
2360.0,4.238277961890611,4.238277961890611,0.0,0.679264951951756,4.115109527702822,34.231587109477346,5.9800000000000003e-05,chen2020_dfn_projected_dnn
2365.0,4.230537020265053,4.230537020265053,0.0,0.6804401011240518,4.116159847002123,34.23726198957797,6.790000000000001e-05,chen2020_dfn_projected_dnn
2370.0,4.222097334727202,4.222097334727202,0.0,0.6816129059392539,4.117185748498804,34.242680097635855,6.330000000000001e-05,chen2020_dfn_projected_dnn
2375.0,4.212919846971185,4.212919846971185,0.0,0.6827831614523016,4.118185534654974,34.2478233330836,6.280000000000001e-05,chen2020_dfn_projected_dnn
2380.0,4.202959370503118,4.202959370503118,0.0,0.6839506501663304,4.119157318765245,34.25267263483539,7.070000000000001e-05,chen2020_dfn_projected_dnn
2385.0,4.192162603472602,4.192162603472602,0.0,0.685115139778406,4.1200989677481274,34.25720780342749,6.25e-05,chen2020_dfn_projected_dnn
2390.0,4.180465529801102,4.180465529801102,0.0,0.6862763802033508,4.12100802692151,34.26140726379418,6.110000000000001e-05,chen2020_dfn_projected_dnn
2395.0,4.1677900069459834,4.1677900069459834,0.0,0.6874340996497248,4.121881168970263,34.265248574234874,6.1000000000000005e-05,chen2020_dfn_projected_dnn
2400.0,4.154038902614135,4.154038902614135,0.0,0.6885879993448955,4.12271551071916,34.26870544723238,6.08e-05,chen2020_dfn_projected_dnn
2405.0,4.139091200223232,4.139091200223232,0.0,0.6897377469005128,4.123506856807825,34.27174986326361,6.440000000000001e-05,chen2020_dfn_projected_dnn
2410.0,4.122793127482462,4.122793127482462,0.0,0.6908829672137026,4.124250075498763,34.27435041541196,0.0001023,chen2020_dfn_projected_dnn
2415.0,4.104947960511183,4.104947960511183,0.0,0.6920232305360666,4.124938627522928,34.27647156708531,6.620000000000001e-05,chen2020_dfn_projected_dnn
2420.0,4.0853026735384335,4.0853026735384335,0.0,0.6931580368342717,4.12556178017425,34.2780751689516,6.35e-05,chen2020_dfn_projected_dnn
2425.0,4.063531251912891,4.063531251912891,0.0,0.6942867955153587,4.126112792878727,34.279108835971726,6.230000000000001e-05,chen2020_dfn_projected_dnn
2430.0,4.039220690022803,4.039220690022803,0.0,0.6954088012625872,4.126578440116756,34.279515037406156,6.0100000000000004e-05,chen2020_dfn_projected_dnn
2435.0,4.0118620250544925,4.0118620250544925,0.0,0.6965232073806578,4.126942632808302,34.279225115764575,6.230000000000001e-05,chen2020_dfn_projected_dnn
2440.0,3.9808791296068513,3.9808791296068513,0.0,0.697629007138882,4.1271867138428675,34.27815804629529,7.93e-05,chen2020_dfn_projected_dnn
2445.0,3.945761757229819,3.945761757229819,0.0,0.6987250520714459,4.127292515843154,34.27622220470329,5.9800000000000003e-05,chen2020_dfn_projected_dnn
2450.0,3.9064543147305604,3.9064543147305604,0.0,0.699810178269982,4.12725084546144,34.27332650024073,5.9000000000000004e-05,chen2020_dfn_projected_dnn
2455.0,3.8642436590213456,3.8642436590213456,0.0,0.700883579286377,4.127084022151538,34.26941039872679,6.620000000000001e-05,chen2020_dfn_projected_dnn
2460.0,3.823180490279957,3.823180490279957,0.0,0.7019455738670103,4.126882488454771,34.26450521025731,6.66e-05,chen2020_dfn_projected_dnn
2465.0,3.7906679100644087,3.7906679100644087,0.0,0.7029985371753616,4.126826970293683,34.25880658434437,7.13e-05,chen2020_dfn_projected_dnn
2470.0,3.7736465003383155,3.7736465003383155,0.0,0.7040467723143444,4.1271093800597285,34.25266310943107,6.36e-05,chen2020_dfn_projected_dnn
2475.0,3.770998291130225,3.770998291130225,0.0,0.7050942718396583,4.127749570799127,34.24640272079881,5.92e-05,chen2020_dfn_projected_dnn
2480.0,3.7732779987638625,3.7732779987638625,0.0,0.7061424046170929,4.128571262063449,34.24014473630507,6.170000000000001e-05,chen2020_dfn_projected_dnn
2485.0,3.7712483232278324,3.7712483232278324,0.0,0.7071899735957673,4.1293614043748414,34.23380919644541,6.58e-05,chen2020_dfn_projected_dnn
2490.0,3.761274762587056,3.761274762587056,0.0,0.7082347721409304,4.13001341949752,34.22723078202256,6.0400000000000004e-05,chen2020_dfn_projected_dnn
2495.0,3.7454709190095263,3.7454709190095263,0.0,0.7092751807295442,4.1305384142297195,34.220290672451085,6.230000000000001e-05,chen2020_dfn_projected_dnn
2500.0,3.729121398155512,3.729121398155512,0.0,0.7103110477845874,4.131035547378541,34.21298043075592,7.340000000000001e-05,chen2020_dfn_projected_dnn
2505.0,3.7161763136039867,3.7161763136039867,0.0,0.7113433189828107,4.13160283555945,34.20537404272517,6.330000000000001e-05,chen2020_dfn_projected_dnn
2510.0,3.7064232493647764,3.7064232493647764,0.0,0.712372880996523,4.132243961894742,34.1975452875505,6.390000000000001e-05,chen2020_dfn_projected_dnn
2515.0,3.6977751885988024,3.6977751885988024,0.0,0.7134000407711337,4.132920298422394,34.1895222181775,6.230000000000001e-05,chen2020_dfn_projected_dnn
2520.0,3.6892717899249767,3.6892717899249767,0.0,0.7144248384905573,4.133610340634668,34.18131208331749,6.230000000000001e-05,chen2020_dfn_projected_dnn
2525.0,3.6809475836732597,3.6809475836732597,0.0,0.7154473239304664,4.134312672053534,34.172922315609526,6.440000000000001e-05,chen2020_dfn_projected_dnn
2530.0,3.672878470665811,3.672878470665811,0.0,0.7164675679500958,4.13502798653169,34.164361647495355,6.050000000000001e-05,chen2020_dfn_projected_dnn
2535.0,3.6650343503854534,3.6650343503854534,0.0,0.7174856330474252,4.135754015755529,34.155637862186666,8.82e-05,chen2020_dfn_projected_dnn
2540.0,3.657372188773582,3.657372188773582,0.0,0.718501569766529,4.136488955084827,34.14675751040278,6.03e-05,chen2020_dfn_projected_dnn
2545.0,3.649845565806202,3.649845565806202,0.0,0.7195154157570307,4.137230917584102,34.137725942240706,6.35e-05,chen2020_dfn_projected_dnn
2550.0,3.6424082645876994,3.6424082645876994,0.0,0.7205271958305273,4.13797800662595,34.12854733838532,6.42e-05,chen2020_dfn_projected_dnn
2555.0,3.635014725243609,3.635014725243609,0.0,0.7215369221430951,4.138728324955821,34.11922474964439,6.14e-05,chen2020_dfn_projected_dnn
2560.0,3.627620252886001,3.627620252886001,0.0,0.7225445944355634,4.139479979258679,34.10976013925284,7.14e-05,chen2020_dfn_projected_dnn
2565.0,3.6201807173654377,3.6201807173654377,0.0,0.7235502001903872,4.140231073967994,34.10015441735567,6.24e-05,chen2020_dfn_projected_dnn
2570.0,3.6126522859437435,3.6126522859437435,0.0,0.7245537147142603,4.1409797052256225,34.090407468460626,6.400000000000001e-05,chen2020_dfn_projected_dnn
2575.0,3.604990971235141,3.604990971235141,0.0,0.725555101095159,4.14172395029526,34.08051816812167,6.120000000000001e-05,chen2020_dfn_projected_dnn
2580.0,3.5971521825116555,3.5971521825116555,0.0,0.7265543100347457,4.1424618562483895,34.070484389049284,6.06e-05,chen2020_dfn_projected_dnn
2585.0,3.589090138807603,3.589090138807603,0.0,0.7275512795177478,4.143191424819264,34.060302993917674,6.21e-05,chen2020_dfn_projected_dnn
2590.0,3.5807572249798367,3.5807572249798367,0.0,0.7285459343024644,4.143910594955504,34.04996981385199,6.03e-05,chen2020_dfn_projected_dnn
2595.0,3.572103187138688,3.572103187138688,0.0,0.7295381851877807,4.1446172206412655,34.03947960946783,6.1000000000000005e-05,chen2020_dfn_projected_dnn
2600.0,3.563074189847691,3.563074189847691,0.0,0.7305279280182939,4.145309044158389,34.028826011853766,9.39e-05,chen2020_dfn_projected_dnn
2605.0,3.5536116405850597,3.5536116405850597,0.0,0.7315150423629009,4.145983662363396,34.01800143900681,6.06e-05,chen2020_dfn_projected_dnn
2610.0,3.5436507481486332,3.5436507481486332,0.0,0.7324993897929423,4.146638484719988,34.00699698264236,6.280000000000001e-05,chen2020_dfn_projected_dnn
2615.0,3.533118697482109,3.533118697482109,0.0,0.7334808116533539,4.1472706798476,33.99580225802259,6.14e-05,chen2020_dfn_projected_dnn
2620.0,3.5219323286382904,3.5219323286382904,0.0,0.7344591261890867,4.147876660199425,33.98440481184673,6.97e-05,chen2020_dfn_projected_dnn
2625.0,3.5099953264940074,3.5099953264940074,0.0,0.7354341248908907,4.1484534433778535,33.97279098263033,7.010000000000001e-05,chen2020_dfn_projected_dnn
2630.0,3.4971935749773113,3.4971935749773113,0.0,0.7364055675506066,4.148996921941301,33.96094452961938,6.1000000000000005e-05,chen2020_dfn_projected_dnn
2635.0,3.48339073734113,3.48339073734113,0.0,0.7373731760887569,4.149502351248902,33.948846510994485,6.0400000000000004e-05,chen2020_dfn_projected_dnn
2640.0,3.468420481708408,3.468420481708408,0.0,0.7383366262225648,4.149964109929602,33.93647470629293,5.910000000000001e-05,chen2020_dfn_projected_dnn
2645.0,3.4520767320295054,3.4520767320295054,0.0,0.7392955364259062,4.1503754084508895,33.92380285179672,7.280000000000001e-05,chen2020_dfn_projected_dnn
2650.0,3.4340995334294377,3.4340995334294377,0.0,0.7402494529629698,4.150727724602095,33.91079948699405,6.08e-05,chen2020_dfn_projected_dnn
2655.0,3.4141549509237303,3.4141549509237303,0.0,0.7411978293382265,4.15100783637709,33.89742512479944,5.86e-05,chen2020_dfn_projected_dnn
2660.0,3.3918059906754867,3.3918059906754867,0.0,0.7421399976689697,4.151205681039335,33.883634882218416,6.03e-05,chen2020_dfn_projected_dnn
2665.0,3.366467793348987,3.366467793348987,0.0,0.7430751276115666,4.151303045744708,33.86937136518492,6.53e-05,chen2020_dfn_projected_dnn
2670.0,3.337343332325009,3.337343332325009,0.0,0.7440021674261014,4.151275765421912,33.85456202592508,6.0100000000000004e-05,chen2020_dfn_projected_dnn
2675.0,3.3033242294424374,3.3033242294424374,0.0,0.7449197574898355,4.151090707193088,33.839113504796444,5.97e-05,chen2020_dfn_projected_dnn
2680.0,3.2628426017417254,3.2628426017417254,0.0,0.745826102656986,4.150701608816313,33.82290346074598,6.49e-05,chen2020_dfn_projected_dnn
2685.0,3.2136570565826466,3.2136570565826466,0.0,0.7467187851727034,4.15004200191371,33.80576891391149,6.13e-05,chen2020_dfn_projected_dnn
2690.0,3.1525745886189536,3.1525745886189536,0.0,0.7475945003362084,4.14901723093988,33.78749065347148,6.0100000000000004e-05,chen2020_dfn_projected_dnn
2695.0,3.075193205781618,3.075193205781618,0.0,0.7484487206711479,4.147489933946971,33.7677749938494,7.32e-05,chen2020_dfn_projected_dnn
2700.0,2.975980332168412,2.975980332168412,0.0,0.749275381874528,4.145291669274954,33.746242745398376,5.92e-05,chen2020_dfn_projected_dnn
2705.0,2.84918464532055,2.84918464532055,0.0,0.7500668220537838,4.14222406345774,33.722440636235206,6.1000000000000005e-05,chen2020_dfn_projected_dnn
2710.0,2.6886439063005385,2.6886439063005385,0.0,0.7508136675833118,4.138055764503379,33.69585878272551,6.06e-05,chen2020_dfn_projected_dnn
2715.0,2.472653817813934,2.472653817813934,0.0,0.751500515866038,4.1321306718630755,33.66571893932792,6e-05,chen2020_dfn_projected_dnn
2720.0,2.138414869451116,2.138414869451116,0.0,0.7520945199964412,4.122586759339187,33.63051408534602,6.1000000000000005e-05,chen2020_dfn_projected_dnn
2725.0,1.9706492431172657,1.9706492431172657,0.0,0.7526419225639739,4.116607454635527,33.59297747246262,6.09e-05,chen2020_dfn_projected_dnn
2730.0,1.5169618469521717,1.5169618469521717,0.0,0.7530633008547938,4.102566297943698,33.549955314752424,5.97e-05,chen2020_dfn_projected_dnn
2735.0,1.889184539381727,1.889184539381727,0.0,0.7535880743379554,4.110318618715315,33.51135751049185,6.08e-05,chen2020_dfn_projected_dnn
2740.0,0.0,-0.30694033550429456,0.30694033550429456,0.7535880743379554,4.0548275596793975,33.458957581108905,7.15e-05,chen2020_dfn_projected_dnn
2745.0,0.3988004740635569,0.3988004740635569,0.0,0.7536988522474174,4.060851579864314,33.40797547701948,6.2e-05,chen2020_dfn_projected_dnn
2750.0,1.2572152592472658,1.2572152592472658,0.0,0.7540480787083191,4.082008493475748,33.36261101781395,6.0700000000000005e-05,chen2020_dfn_projected_dnn
2755.0,1.6538294421429942,1.6538294421429942,0.0,0.7545074757755813,4.092278895615187,33.321321334757386,9.410000000000001e-05,chen2020_dfn_projected_dnn
2760.0,1.8418510595807773,1.8418510595807773,0.0,0.7550191010699091,4.097741160660307,33.28241239136571,5.92e-05,chen2020_dfn_projected_dnn
2765.0,1.8889868490307546,1.8889868490307546,0.0,0.7555438196390845,4.099736326909371,33.2443492634971,7.72e-05,chen2020_dfn_projected_dnn
2770.0,1.7698315788373566,1.7698315788373566,0.0,0.7560354395220947,4.097194352317215,33.20516378379426,6.66e-05,chen2020_dfn_projected_dnn
2775.0,1.7112763034269234,1.7112763034269234,0.0,0.7565107940508244,4.095806399612677,33.16557150752334,7.64e-05,chen2020_dfn_projected_dnn
2780.0,1.7156065638808702,1.7156065638808702,0.0,0.7569873514296803,4.095951561891001,33.126284914028474,6.400000000000001e-05,chen2020_dfn_projected_dnn
2785.0,1.759748398433131,1.759748398433131,0.0,0.7574761704292451,4.097217503917458,33.087724634379356,6.38e-05,chen2020_dfn_projected_dnn
2790.0,1.7908789326166574,1.7908789326166574,0.0,0.7579736367994162,4.098267327328199,33.049771839708626,6.42e-05,chen2020_dfn_projected_dnn
2795.0,1.8011757116807212,1.8011757116807212,0.0,0.7584739633859942,4.098826896136113,33.01220274317728,7.47e-05,chen2020_dfn_projected_dnn
2800.0,1.8205241152303193,1.8205241152303193,0.0,0.7589796645291136,4.099642721818016,32.975108310894484,6.890000000000001e-05,chen2020_dfn_projected_dnn
2805.0,1.8294761325035407,1.8294761325035407,0.0,0.759487852343698,4.100215659452466,32.93836809134723,7.350000000000001e-05,chen2020_dfn_projected_dnn
2810.0,1.852608446634084,1.852608446634084,0.0,0.7600024658010963,4.10117944340657,32.90214905782284,6.53e-05,chen2020_dfn_projected_dnn
2815.0,1.845951217674791,1.845951217674791,0.0,0.7605152300282283,4.10138489971972,32.86609854481395,6.610000000000001e-05,chen2020_dfn_projected_dnn
2820.0,1.9100981395514198,1.9100981395514198,0.0,0.7610458128447705,4.10346867409492,32.83105467870257,6.08e-05,chen2020_dfn_projected_dnn
2825.0,1.7651128515380332,1.7651128515380332,0.0,0.7615361219701976,4.1000350710126545,32.79450853937402,8.180000000000001e-05,chen2020_dfn_projected_dnn
2830.0,2.2479849308630775,2.2479849308630775,0.0,0.7621605622287709,4.113047230722277,32.764387692380524,6.35e-05,chen2020_dfn_projected_dnn
2835.0,0.2479849308630775,0.06362575731615294,0.18435917354692455,0.7622294469317886,4.057362540846164,32.71700641031805,6e-05,chen2020_dfn_projected_dnn
2840.0,2.2479849308630775,2.3354272173917425,-0.08744228652866504,0.7628538871903617,4.110106394922374,32.687018895638516,6.510000000000001e-05,chen2020_dfn_projected_dnn
2845.0,0.9149354686843179,0.9149354686843179,0.0,0.763108035931663,4.075112013084404,32.64332976441136,6.230000000000001e-05,chen2020_dfn_projected_dnn
2850.0,2.0100637480708974,2.0100637480708974,0.0,0.7636663869727938,4.103957518064757,32.61061458772065,6.620000000000001e-05,chen2020_dfn_projected_dnn
2855.0,2.5580678450189085,2.5580678450189085,0.0,0.7643769613741882,4.11975822204618,32.58594832799929,6.950000000000001e-05,chen2020_dfn_projected_dnn
2860.0,0.5580678450189085,-1.0401048424123829,1.5981726874312914,0.7645319802200266,4.066547181204548,32.54082346374827,6.120000000000001e-05,chen2020_dfn_projected_dnn
2865.0,2.038882422570344,2.038882422570344,0.0,0.7650983364485184,4.105584817769024,32.50914851542791,6.24e-05,chen2020_dfn_projected_dnn
2870.0,2.5443982093475452,2.5443982093475452,0.0,0.7658051137288926,4.120348989478791,32.48496891123301,6.41e-05,chen2020_dfn_projected_dnn
2875.0,0.5443982093475452,-0.27897072109443943,0.8233689304419847,0.7659563354537113,4.066881361300063,32.440395855682254,6.2e-05,chen2020_dfn_projected_dnn
2880.0,2.1014902829409094,2.1014902829409094,0.0,0.7665400827545283,4.108074299832707,32.41019315448909,6.24e-05,chen2020_dfn_projected_dnn
2885.0,2.354686062946144,2.354686062946144,0.0,0.7671941622164579,4.116482233244932,32.383861428676425,6.06e-05,chen2020_dfn_projected_dnn
2890.0,0.9924563754735374,0.9924563754735374,0.0,0.7674698445429785,4.080646867928242,32.34263961613084,6.110000000000001e-05,chen2020_dfn_projected_dnn
2895.0,1.9995510362180502,1.9995510362180502,0.0,0.7680252753863722,4.107134628442266,32.31183525657957,6.21e-05,chen2020_dfn_projected_dnn
2900.0,2.709114794797331,2.709114794797331,0.0,0.7687778072738158,4.126859186619932,32.29165466719229,6.560000000000001e-05,chen2020_dfn_projected_dnn
2905.0,1.5708162417191378,1.5708162417191378,0.0,0.7692141451187379,4.0995623998477395,32.2564061962338,6.69e-05,chen2020_dfn_projected_dnn
2910.0,2.9268546535524105,2.9268546535524105,0.0,0.7700271603002803,4.134634753037503,32.240480424354814,6.670000000000001e-05,chen2020_dfn_projected_dnn
2915.0,2.3923669704251496,2.3923669704251496,0.0,0.770691706680954,4.124530931510298,32.2164527259099,6.42e-05,chen2020_dfn_projected_dnn
2920.0,1.6640974560935549,1.6640974560935549,0.0,0.7711539559743132,4.1061455980063535,32.182958838513684,0.0001155,chen2020_dfn_projected_dnn
2925.0,2.965510707462735,2.965510707462735,0.0,0.7719777089486085,4.139466133521344,32.16863138258344,6.52e-05,chen2020_dfn_projected_dnn
2930.0,2.6576299442925793,2.6576299442925793,0.0,0.7727159394886899,4.1349067377741795,32.14957142800381,6.57e-05,chen2020_dfn_projected_dnn
2935.0,1.7899111226818976,1.7899111226818976,0.0,0.7732131370227681,4.113610819377027,32.1182431707133,7.05e-05,chen2020_dfn_projected_dnn
2940.0,2.9097793393172484,2.9097793393172484,0.0,0.7740214090614672,4.142071471056058,32.10378856330061,6.29e-05,chen2020_dfn_projected_dnn
2945.0,2.606982504490522,2.606982504490522,0.0,0.7747455708682703,4.13704889452866,32.08461599303388,8.020000000000001e-05,chen2020_dfn_projected_dnn
2950.0,1.6931030309483566,1.6931030309483566,0.0,0.7752158772657558,4.113902343697891,32.05266009320269,6.41e-05,chen2020_dfn_projected_dnn
2955.0,2.861881276396535,2.861881276396535,0.0,0.7760108442869769,4.143496085382099,32.037979726743,6.63e-05,chen2020_dfn_projected_dnn
2960.0,2.4606169676413843,2.4606169676413843,0.0,0.7766943490002107,4.135655948365883,32.01700456732618,6.0700000000000005e-05,chen2020_dfn_projected_dnn
2965.0,1.48095606194744,1.48095606194744,0.0,0.7771057256840852,4.1097371818948485,31.983075007967727,6.35e-05,chen2020_dfn_projected_dnn
2970.0,2.769873439855461,2.769873439855461,0.0,0.7778751349729341,4.142562264910053,31.967238505618354,6.340000000000001e-05,chen2020_dfn_projected_dnn
2975.0,2.1125313962638828,2.1125313962638828,0.0,0.7784619492496739,4.127678442107757,31.941473850006105,6.29e-05,chen2020_dfn_projected_dnn
2980.0,2.39638913921182,2.39638913921182,0.0,0.7791276128994552,4.135222696078632,31.92000995784349,6.510000000000001e-05,chen2020_dfn_projected_dnn
2985.0,1.56105033028674,1.56105033028674,0.0,0.7795612379912017,4.113318390401306,31.887514918517866,6e-05,chen2020_dfn_projected_dnn
2990.0,3.014323895858927,3.014323895858927,0.0,0.7803985501844959,4.15026082690691,31.87652692517986,7.2e-05,chen2020_dfn_projected_dnn
2995.0,2.5640212259735016,2.5640212259735016,0.0,0.7811107783028219,4.141896839793086,31.85825559543497,6.65e-05,chen2020_dfn_projected_dnn
3000.0,1.6348915592383202,1.6348915592383202,0.0,0.7815649148470549,4.118010343626412,31.82708967663524,5.9600000000000005e-05,chen2020_dfn_projected_dnn
3005.0,3.047611691853873,3.047611691853873,0.0,0.7824114736503477,4.153682922766284,31.81729752485637,7.32e-05,chen2020_dfn_projected_dnn
3010.0,2.5521165105783234,2.5521165105783234,0.0,0.783120394903286,4.14409227317812,31.799366121716048,5.8500000000000006e-05,chen2020_dfn_projected_dnn
3015.0,1.5972460947687388,1.5972460947687388,0.0,0.7835640743740552,4.119241051919191,31.76820122242276,6.110000000000001e-05,chen2020_dfn_projected_dnn
3020.0,2.994947102825641,2.994947102825641,0.0,0.7843960041248403,4.154536934145361,31.757956073607716,6.38e-05,chen2020_dfn_projected_dnn
3025.0,2.4917516448221573,2.4917516448221573,0.0,0.7850881573595131,4.144451181595743,31.73949725723071,6.950000000000001e-05,chen2020_dfn_projected_dnn
3030.0,1.4786624242415591,1.4786624242415591,0.0,0.7854988969218027,4.117543708196801,31.707384873035664,6.49e-05,chen2020_dfn_projected_dnn
3035.0,2.9273345906579964,2.9273345906579964,0.0,0.7863120454192077,4.154318998543667,31.696320890270727,6.96e-05,chen2020_dfn_projected_dnn
3040.0,2.406222967226278,2.406222967226278,0.0,0.7869804406878818,4.143533022946911,31.676881556074648,6.170000000000001e-05,chen2020_dfn_projected_dnn
3045.0,1.365647903707126,1.365647903707126,0.0,0.7873597873278003,4.115388841344769,31.643928985877494,6.0100000000000004e-05,chen2020_dfn_projected_dnn
3050.0,2.8438923801264897,2.8438923801264897,0.0,0.7881497574333911,4.153218681255353,31.631729375633768,6.37e-05,chen2020_dfn_projected_dnn
3055.0,2.2670747815578567,2.2670747815578567,0.0,0.7887795004282684,4.140727113683139,31.61049521933336,6.1000000000000005e-05,chen2020_dfn_projected_dnn
3060.0,1.36373356195352,1.36373356195352,0.0,0.7891583153065888,4.115945067555172,31.57788014650015,6.46e-05,chen2020_dfn_projected_dnn
3065.0,2.8739208285732314,2.8739208285732314,0.0,0.7899566266478592,4.154726502375313,31.566541197271704,6.25e-05,chen2020_dfn_projected_dnn
3070.0,2.3184698546128675,2.3184698546128675,0.0,0.7906006460519183,4.143022248387249,31.546452991282308,7.2e-05,chen2020_dfn_projected_dnn
3075.0,1.4094023286073805,1.4094023286073805,0.0,0.7909921466987534,4.118413200901445,31.51470148412227,8.61e-05,chen2020_dfn_projected_dnn
3080.0,2.9321502879756736,2.9321502879756736,0.0,0.7918066328898582,4.157449366627821,31.504811212566608,6.13e-05,chen2020_dfn_projected_dnn
3085.0,2.3934290158863236,2.3934290158863236,0.0,0.7924714742831599,4.146406003008623,31.486302719017544,5.89e-05,chen2020_dfn_projected_dnn
3090.0,1.5263299030667614,1.5263299030667614,0.0,0.7928954548117898,4.123381629893676,31.456232425366863,6.47e-05,chen2020_dfn_projected_dnn
3095.0,2.987563023162261,2.987563023162261,0.0,0.7937253334293347,4.16063959444594,31.44783384317134,6.32e-05,chen2020_dfn_projected_dnn
3100.0,2.426084273221293,2.426084273221293,0.0,0.7943992457274519,4.149117692171626,31.430302613500942,8.16e-05,chen2020_dfn_projected_dnn
3105.0,1.5871770110613053,1.5871770110613053,0.0,0.7948401282305244,4.12697085578449,31.401337418417768,6.31e-05,chen2020_dfn_projected_dnn
3110.0,2.933765188114808,2.933765188114808,0.0,0.7956550630050009,4.161267070632784,31.392464388330154,6.08e-05,chen2020_dfn_projected_dnn
3115.0,2.398975034978919,2.398975034978919,0.0,0.7963214449591616,4.150103524135048,31.374936397268357,6.14e-05,chen2020_dfn_projected_dnn
3120.0,1.5579980137718064,1.5579980137718064,0.0,0.7967542221852095,4.127703082820361,31.346014386243667,6.330000000000001e-05,chen2020_dfn_projected_dnn
3125.0,2.896481081733299,2.896481081733299,0.0,0.797558800263469,4.161853390635006,31.336893553360937,6.15e-05,chen2020_dfn_projected_dnn
3130.0,2.3719946207664857,2.3719946207664857,0.0,0.7982176876581266,4.150779074164914,31.31932935673541,6.0700000000000005e-05,chen2020_dfn_projected_dnn
3135.0,1.5528836123536482,1.5528836123536482,0.0,0.7986490442171135,4.128868844249564,31.290708671651203,6.31e-05,chen2020_dfn_projected_dnn
3140.0,2.864160478204492,2.864160478204492,0.0,0.7994446443499478,4.162391621714596,31.281404563995864,6.2e-05,chen2020_dfn_projected_dnn
3145.0,2.345751117528173,2.345751117528173,0.0,0.8000962418825944,4.15133690151877,31.263800682032695,6.170000000000001e-05,chen2020_dfn_projected_dnn
