state_soc,state_polarization_fast_v,state_polarization_slow_v,state_average_temperature_c,state_previous_current_a
0.1,0.0,0.0,25.0,0.0
0.1012724953864542,0.010514052181417925,0.0023301825444640464,25.072560421668527,4.580983391235215
0.1022408806307116,0.015868904252757714,0.004027341040414842,25.119902937414796,3.4861868793265884
0.1041125244708457,0.02733911078730881,0.007323083137844204,25.260292157664708,6.737917824482755
0.1062910593531794,0.03845787070605368,0.011073111002032617,25.44296479891011,7.842725576401319
0.1085107874392056,0.04711830537707892,0.014776036975000044,25.635289341893607,7.991021109694351
0.1108381289402924,0.05448799615652117,0.018555028257313953,25.846134211292625,8.37842940391235
0.1131922831903909,0.06022421495671831,0.022259637886203436,26.06410812312953,8.474955300354955
0.1155566256235078,0.06460075925609836,0.025861853567740567,26.286132501315198,8.511632759220701
0.1180276968777783,0.06875754214036203,0.029541805470308637,26.525818588866397,8.895856515373755
0.1205801745658717,0.07254065201781218,0.03325058337713779,26.77950201042086,9.18891967713644
0.1231025429680619,0.07512274173865616,0.03678303875898765,27.02974205854059,9.080526247884702
0.1255530206421508,0.07646089713929595,0.04006842325021195,27.26928364658141,8.821719626719716
0.1279110077944642,0.07669802026830642,0.04307708788426044,27.494318486779207,8.488753748328469
0.1301968597846233,0.07627943737344932,0.04585534921574289,27.70741070536758,8.229067164572808
0.1324731025995984,0.07588681908114309,0.048525232864609205,27.9174544650391,8.19447413391023
0.1347296677196039,0.07543043826914259,0.05107184275376774,28.122918527245872,8.123634432020033
0.1369562978168058,0.0748415928562515,0.05348042380119047,28.3222359886588,8.015868349926482
0.1391445010089097,0.07408346073245592,0.05573993592507781,28.514140226822747,7.877531491574153
0.1412837437739837,0.07311161908232246,0.0578359611524328,28.697104055308156,7.701273954266375
0.1433637670849258,0.07189509471542542,0.05975505527919306,28.869719445592178,7.488083919391658
0.145380043833274,0.07045807089934772,0.06149470963898874,29.031449821303568,7.258596294053335
0.1473459646987998,0.0689666903252484,0.0630853084365315,29.18423565219456,7.07731511589303
0.1492858331530036,0.06763544361040194,0.06457622646326595,29.331448395004085,6.983526435133827
0.1512114943915657,0.06652189518570566,0.06599241167121803,29.474809220423197,6.932380458823685
0.1531237065172872,0.06557751240803222,0.06733769423374453,29.61455613370396,6.883963652597156
0.1550244886249274,0.06477639771598853,0.06861808828843477,29.75106765788308,6.842815587504633
0.1569160958779471,0.06410112271223721,0.06983984374409688,29.88473672380354,6.809786110871055
0.1588000799184007,0.0635328329963337,0.07100771800750633,30.015814371377584,6.782342545632931
0.1606765633141691,0.0630456121883757,0.07212369612590214,30.144443085454952,6.755340224766284
0.1625432817236951,0.06260034533069603,0.07318532739593463,30.27040541827057,6.7201862742936775
0.1643949185950605,0.062142544001878616,0.07418465201132307,30.393123565634998,6.665892736915438
0.1662241985291278,0.0616152499114353,0.07511038323340176,30.51169138672316,6.585407762642193
0.1680254239692177,0.06098887864934361,0.07595449245628211,30.625441789589615,6.484411584323436
0.1697968467633476,0.06027392459163228,0.07671644552956307,30.73420597097413,6.377122058867829
0.171539111261416,0.05949800874885154,0.07740010688529403,30.838118363212516,6.272152193046082
0.1732529876945466,0.05868283978881968,0.07800944519537716,30.937336379312967,6.169955159270139
0.1749387211490706,0.05784032309065723,0.0785473378122514,31.031959389248183,6.068640436286563
0.1765963805830809,0.05697791208102386,0.07901624554454033,31.12206885723731,5.967573962437014
0.1782263340663354,0.05610365552000125,0.07941909652308513,31.20778357303812,5.867832539716245
0.1798294431124393,0.05522765332930198,0.07975962679030651,31.2892784067472,5.771192565973987
0.1814069142670428,0.05436031403811937,0.0800420821307752,31.366767144520622,5.678896156572328
0.182960026596373,0.05351002546536191,0.08027070239442223,31.44046946547286,5.591204385588761
0.184489985367281,0.0526824543741351,0.08044945375062428,31.510593604664567,5.507851575268738
0.1859979198443335,0.05188121318289502,0.08058203359694266,31.57733562237246,5.428564117389198
0.1874849194659692,0.05110867596855653,0.08067194558687613,31.640883110391883,5.353198637888591
0.1889520621772356,0.050366524268098005,0.0807225578432335,31.701418116879612,5.281713760558785
0.1904004345512832,0.04965608765150798,0.08073714423299118,31.759119169180448,5.21414054657162
0.1918311458337455,0.04897854835719167,0.08071891316510779,31.81416281649154,5.150560616864251
0.1932453376394908,0.04833505849644554,0.08067102748601564,31.86672457919309,5.09109050068293
0.1946441912197742,0.04772680768188434,0.08059661927595044,31.91697921908065,5.035872889020263
0.1960289341100163,0.04715506851562052,0.08049880302761087,31.965102965578005,4.98507440487162
0.1974008471071832,0.04662123335103184,0.08038068899776046,32.01127272217127,4.938886789800679
0.1987612722139018,0.04612684978897725,0.08024539789283514,32.0556679241771,4.897530384187041
0.2001116194431743,0.04567363782495777,0.08009607298822713,32.09847002242657,4.861250025381145
0.2014533689116897,0.04526346375201036,0.07993588322408442,32.13986425748959,4.830298086655442
0.2027880615260457,0.04489822638085672,0.07976800531138883,32.180038458258146,4.804893411681631
0.2041172708272449,0.04457961621876834,0.07959557191992382,32.21918053767399,4.785153484316994
0.2054425495482196,0.04430872633037941,0.07942157525395062,32.25745317597915,4.771003395509113
0.2067653518995788,0.044085560601430734,0.07924872933233915,32.29507567205479,4.762088464892959
0.2080869336035405,0.04390848192005083,0.07907929602145426,32.33216844949061,4.757694134262306
0.2094082671034932,0.04377392464480931,0.07891494454200568,32.368850854837945,4.756800599829836
0.210729987166656,0.043676430571392685,0.07875667122218172,32.40520719452877,4.758192227386271
0.2120523933432345,0.04360914562559243,0.07860482598802207,32.441286605790594,4.760662235682637
0.2133755109607098,0.04356467518371969,0.07845924517723105,32.47710885513271,4.763223422910865
0.214699190343354,0.04353603993933831,0.0783194500109197,32.51267398068342,4.76524577751924
0.2160232123952116,0.043517443748675465,0.07818485023288083,32.54797274361084,4.766479386687273
0.2173473724759225,0.043504668846446645,0.07805490134486338,32.58299513236136,4.766976290559172
0.218671528351078,0.043495074746667056,0.07792919091767898,32.61773545668285,4.766961150559924
0.2199956127654405,0.043487305114908795,0.07780745729973287,32.652193997036015,4.766703891705076
0.2213196205338435,0.043480857874445424,0.07768956105123875,32.68637610819479,4.766427966250662
0.2226435826382761,0.043475656158316306,0.07757543351767626,32.720289961889364,4.766263575957528
0.2239675377276758,0.04347170579613986,0.0774650223275039,32.75394393853128,4.766238321838762
0.2252915074893511,0.04346887100392575,0.07735824576046554,32.787344314127665,4.766291142030954
0.2266154786016848,0.043466760912790794,0.07725496065852426,32.82049353065389,4.766296004401779
0.227939391250084,0.043464698888485455,0.07715494340388654,32.85338907302622,4.76608553423689
0.2292631325985818,0.04346174051977138,0.07705788059333128,32.886022816815284,4.765468854592174
0.2305865329291101,0.04345670912071029,0.07696336490227322,32.91838063836383,4.764241189901859
0.2319093620596088,0.04344822460063835,0.07687089159457641,32.95041269059834,4.762184869795398
0.2332313242471095,0.043434712549347096,0.0767798523721085,32.98212145607255,4.759063875002228
0.2345520481301042,0.04341437004731717,0.076689520341248,33.01347176245775,4.754605978781092
0.2358710702813497,0.04338508728772327,0.07659902377010296,33.04442089137609,4.748479744483809
0.2371878082017675,0.0433443016834167,0.07650730136785727,33.07491052117945,4.7402565135039465
0.2385015163755798,0.04328874873908667,0.07641302800727306,33.104879738923046,4.729349425724073
0.2398112125317794,0.04321402945946129,0.07631448831635422,33.13422142425748,4.7149061623188295
0.2411155510651983,0.04311385004825362,0.07620935763959516,33.162804749878944,4.695618720307901
0.2424125913540191,0.04297858455831195,0.0760942976917368,33.19044284979197,4.669345039754855
0.2436993477072963,0.04279239504270779,0.07596416554655198,33.216863634384765,4.632322871797729
0.2449708551803297,0.04252707642384677,0.07581036193382262,33.24158293818584,4.5774269029205215
0.2462181489967218,0.042128474285937134,0.07561724411271155,33.26377066111576,4.490257739011439
0.2474242373923248,0.041489741979342416,0.07535498152828729,33.28187908137255,4.3419182241710415
0.24855995028558,0.04043030314796879,0.07497241752834592,33.293380706527785,4.088566415718616
0.2496018982975089,0.03886279735666968,0.07443065260917384,33.29650853266879,3.751012842944347
0.2506945787518766,0.03810902520372121,0.07399949101074209,33.30341612406056,3.9336496357232993
0.251757420578823,0.037298440839485955,0.07352777765349382,33.307520505328114,3.826230577007344
0.252839558920727,0.03685132577257276,0.07310681343946633,33.31292203054517,3.895698030854417
0.253946065392053,0.03671809615351765,0.07274422720488209,33.320141067750406,3.9834232967735392
0.2551187932957441,0.03716555921548111,0.07251475281869744,33.33288239500411,4.221820453287927
0.2564483769524364,0.0387964199746008,0.07258000955112716,33.35980166212346,4.786501164092417
0.257628506274866,0.03878190590115575,0.07236945449449243,33.37334816626895,4.248465560746581
0.2588288610022391,0.03893815848979272,0.07220281604392983,33.388532913337144,4.321277018543513
0.2600361749179496,0.03911258159559073,0.07205436621549671,33.40423551799547,4.346330096557601
0.2612359978131835,0.039181206024651964,0.07189704958709045,33.41917866413837,4.319362422842032
0.2624282972810812,0.03917039443643883,0.07173109654384065,33.43334041670374,4.2922780844318345
0.2636156331906925,0.039121292585833224,0.071561476896119,33.44693380890851,4.274409274600609
0.2648013372985466,0.039071067248986534,0.07139441153627941,33.4602465025186,4.268534788274927
0.2659885931907295,0.03904630574466814,0.07123564675665389,33.47355182475559,4.274121211858526
0.2671789204353072,0.039053154112311125,0.07108769395043814,33.48699732378566,4.28517808047963
0.2683712559790094,0.039074872352552026,0.07094825317561786,33.500493110942045,4.292407957328132
0.2695634454500041,0.039089916995328336,0.07081310122912611,33.51386614398092,4.291882095580515
0.2707543002083138,0.039090146648651014,0.07067992134354356,33.52697832742524,4.287077129915168
0.2719438574407824,0.039079597628812655,0.0705487171767605,33.53984653131704,4.282406036886793
0.2731327316453114,0.039066060336530185,0.07042054943415901,33.552522709100515,4.279947136304249
0.2743215052598216,0.03905509936562601,0.07029638545394316,33.56507491363908,4.279585012236611
0.2755104061450413,0.03904794894404032,0.07017651166724258,33.577488237571515,4.280043186791328
0.2766993127014273,0.03904264520237765,0.07006056521724159,33.58978772599846,4.280063602989362
0.2778879897071523,0.039036779784406006,0.06994798703955762,33.60191785718689,4.279237220610244
0.2790762781624477,0.03902918032583868,0.06983837591476341,33.61388211487622,4.277838439063124
0.2802641457457507,0.03902001624096402,0.06973157570556571,33.62567732687785,4.276323299890912
0.2814516289752892,0.03900998309302173,0.06962756143538444,33.637306437202476,4.274939626338744
0.2826387646996097,0.03899960409536857,0.06952630954864178,33.64877258847031,4.273688607553792
0.2838255590617493,0.03898901705843419,0.06942774103179024,33.66007637461695,4.272459703702524
0.2850119926196012,0.03897811370615774,0.06933173260180575,33.67121622476936,4.271160808266966
0.2861980383674514,0.03896675052182273,0.06923815115360253,33.68218993873728,4.269764692260605
0.2873836739605358,0.03895485862440219,0.06914687646647918,33.6929957502403,4.2682881351039885
0.28856888382211,0.03894244239188155,0.06905780464156036,33.70363252425216,4.266755501667136
0.2897536558776529,0.038929534037554316,0.06897084158817343,33.714099485082215,4.265179399954593
0.290937978248176,0.0389161592819514,0.06888589664817532,33.72439593336867,4.263560533883246
0.2921218379850702,0.038902328533738664,0.06880288016705506,33.73452113522029,4.261895052819018
0.2933052213338667,0.03888804292318063,0.06872170394413649,33.74447434287106,4.260180055667485
0.2944881143756496,0.038873301937290716,0.06864228235962157,33.75425484901206,4.258414950418154
0.2956705034033264,0.03885810694240875,0.06856453297928311,33.7638620191845,4.256600499636415
0.2968523749808897,0.03884246120080673,0.06848837655889264,33.77329529708362,4.254737679227878
0.2980337158677434,0.038826368768210925,0.06841373680141258,33.78255419802741,4.252827192673578
0.2992145129509438,0.03880983373421898,0.0683405401366148,33.791638302792244,4.250869499521338
0.3003947532249996,0.0387928600468752,0.06826871559499131,33.800547255312836,4.248864986600918
0.3015744238020704,0.03877545163256259,0.06819819474144875,33.809280762851245,4.246814077455067
0.3027535119293194,0.03875761254483241,0.06812891162427073,33.817838596679564,4.244717258096124
0.3039320050029997,0.038739347048788446,0.06806080271976778,33.82622059238486,4.242575065249242
0.3051098905789033,0.03872065965416495,0.06799380687207238,33.834426649759735,4.240388073252564
0.3062871563816948,0.0387015551308793,0.0679278652328625,33.842456732498306,4.238156890049068
0.3074637903148183,0.03868203852539372,0.06786292120410158,33.85031086783869,4.235882159244747
0.3086397804713858,0.038662115181070475,0.0677989203844473,33.857989146203806,4.233564563642947
0.3098151151458751,0.03864179076009847,0.06773581051889534,33.86549172082579,4.231204828161362
0.3109897828464112,0.03862107126471504,0.06767354145113538,33.87281880734531,4.228803721929663
0.3121637723075019,0.03859996305684324,0.06761206507829678,33.87997068338143,4.226362059926489
0.3133370725031706,0.03857847287606399,0.06755133530789922,33.886947688074144,4.223880704407561
0.3145096726604459,0.03855660785601412,0.06749130801686389,33.89375022160203,4.22136056619085
0.3156815622731616,0.03853437553922717,0.06743194101243347,33.90037874467987,4.21880260577645
0.3168527311160136,0.03851178389035205,0.06737319399483765,33.90683377803555,4.216207834267389
0.3180231692588092,0.0384888413076384,0.06731502852153173,33.9131159018699,4.213577314064119
0.3191928670808414,0.03846555663256769,0.06725740797283351,33.91922575529867,4.210912159316217
0.3203618152853179,0.03844193915750335,0.06720029751878126,33.92516403577662,4.208213536115484
0.3215300049137669,0.038417998631232256,0.06714366408703407,33.93093149850358,4.205482662416235
0.3226974273603418,0.03839374526227179,0.06708747633163505,33.93652895581107,4.202720807669452
0.3238640743859413,0.0383691897198197,0.06703170460245718,33.94195727652726,4.199929292158468
0.3250299381320595,0.03834434313223079,0.06697632091515247,33.947217385318595,4.197109486025536
0.3261950111342765,0.03831921708291536,0.06692129892142669,33.952310262005085,4.194262807981461
0.3273592863353024,0.038293823603569296,0.06686661387946512,33.95723694084677,4.191390723693162
0.3285227570974821,0.038268175164663396,0.06681224262433968,33.96199850979485,4.188494743847048
0.3296854172146732,0.03824228466313726,0.06675816353823288,33.96659610970937,4.185576421888057
0.3308472609234072,0.038216165407275994,0.06670435652032383,33.971030933532525,4.182637351442544
0.3320082829132489,0.03818983109876428,0.0666508029561891,33.975304225420984,4.179679163429932
0.3331684783362712,0.03816329581195323,0.06659748568658452,33.979417279826805,4.176703522880177
0.3343278428155686,0.038136573970397,0.06654438897548547,33.98337144052766,4.173712125470408
0.3354863724527365,0.038109680320755845,0.06649149847727874,33.98716809960035,4.170706693804254
0.3366440638342524,0.03808262990419179,0.06643880120301505,33.9908086963369,4.167688973457344
0.337800914036702,0.03805543802541987,0.06638628548564894,33.99429471609761,4.164660728818797
0.3389569206308017,0.03802812021960572,0.06633394094421069,33.99762768910176,4.161623738758744
0.340112081684179,0.03800069221733595,0.06628175844687521,34.00080918915302,4.158579792158308
0.3412663957628841,0.03797316990791404,0.06622973007291251,34.00384083229903,4.15553068333834
0.3424198619316135,0.0379455693012604,0.06617784907352439,34.00672427542481,4.152478207425935
0.343572479752641,0.03791790648871771,0.06612610983159303,34.00946121478273,4.149424155699046
0.3447242492834608,0.037890197603083514,0.06607450782038687,34.0120533844576,4.146370310951327
0.3458751710731598,0.03786245877820051,0.06602303956128837,34.014502554771866,4.14331844291624
0.3470252461575466,0.03783470610844908,0.06597170258062694,34.01681053063248,4.140270303792701
0.3481744760530772,0.037806955608486785,0.06592049536571759,34.01897914982403,4.1372276239102845
0.3493228627496249,0.037779223173579776,0.06586941732022115,34.02101028125389,4.13419210757173
0.3504704087021549,0.03775152454086547,0.06581846871895669,34.02290582315254,4.131165429108285
0.3516171168213712,0.037723875251870785,0.06576765066230773,34.02466770123664,4.128149229178415
0.35276299046341,0.03769629061659714,0.06571696503037458,34.02629786684179,4.125145111339874
0.3539080334186655,0.03766878567946228,0.06566641443703278,34.02779829503072,4.122154638919898
0.3550522498998333,0.0376413751873627,0.06561600218406276,34.029170982684946,4.119179332204027
0.3561956445292669,0.037614073560093934,0.06556573221551927,34.03041794658827,4.116220665960847
0.3573382223257434,0.037586894863336065,0.06551560907251022,34.03154122150846,4.113280067315653
0.358479988690738,0.037559852784376825,0.06546563784855286,34.03254285828626,4.11035891398056
0.3596209493943064,0.037532960610713,0.06541582414567237,34.033424921940025,4.107458532846134
0.3607611105606771,0.03750623121163587,0.06536617403140255,34.034189489791345,4.104580198934781
0.3619004786536525,0.0374796770228688,0.0653166939968407,34.034838649622884,4.101725134711035
0.3630390604619146,0.037453310034296104,0.06526739091590128,34.035374497872795,4.098894509743646
0.3641768630843331,0.037427141780783976,0.06521827200590159,34.03579913787502,4.096089440707028
0.3653138939153638,0.03740118333606714,0.06516934478960285,34.036114678149836,4.093310991710333
0.3664501606306241,0.03737544530964172,0.06512061705881672,34.036323230753055,4.090560174936815
0.3675856711727286,0.037349937846581374,0.06507209683967566,34.036426909687634,4.087837951576717
0.3687204337374601,0.037324670630166604,0.0650237923596512,34.03642782938544,4.085145233032856
0.3698544567603431,0.037299652887199164,0.06497571201639174,34.03632810325979,4.082482882378838
0.3709877489036891,0.03727489339585026,0.06492786434843663,34.03612984233797,4.079851716045889
0.3721203190441663,0.03725040049588266,0.06488025800785101,34.03583515397053,4.077252505717862
0.3732521762609463,0.03722618210106626,0.06483290173481132,34.03544614062923,4.074685980407993
0.3743833298244737,0.03720224571360881,0.06478580433416042,34.03496489878626,4.072152828698506
0.3755137891858946,0.03717859844040392,0.06473897465393647,34.0343935178828,4.069653701115046
0.3766435639671772,0.03715524701090606,0.06469242156587049,34.03373407938681,4.0671892126174365
0.3777726639519504,0.03713219779643565,0.06464615394783522,34.032988655939675,4.064759945183145
0.3789010990770789,0.037109456830719714,0.0646001806682183,34.0321593105914,4.062366450462786
0.3800288794249921,0.037087029831476034,0.06455451057218302,34.031248096127456,4.060009252487472
0.3811560152167728,0.037064922222857136,0.06450915246977292,34.03025705448249,4.057688850410553
0.3822825168060129,0.03704313915857207,0.06446411512580706,34.02918821624223,4.055405721264384
0.3834083946734344,0.03702168554551607,0.06441940725150809,34.02804360023083,4.0531603227173365
0.3845336594222719,0.03700056606774447,0.06437503749779817,34.026825213183486,4.05095309581526
0.3856583217744094,0.03697978521063954,0.06433101445019428,34.02553504950083,4.048784467694755
0.386782392567258,0.03695934728512705,0.06428734662522934,34.024175091083464,4.046654854255191
0.3879058827513634,0.03693925645181184,0.06424404246832331,34.02274730724372,4.044564662779262
0.3890288033887222,0.03691951674491216,0.0642011103530257,34.02125365469254,4.042514294492221
0.3901511656517923,0.03690013209588428,0.06415855858154927,34.01969607759821,4.040504147051838
0.3912729808231706,0.036881106356639985,0.06411639538651404,34.01807650771395,4.038534616961872
0.3923942602959215,0.03686244332227056,0.06407462893382009,34.01639686457235,4.036606101903352
0.3935150155745268,0.03684414675320272,0.06403326732656826,34.0146590557423,4.034719002979182
0.3946352582764346,0.03682622039672119,0.06399231860994839,34.012864977145,4.032873726868021
0.3957550001341805,0.03680866800780362,0.06395179077701595,34.01101651342884,4.031070687885042
0.3968742529980551,0.036791493369224625,0.0639116917752803,34.009115538396145,4.029310309948456
0.3979930288392912,0.03677470031089226,0.06387202951402912,34.00716391548314,4.027593028449877
0.399111339753744,0.03675829272839275,0.06383281187231656,34.00516349828473,4.025919292029982
0.400229197966038,0.036742274600723296,0.06379404670754507,34.003116131127285,4.024289564258556
0.4013466158341553,0.036726650007205514,0.06375574186457446,34.001023649682566,4.022704325222227
0.4024636058544387,0.03671142314357484,0.06371790518529412,33.99888788162168,4.021164073020355
0.4035801806669867,0.03669659833725073,0.06368054451859849,33.99671064730609,4.019669325172584
0.4046963530614147,0.03668218006179645,0.06364366773070884,33.99449376051473,4.018220619940457
0.405812135982961,0.03666817295058434,0.0636072827157883,33.99223902920352,4.016818517567009
0.4069275425389158,0.036654581809684776,0.06357139740680035,33.98994825629568,4.015463601437236
0.4080425860053502,0.03664141163000216,0.06353601978656453,33.98762324050227,4.014156479163507
0.4091572798341278,0.036628667598683315,0.06350115789896685,33.985265777168024,4.012897783599531
0.4102716376601796,0.03661635510982475,0.06346681986028464,33.98287765914699,4.011688173786018
0.4113856733090217,0.03660447977450748,0.06343301387058992,33.98046067769974,4.010528335831953
0.4124994008045032,0.03659304743018447,0.06339974822519624,33.97801662341664,4.00941898373306
0.4136128343767615,0.03658206414944622,0.06336703132611754,33.975547287162385,4.00836086013036
0.4147259884703751,0.03657153624818356,0.0633348716935078,33.973054461043944,4.007354737008864
0.4158388777526908,0.036561470293162576,0.06330327797705208,33.97053993939943,4.006401416336649
0.4169515171223135,0.036551873109016725,0.06327225896727875,33.9680055198059,4.005501730641651
0.4180639217177364,0.036542751784651224,0.06324182360676184,33.965453004111225,4.004656543522437
0.4191761069260937,0.03653411367904068,0.06321198100118013,33.962884199480015,4.003866750086187
0.4202880883920116,0.03652596642638311,0.06318274043019576,33.96030091946341,4.003133277304125
0.4213998820265314,0.03651831794055276,0.06315411135810936,33.95770498508347,4.002457084271195
0.4225115040160736,0.036511176418767444,0.06312610344424142,33.95509822593465,4.001839162352217
0.4236229708314046,0.03650455034435525,0.06309872655297938,33.9524824813023,4.001280535191648
0.4247342992365597,0.03649844848846771,0.06307199076341727,33.94985960129241,4.000782258557985
0.425845506297667,0.03649287991054194,0.06304590637849877,33.947231447972285,4.000345419986572
0.4269566093916049,0.03648785395726167,0.06302048393355446,33.94459989651949,3.999971138176252
0.4280676262144063,0.03648338025970428,0.06299573420410022,33.941966836371705,3.999660562085057
0.4291785747893115,0.03647946872828863,0.06297166821273428,33.939334172373265,3.999414869659133
0.4302894734743435,0.03647612954505211,0.06294829723493506,33.93670382591216,3.999235266115008
0.4314003409692545,0.03647337315268508,0.06292563280352019,33.93407773603491,3.999122981679817
0.4325111963216645,0.03647121023963506,0.06290368671147703,33.93145667587152,3.999079268676275
0.4336220589856896,0.0364696521626687,0.06288247111082151,33.92884369070151,3.9991055904899113
0.4347329487178301,0.03646870991842565,0.06286199831021896,33.92624213140908,3.999203035705493
0.4358438855762729,0.036468394228296876,0.06284228076858699,33.9236527978735,3.999372690394395
0.4369548900497739,0.036468716672601806,0.06282333132619375,33.921077729592014,3.999616104603705
0.4380659829702465,0.036469688752152486,0.06280516303213109,33.91851898944924,3.9999345137014175
0.4391771855232758,0.036471321995136294,0.0627877891567437,33.91597866449837,4.000329190904898
0.4402885192369914,0.03647362785829257,0.06277122316402489,33.913458865676205,4.000801369376302
0.4414000059694026,0.03647661764024439,0.06275547868209541,33.91096172758307,4.001352236680673
0.4425116678901437,0.0364803023704716,0.06274056946441349,33.90848940790903,4.001982914667943
0.44362352745605,0.03648469267525474,0.06272650934095499,33.90604408642064,4.0026944372628215
0.4447356073793573,0.03648979861640624,0.06271331215747936,33.90362796339764,4.003487723906318
0.4458479305871794,0.036495629498535194,0.06270099170080995,33.90124325739464,4.004363548159486
0.4469605201707144,0.03650219363995668,0.06268956160774691,33.89889220219379,4.00532250072613
0.4480733993224085,0.03650949810176063,0.06267903525490352,33.89657704278733,4.006364946098559
0.4491865912590689,0.0365175483689868,0.06266942562641387,33.894300030213,4.007490971977263
0.4503001191286736,0.03652634797733992,0.0626607451561079,33.892063415033256,4.008700330577283
0.4514140058983771,0.03653589807849153,0.06265300554040906,33.889869439236634,4.009992370932371
0.4525282742209735,0.03654619693681461,0.06264621751789967,33.88772032630732,4.01136596134695
0.4536429462768794,0.03655723935051184,0.06264039061125821,33.885618269192435,4.012819401261462
0.4547580435885476,0.03656901599066449,0.06263553282714569,33.883565415881094,4.014350322005609
0.4558735868041744,0.036581512652937506,0.06263165030966963,33.8815638523036,4.015955576256323
0.4569895954476559,0.036594709418765706,0.06262874694336643,33.879615582261465,4.017631116533347
0.4581060876320464,0.036608579726108176,0.06262682390232115,33.87772250412689,4.019371863805597
0.45922307973435,0.03662308935462137,0.06262587914321528,33.87588638409301,4.0211715682932825
0.4603405860304309,0.03663819533674255,0.06262590684190705,33.87410882584106,4.023022665891257
0.4614586182902482,0.036653844815053446,0.06262689677577098,33.872391236608685,4.024916135342186
0.4625771853356311,0.03666997387773484,0.06262883365762222,33.870734789812616,4.026841363378194
0.4636962925654924,0.036686506418108986,0.06263169643177971,33.86914038460509,4.028786027500725
0.4648159414568235,0.03670335308113301,0.06263545754878093,33.86760860304264,4.030736008791556
0.465936129054032,0.03672041037875988,0.0626400822424513,33.86613966588982,4.032675349950932
0.4670568474641272,0.03673756007627259,0.0626455278413008,33.86473338851624,4.034586276342803
0.4681780833807116,0.03675466897111046,0.06265174315517406,33.86338913879689,4.036449299703543
0.4692998176653594,0.036771589201522924,0.06265866798702709,33.86210579941559,4.0382434247322845
0.4704220250201492,0.036788159230691175,0.06266623282757627,33.8608817374178,4.039946477242935
0.4715446737890643,0.036804205647929064,0.06267435879590985,33.8597147842126,4.041535568094695
0.4726677259276652,0.03681954590684431,0.06268295789017415,33.85860222938834,4.042987698963692
0.4737911371786937,0.036833992075813574,0.06269193360717168,33.85754083159986,4.044280503702318
0.4749148574849805,0.036847355605163834,0.0627011819762618,33.85652684928948,4.0453931026324845
0.4760388316593078,0.03685945301750393,0.06271059303000905,33.855556093069026,4.046307027578129
0.4771630003134093,0.03687011230689928,0.06272005270131019,33.85462400016138,4.047007154765555
0.4782873010256522,0.03687917969943228,0.0627294450956018,33.853725729434814,4.047482564074696
0.4794116697008163,0.03688652629928804,0.0627386550405896,33.85285627338919,4.047727230590622
0.4805360420487112,0.0368920540438721,0.06274757077027973,33.85200678758014,4.047740452421878
0.4816603558854471,0.036895706957177574,0.06275608802774127,33.85117625512521,4.047529812248831
0.4827845516668015,0.036897464963210835,0.06276411079644138,33.8503637446679,4.047104812875871
0.4839085727648737,0.03689733713551642,0.06277155153759058,33.8495609029186,4.046475953059916
0.4850323671581623,0.03689536832433969,0.06277833400798334,33.848763621966725,4.0456598158388
0.4861558880670427,0.03689163540198996,0.06278439405458852,33.847968222093584,4.044675271969053
0.4872790941962968,0.0368862412065302,0.0627896796636139,33.84717147778724,4.043542065314733
0.4884019495891313,0.036879306799793135,0.06279415029652767,33.84637061165739,4.042279414204336
0.4895244231527347,0.03687096296019781,0.06279777564630139,33.84556326050892,4.040904828971999
0.4906464879659179,0.03686134201635489,0.06280053403524749,33.84474742218606,4.039433327459763
0.4917681205145888,0.03685057113993703,0.06280241073305633,33.843921394842255,4.037877175215327
0.4928893000120292,0.036838768027485126,0.06280339648508425,33.84308372140765,4.036246190785365
0.4940100079430861,0.03682603951923784,0.06280348649875962,33.84223315079237,4.034548551804906
0.4951302279247125,0.03681248317946429,0.06280268004240482,33.84136862376573,4.0327919338547975
0.496249945906431,0.03679819128764793,0.06280098067963198,33.84048928598844,4.0309847341866
0.4973691506560003,0.03678325618155043,0.06279839701833936,33.83959452434448,4.029137098449796
0.49848783440493,0.036767775576137716,0.06279494372794692,33.83868401276254,4.027261496146783
0.499605993484424,0.03675185646460884,0.06279064250586744,33.8377577646271,4.025372686178313
0.5007236287758315,0.03673561650485473,0.06278552267272358,33.83681617639008,4.023487049067123
0.5018407458387115,0.03671918239320413,0.06277962115776534,33.835860033028894,4.021621426368268
0.5029573546613448,0.036702685527966177,0.06277298179339308,33.834890488690576,4.019791761480056
0.5040734690755704,0.03668625599096027,0.06276565401804617,33.83390901992459,4.018011891211623
0.5051891059669982,0.03667001635323895,0.06275769124677157,33.83291736158349,4.016292809140205
0.5063042844639152,0.03665407686390096,0.0627491492560155,33.83191743989687,4.014642588900857
0.5074190252852142,0.03663853316387197,0.06274008491239808,33.83091131727656,4.013066956676305
0.5085333503686941,0.036623466891712385,0.06273055545643634,33.82990115894847,4.011570300527281
0.5096472828049089,0.0366089486615622,0.06272061836919333,33.82888922395313,4.010156770373866
0.5107608470012881,0.03659504219412315,0.06271033166495169,33.82787787499672,4.008831106965089
0.5118740689315677,0.036581808112742725,0.06269975433054883,33.82686959588159,4.007598949006852
0.5129869763102273,0.03656930616432957,0.06268894661302386,33.82586700374566,4.0064665631744445
0.5140995985727876,0.036557595277173636,0.06267796994236179,33.824872846369544,4.005440145216742
0.5152119666204177,0.03654673165680359,0.06266688642516682,33.823889980850424,4.004524971468097
0.5163241123678479,0.03653676573593728,0.06265575799469517,33.822921336364466,4.003724690748902
0.5174360681853518,0.036527739016895676,0.06264464539468115,33.821969868001474,4.003040943013939
0.518547866332389,0.03651968163991105,0.06263360718109817,33.82103850939677,4.002473329333995
0.5196595384475622,0.03651261102880267,0.06262269885965789,33.820130129429515,4.002019614623156
0.5207711151082897,0.03650653145358514,0.06261197217915684,33.81924749426037,4.00167597861912
0.5218826254294212,0.03650143402492999,0.06260147451922325,33.818387701034794,4.001437156073476
0.5229940977893064,0.03649730600566291,0.06259125036265369,33.817558778515604,4.001300495586385
0.5241055576332002,0.03649411362983558,0.06258133736768416,33.81676304577724,4.001255438017992
0.5252170269954884,0.03649180344820559,0.06257176571608895,33.8160025153657,4.001289704237386
0.5263285240806809,0.0364903038206328,0.06256255759019878,33.81527885767434,4.00138950669255
0.5274400627851444,0.03648952554317554,0.06255372655848854,33.81459335986199,4.001539336068745
0.5285516521089509,0.03648936140941364,0.06254527678002131,33.81394687603336,4.00172156570345
0.5296632954711937,0.0364896850845964,0.06253720205812058,33.81333976955682,4.001916104073954
0.5307749899791514,0.03649034988183867,0.06252948484044987,33.81277185143034,4.002100228647808
0.5318867257108337,0.0364911879569243,0.06252209527626972,33.812242319458846,4.002248634056368
0.5329984850637867,0.036492010253259675,0.06251499042583372,33.81174970259053,4.002333670630354
0.5341102422135695,0.03649260736685145,0.0625081136964483,33.811291814101935,4.002325739218384
0.5352219627201462,0.036492751415705474,0.06250139456781767,33.810865716949486,4.00219382367617
0.536333603320245,0.03649219897526172,0.062494748666908656,33.81047324154997,4.0019061603557615
0.5374451109593352,0.03649068699225185,0.06248807644796167,33.81010416986476,4.0014275007251605
0.5385564248858683,0.03648795502917282,0.06248126752322471,33.80975325878552,4.000730135519133
0.5396674767613645,0.03648374551547723,0.062474201218813016,33.80941459693594,3.99978675178638
0.5407781913129964,0.03647780841793535,0.06246674810581974,33.80908166067957,3.9985723858751454
0.5418884874950003,0.03646990893964261,0.06245877241315794,33.80874740955841,3.997066255214087
0.5429982800827885,0.036459836856337455,0.06245013515392072,33.808404422956585,3.995253316037479
0.5441074816195599,0.03644741641521883,0.06244069779507648,33.80804506530728,3.993125532377449
0.5452160046364232,0.036432516002054376,0.06243032630810771,33.80766167535256,3.990682860707789
0.5463237640586727,0.03641505691310133,0.0624188954281761,33.80724677217922,3.9879339200981456
0.5474306796957584,0.03639502061057812,0.06240629292737468,33.806793269368825,3.984896293508903
0.5485366786975114,0.03637245387305675,0.06239242368655605,33.80629468728381,3.981596406310948
0.5496416978510184,0.03634747133281821,0.06237721334231014,33.805745352758095,3.9780689526244375
0.5507456855956773,0.036320255045995384,0.06236061129871097,33.805138986288455,3.97435588077208
0.5518486037956376,0.036291052166278745,0.06234259319637419,33.80447358844731,3.970505519857229
0.5529504285947866,0.03626016562368072,0.06232316162080652,33.80374683435002,3.966569276936862
0.5540511512081389,0.03622794662405107,0.06230234667114897,33.802957687758976,3.9626014080681298
0.5551507780944778,0.036194783924103774,0.06228020537729233,33.80210642438226,3.958656790819969
0.5562493306282368,0.0361610916684464,0.0622568202190488,33.80119461063214,3.9547891215321496
0.5573468443607246,0.036127296895072825,0.06223229694172208,33.800225046222124,3.9510494369558335
0.5584433679628727,0.036093827554392915,0.062206761859861556,33.79920167836298,3.947484967734074
0.5595389619463611,0.03606110171280273,0.0621803588432837,33.79812949566235,3.944138340558635
0.5606336972578502,0.03602951842536118,0.06215324616921463,33.797014409717576,3.9410471213608553
0.5617276538312729,0.03599945055934746,0.06212559340048803,33.79586313165231,3.938243664322167
0.5628209191679113,0.035971239653760895,0.06209757841662861,33.79468304963996,3.935755211898445
0.563913586996157,0.03594519273112559,0.062069384687864555,33.79348211201983,3.9336041816844096
0.5650057560449256,0.03592158085085944,0.06204119884633493,33.79227039595861,3.93180857556682
0.5660975288632977,0.035900638408719925,0.062013208421308696,33.79105507237665,3.930382146139379
0.567189011043046,0.035882565941453295,0.061985600386169085,33.78984514133577,3.929335847093939
0.5682803102755144,0.03586753085681223,0.061958559449542254,33.788649798022384,3.928677236886288
0.5693715356558493,0.0358556700235843,0.06193226685521438,33.78747344220756,3.928411369205534
0.5704627973531411,0.03584709473303756,0.06190689989131358,33.78633020465412,3.928542110250473
0.5715542054723645,0.03584188773372544,0.06188262993555799,33.78523472084032,3.92906922920403
0.5726458696600847,0.03584010715806212,0.06185962192635547,33.78419139794573,3.9299910757928656
0.5737378993080554,0.035841794400646734,0.06183803494603805,33.783209569204985,3.931306732694527
0.5748304027063165,0.03584697133374753,0.06181802086137364,33.782298464380915,3.933012233740028
0.575923486778126,0.035855643031098505,0.06179972407394831,33.781467184208736,3.935102658514401
0.5770172566950554,0.035867798815939864,0.061783281059261695,33.78072466563873,3.937571700945806
0.5781118155258007,0.03588341332383656,0.06176881998262291,33.78007965008027,3.940411790682592
0.5792072638766265,0.035902447228846425,0.06175646031227633,33.77954065130525,3.943614062973265
0.5803036995322285,0.035924847790350385,0.06174631244593218,33.77911592360721,3.947168360167376
0.5814012170959753,0.035950549257128324,0.06173847734836742,33.77881132384414,3.9510632294879873
0.5824999078367378,0.03597947487666108,0.06173304657916872,33.77863670522265,3.955286666745201
0.583599858874167,0.03601153293256099,0.06173010110813863,33.778599348296154,3.959823734745016
0.5847011531900373,0.036046620604837785,0.0617297116820972,33.77870616043304,3.964659537133227
0.5858038692128953,0.03608462333290424,0.0617319383983354,33.77896363724858,3.969777682288449
0.5869080805665821,0.03612541569294336,0.061736830592092715,33.77937783881981,3.97516087327205
0.5880138558136623,0.0361688620123429,0.06174442671838278,33.7799543659504,3.980790889488676
0.5891212582537495,0.03621481728305798,0.06175475433820684,33.7806983409705,3.986648784314344
0.5902303457648557,0.03626312820056016,0.06176783018400274,33.78161439212163,3.992715039982713
0.5913411706967173,0.03631363437073608,0.06178366031813515,33.78270664227944,3.998969754702101
0.5924537798163377,0.036366169644437805,0.06180224038182468,33.783978702097045,4.005392830633541
0.59356821430661,0.03642056355469546,0.06182355593314363,33.78543366770248,4.011964164980549
0.5946845098164549,0.036476642817813515,0.061847582868300714,33.787074122891454,4.018663835441881
0.5958026965596307,0.03653423285878806,0.061874287918288876,33.7889021456445,4.025472275432865
0.5969227994579633,0.03659315931978633,0.06190362921064642,33.79091931867413,4.032370433997614
0.5980448383237266,0.03665324951240409,0.06193555688455255,33.793126743616824,4.039339916747353
0.599168828075147,0.03671433377808231,0.0619700137464843,33.795525058402006,4.046363105113887
0.6002947789785927,0.036776246726554634,0.062006935953308744,33.798114457285585,4.053423252403888
0.6014226969108716,0.036838828328747325,0.062046253709884584,33.800894713011246,4.060504556203766
0.6025525836352228,0.03690192484770276,0.06208789196893849,33.80386520055566,4.06759220766434
0.6036844370849458,0.03696538959830355,0.062131771122061946,33.80702492193484,4.074672419003088
0.6048182516491628,0.037029083533388296,0.06217780767203456,33.81037253158263,4.081732431181524
0.6059540184558695,0.037092875659933064,0.062225914878213454,33.81390636185898,4.088760504143698
0.6070917256481594,0.03715664329407837,0.0622760033683349,33.81762444829491,4.095745892243563
0.6082313586502622,0.03722027216778998,0.062327981711669936,33.821524554247276,4.102678807570335
0.6093729004207667,0.037283656402791174,0.06238175694998573,33.82560419469087,4.109550373815999
0.6105163316910914,0.03734669836916979,0.06243723508414432,33.82986065893442,4.116352573169174
0.6116616311878901,0.037409308446823025,0.06249432151538012,33.83429103210159,4.123078188474885
0.6128087758386158,0.03747140470781077,0.06255292144132198,33.83889221526704,4.129720742612075
0.6139577409599293,0.03753291253690235,0.06261294020765704,33.84366094417885,4.136274436728206
0.6151085004290003,0.03759376420629295,0.06267428361697885,33.848593806535234,4.142734088656455
0.6162610268380387,0.0376538984187909,0.06273685819683153,33.85368725781137,4.1490950725377385
0.617415291632592,0.0377132598318852,0.06280057142927462,33.85893763565611,4.15535326039171
0.618571265234295,0.037771798573112594,0.06286533194446874,33.86434117289053,4.161504966130638
0.6197289171488222,0.03782946975516834,0.06293104968084355,33.869894009156724,4.167546892298218
0.6208882160598306,0.03788623299730229,0.06299763601437558,33.87559220130328,4.173476079630444
0.6220491299096559,0.03794205195774117,0.06306500385938654,33.88143173239671,4.179289859371443
0.6232116259675163,0.03799689388057835,0.0631330677431706,33.88740851949898,4.184985808297869
0.6243756708858773,0.03805072915889667,0.06320174385650396,33.89351842064798,4.190561706099239
0.625541230745491,0.03810353091428634,0.06327095008176649,33.899757240516806,4.196015494609131
0.6267082710896568,0.03815527459313066,0.06334060600040389,33.906120735014326,4.201345238996813
0.6278767569480438,0.038205937578272745,0.06341063288103375,33.912604614856384,4.206549090193544
0.6290466528503648,0.038255498814570396,0.06348095364935501,33.919204548131006,4.211625248355324
0.630217922830062,0.03830393844618431,0.06355149284075254,33.92591616187144,4.21657192690982
0.6313905304180836,0.03835123746327568,0.06362217653630205,33.932735042648005,4.221387316877604
0.6325644386267265,0.03839737735556326,0.06369293228267711,33.93965673617549,4.226069551114273
0.6337396099234446,0.03844233977016982,0.06376368899629778,33.946676745932905,4.230616668185057
0.6349160061944427,0.03848610617119508,0.06383437685190665,33.95379053077994,4.235026575593214
0.6360935886978137,0.03852865749857784,0.06390492715563761,33.960993501553446,4.239297012135811
0.6372723180059223,0.03856997382397309,0.06397527220254012,33.96828101662078,4.2434255091906685
0.6384521539366971,0.03861003400160889,0.06404534511844952,33.97564837636122,4.247409350789214
0.6396330554734686,0.03864881531237563,0.06411507968604746,33.98309081654952,4.251245532377445
0.6408149806729739,0.03868629309973468,0.06418441015493845,33.99060350060938,4.25493071821899
0.6419978865611571,0.0387224403964324,0.06425327103558356,33.99818151070923,4.258461197459252
0.643181729016416,0.03875722754144836,0.06432159687697946,34.00581983767404,4.2618328389323015
0.6443664626399914,0.038790621787118354,0.06438932202805576,34.0135133696893,4.265041044870868
0.6455520406132592,0.03882258689694952,0.06445638038288946,34.02125687978571,4.268080703764203
0.6467384145417868,0.03885308273528379,0.06452270511000203,34.02904501209844,4.270946142698923
0.6479255342861274,0.03888206485069254,0.06458822836622201,34.03687226690704,4.273631079626232
0.6491133477794909,0.038909484055780735,0.06465288099586114,34.04473298447812,4.276128576108556
0.6503018008326074,0.03893528600694996,0.0647165922162705,34.05262132775465,4.278430991218925
0.6514908369263256,0.03895941078859582,0.06477928929121105,34.06053126395062,4.280529937385778
0.6526803969927432,0.03898179250719973,0.06484089719389421,34.06845460366242,4.282416239103052
0.6538704195494803,0.03900236190547163,0.06490133892770986,34.076386673555135,4.284081204253676
0.6550608396003681,0.03902103812591938,0.06496053357753985,34.08432075188489,4.285512183195651
0.6562515891112923,0.0390377355624055,0.06501839730916027,34.09224985193896,4.286698239327357
0.6574425964276136,0.039052360241820405,0.06507484239780807,34.10016667373759,4.287626338756255
0.6586337861721564,0.039064811087257595,0.06512977716850703,34.108063595809426,4.288283080353727
0.6598250789241051,0.039074979052959764,0.06518310553713992,34.11593264822193,4.288653907015444
0.6610163909977921,0.03908274730236974,0.06523472674943807,34.123771881526636,4.28872346527306
0.662207633002183,0.039087981266825965,0.06528453289572454,34.13156637080726,4.288471215807387
0.66339871239442,0.03909055420764949,0.06533241382074712,34.13930019368115,4.287885812053457
0.6645895322627844,0.03909033518944202,0.06537825496842532,34.14697037659578,4.286951526111199
0.6657799890865985,0.03908717162752888,0.06542193342360371,34.1545668941618,4.285644565730728
0.6669699744892591,0.039080909221775144,0.06546332139532735,34.16207931077895,4.283947449578117
0.6681593743199749,0.0390713848011995,0.06550228469464829,34.169496703902496,4.281839390576404
0.6693480687528829,0.0390584293757978,0.06553868312518567,34.176807675637406,4.279299958468772
0.6705359320350971,0.03904186751947479,0.06557237021804996,34.18400033539791,4.276307815971011
0.6717228323641885,0.03902151797774085,0.06560319321244482,34.191062294253754,4.272841184729208
0.6729086317201501,0.03899719374636722,0.06563099295355387,34.19798065610576,4.268877681461707
0.674093185693447,0.038968702097904775,0.0656556037865974,34.20474507315021,4.264394303869309
0.6752763427463726,0.03893583991918249,0.06567685241662317,34.21133843639177,4.259365390532553
0.6764579451471985,0.038898404043940474,0.06569455986876163,34.21774628014334,4.253768642972517
0.6776378278117162,0.03885618169438643,0.06570853955246397,34.22395355917155,4.247577592264302
0.6788158180076885,0.0388089504584979,0.06571859696913927,34.229944635583934,4.240764705500307
0.6799917346928781,0.038756475245484354,0.06572452875836157,34.23570323288709,4.2333000666820535
0.681165387670052,0.038698504495322875,0.06572612144008685,34.24121237460844,4.2251507178259615
0.6823365764465651,0.03863476490145468,0.06572314965699615,34.24645429843241,4.216279595447099
0.6835050887146183,0.038564954327639706,0.0657153737796559,34.25141033897814,4.206644164992039
0.6846706983352274,0.03848873240707419,0.0657025366811282,34.25606076960355,4.19619463419245
0.6858331626738973,0.03840570815124298,0.06568435942982488,34.26038459082304,4.184871619212044
0.6869922190866884,0.03831542365778001,0.06566053556730048,34.264360069129395,4.172603086047747
0.6881475801851736,0.03821733182975147,0.06563072333694277,34.26796181553368,4.159299954547288
0.6892989279267364,0.038110769997484306,0.06559453601556474,34.271162940961915,4.144851869625855
0.6904459054640917,0.03799492166550329,0.06555152845763167,34.27393348388273,4.12911913447905
0.6915881064654524,0.037868766989161355,0.06550117944742806,34.276239556332484,4.111923604899059
0.6927250610836697,0.03773101802871747,0.06544286849150975,34.278042431473914,4.093036625582768
0.6938562177351943,0.03758003567896622,0.06537584569645852,34.27929988422943,4.072163945488826
0.6949809200965591,0.03741372799292711,0.06529919387326565,34.279954274647935,4.048928500912767
0.6960983811741944,0.03722944991660292,0.06521178652069205,34.279941651687295,4.022859879487003
0.6972076595795361,0.03702394648267143,0.0651122512198593,34.27918601711724,3.9934022592301415
0.6983076578888043,0.036793492778433384,0.06499897466620581,34.27759955280726,3.959993913366316
0.6993971938533258,0.036534600613628135,0.06487024094030357,34.27508875264852,3.9223294722769015
0.7004752546256678,0.03624605949063312,0.06472470039756366,34.27157584428727,3.881018780430789
0.7015415985195504,0.03593333535913517,0.06456245963751876,34.26704671171302,3.8388380179773423
0.7025977007416209,0.03561470425049257,0.06438676573597127,34.26162537822495,3.801967999454018
0.7036472445907923,0.03532208642905668,0.06420480310792731,34.25561126781827,3.7783578570176872
0.7046946870265348,0.035085759964652505,0.06402493813361351,34.249365815041244,3.770792768673032
0.7057425668774728,0.03491253303546801,0.06385175135188496,34.243104182024524,3.772367463376235
0.7067905605573184,0.03478384930756024,0.06368443200016939,34.2368130397611,3.7727772474442927
0.7078366594623514,0.03467190069860791,0.06351911021872635,34.23034433523072,3.76595605811908
0.7088788601600903,0.03455592138363766,0.06335205206745473,34.22355081910939,3.7519225118599415
0.7099164031253801,0.03443065031364041,0.06318192344744197,34.216377196636415,3.735154675043217
0.7109499226318278,0.03430366701713343,0.06300998616453647,34.2088730408874,3.720670223211593
0.7119804486189399,0.034183912398994695,0.06283818533425654,34.20112291138054,3.709893553604297
0.713008505439294,0.03407389942717903,0.06266747668782953,34.193171569512856,3.7010045532737577
0.7140341884067822,0.033971963582296566,0.062497999075434456,34.185030700252746,3.6924586829580335
0.7150575326615805,0.03387636213044458,0.062329776620641576,34.1767068069737,3.684039317273193
0.7160786061263764,0.0337860618656313,0.062162892689822134,34.168208475034305,3.675864473265346
0.7170974759063434,0.03370028289380703,0.061997426428272634,34.15954399040976,3.667931207881481
0.7181141973956968,0.033618344864522316,0.06183343295016184,34.150720415894746,3.660197361672424
0.7191288134712766,0.03353963525190051,0.06167094264705864,34.14174358243264,3.652617872086672
0.7201413540241747,0.033463588412671864,0.061509961138079584,34.13261813031846,3.645145990432927
0.7211518362505587,0.0333896761883621,0.06135047061189673,34.12334755685231,3.637736014982308
0.7221602648113777,0.033317399789631406,0.06119243088479477,34.11393425310365,3.630342818948042
0.7231666320701216,0.03324628436831283,0.061035780567085876,34.10437954508069,3.6229221314772135
0.7241709181766692,0.03317587368401891,0.06088043790957098,34.09468372185677,3.615429983571707
0.7251730910963273,0.03310572566033229,0.06072630152197346,34.08484605820218,3.607822510769513
0.7261731064764835,0.03303540771783406,0.060573250770541084,34.0748648237618,3.600055368561737
0.7271709073939879,0.03296449229636361,0.06042114594424739,34.064737282147746,3.592083303015867
0.7281664239088314,0.032892551903863525,0.06026982806085071,34.0544596745321,3.5838594534362382
0.7291595724294822,0.032819153855309785,0.06011911833440498,34.04402718833171,3.575334674342505
0.7301502548196785,0.0327438541996575,0.05996881718672454,34.03343390597967,3.566456604707525
0.7311383572153015,0.03266619077994112,0.05981870276024936,34.02267273173749,3.557168624242224
0.7321237484647315,0.03258567492924898,0.05966852879003575,34.011735290484694,3.5474084979483167
0.7331062781119423,0.032501781478705125,0.05951802170793855,34.00061179298149,3.53710672995868
0.7340857737895471,0.032413936405255854,0.059366876760931414,33.98929046752613,3.5261844393767974
0.735062037915076,0.032321501831515616,0.059214752980343566,33.97775843217022,3.514550851903504
0.7360348432042555,0.032223755026707095,0.05906126614918525,33.966000368180914,3.502099041046055
0.7370039271229328,0.03211986392374364,0.058905980055725234,33.95399843805717,3.488702107238429
0.7379689843963588,0.032008852747708365,0.05874839447551594,33.941731766127134,3.474206184333932
0.7389296571486315,0.0318895567150232,0.058587929206483,33.92917575488178,3.4584219081812444
0.7398855216000246,0.03176055969459647,0.05842390232250949,33.91630104532925,3.4411120250151224
0.7408360699168681,0.03162010750790695,0.05825550026098963,33.903072606702096,3.421973940636435
0.74178068497397,0.031465984491747964,0.058081735909300436,33.88944593667895,3.4006142055668014
0.7427186048637991,0.03129533641330427,0.05790138928518043,33.87536964610888,3.376511603385301
0.7436488715268531,0.031104406759556877,0.05771292107826561,33.86077759376309,3.3489599869942293
0.7445702562215994,0.030888148040784404,0.05751434660553896,33.84558523906338,3.316984901086239
0.7454811496005881,0.03063963848910883,0.057303049072491716,33.82968255466546,3.2792161643597084
0.7463793997554499,0.030349215669447635,0.057075503657165114,33.81292378575506,3.2337005575022446
0.7472620788885704,0.030003238442543698,0.05682687991171155,33.79511337135648,3.1776448792334677
0.7481251704324837,0.029582503247954698,0.05655051148028402,33.77598799608739,3.1071295580873657
0.7489632254450208,0.029060805161529958,0.056237326882258555,33.755201738053415,3.016998045133764
0.7497691745417964,0.028405146281367293,0.0558755837136006,33.732326067857855,2.901416748391455
0.7505344006889831,0.02757804703151296,0.05545108921847646,33.70687537198404,2.754814129872708
0.7512469424076662,0.02652382812984438,0.05494399007939906,33.67823140619953,2.565150187258832
0.7518810565509568,0.0250869535697641,0.054309844827392394,33.64514560453381,2.282810915845936
0.7524206704719447,0.023230940029165155,0.053523372682464244,33.607234207837955,1.942610115556192
0.7530094345652721,0.022248206389851744,0.0528526023821505,33.57172897950153,2.1195507359789807
0.7531716841044663,0.017988738831372746,0.05142272016301443,33.52107509654223,0.5840983410984695
0.7534469416961297,0.01573514959645148,0.050246499616850265,33.473250806389615,0.9909273299874704
0.7537585840699238,0.014349438802035222,0.04917534031840164,33.42661258728241,1.1219125456592591
0.7540957468481204,0.013523386671895211,0.04818591457050953,33.38091114600701,1.2137860015079696
0.7544957628006325,0.013424586125923491,0.047343915123107906,33.33746937177517,1.4400574290435806
0.7549357387093105,0.01368082550601871,0.046602602865646534,33.295692085172675,1.5839132712407098
0.7554052250233133,0.01411639835822038,0.045939552653475484,33.25528818274887,1.6901507304096164
0.7558930471383309,0.014593834242659212,0.04533174438607318,33.215877267124654,1.7561596140633595
0.7563830799661299,0.014969361589876272,0.0447478448759057,33.17681015191556,1.7641181800753438
0.7568678718276544,0.015207061797471803,0.04417342743899813,33.137791782074885,1.7452507014884668
0.7573539804240367,0.015395810433271376,0.04362019064820434,33.09907581251911,1.7499909469761228
0.7578474500481898,0.015597870273011299,0.04309851066943065,33.060905960471366,1.7764906469509023
0.7583465955476676,0.01579596712367918,0.04260427052732624,33.0232205656946,1.796923798119975
0.7588497152927314,0.01597703870849431,0.042133457598234815,32.98595016026718,1.8112310822295528
0.7593574512407893,0.016150674633887134,0.04168648193002444,32.9491225672237,1.827849413009056
0.75986836093587,0.016306828158880737,0.0412599232122387,32.912676509555865,1.83927490229004
0.7603845484289052,0.01646728457013221,0.0408569672279913,32.87670254715556,1.8582749749272764
0.7609008082485774,0.016587950346413624,0.0404673105290034,32.84095282590289,1.8585353508196396
0.7614309106748883,0.016792618704954326,0.04011573457035273,32.80606157453992,1.908368734718934
0.7619305275186974,0.01669388176477356,0.03971982164328104,32.77007796669744,1.7986206377128
0.7625459378887326,0.017576747132263263,0.039548885524814205,32.73968315116912,2.215477332126292
0.7626186341515296,0.013753187316273289,0.03838972147336154,32.692492126580646,0.2617065460694068
0.7632644327230073,0.015627334297457288,0.03831789382984174,32.66375413785738,2.324874857318417
0.7633739361481588,0.012598579083055785,0.03726635416700527,32.61744507800711,0.3942123305471492
0.7639283165915952,0.01400800420639767,0.03706382917460121,32.58460110642904,1.995769596369966
0.7647040317712867,0.0168914536232363,0.0372732280687304,32.56368312438565,2.7925746468897783
0.7647950297463663,0.013391606732314135,0.036221936499495,32.51775227692042,0.3275927102871216
0.765408274629443,0.015087790246599127,0.03616133056686154,32.48838628232795,2.207681579075632
0.7658860467953548,0.015237680397907499,0.03585462850354425,32.45327008636827,1.7199797972825044
0.766751754317268,0.018555175810448774,0.03626833199213169,32.43892464336977,3.116547078887392
0.7675048419320291,0.02010710233215462,0.03646228885807424,32.41836933521228,2.7111154131408317
0.7678741117580745,0.018097083518940363,0.03594706424625745,32.380018553795935,1.329371373763557
0.7685221532354372,0.01889636716372573,0.03595915916060869,32.35399847832946,2.332949318505965
0.7687901090650822,0.016353989045903627,0.035274849315670924,32.31287835834803,0.9646409867231248
0.7693758724894499,0.017077449023963347,0.03519486624560985,32.28395271561891,2.108748327724344
0.770040352315955,0.01826920592614903,0.0352616414675804,32.25934274264904,2.3921273754183794
0.7704728790253711,0.017244464132583643,0.03490148422539262,32.22423117903526,1.557096153897918
0.7712704741472635,0.019494053223375114,0.035221605467666665,32.20771378547892,2.87134243881182
0.7718908295759712,0.01971295050477763,0.035206706753098185,32.18163581337109,2.233279543347834
0.7724787398203895,0.01960866964640407,0.03513288152262392,32.15412788667959,2.1164768799065903
0.7731832878753274,0.020494362484998703,0.035275054727887896,32.13303672632094,2.536372997775963
0.7736449237116768,0.019150045459135474,0.03496776358038922,32.10016289717669,1.66188901085759
0.7744738376020307,0.021178756374842178,0.035343069760763755,32.08691472232437,2.984090005273089
0.7752180274084198,0.021996786902235242,0.03555096656491489,32.06890716280873,2.679083303000095
0.7757380699866699,0.02075688534613174,0.03534161374438238,32.039224932432944,1.872153281701181
0.776539099972351,0.02215074900218397,0.03565364336943555,32.025015007847685,2.883707948452505
0.7772389243362487,0.02235754922883833,0.035770150370197935,32.005063926930006,2.5193677100321046
0.7776612775080318,0.020219677486591217,0.03537474758426171,31.971657656571665,1.52047141841995
0.778439392068013,0.021559421140731637,0.0356437320108437,31.95647271227665,2.801212415932345
0.7790564322433416,0.021231055396695404,0.035608969181492936,31.93237841768501,2.221344631182954
0.7795772829062494,0.02019057178032764,0.03539920084645579,31.903627176430632,1.8750623864675984
0.7804018472246607,0.02192143487170588,0.03575244464309029,31.89187013409548,2.968431546281812
0.781110986977646,0.022262924241034182,0.035882781509737435,31.87341025198054,2.552903110747022
0.7815493458795225,0.02028111849697919,0.03551300798465918,31.84153039140585,1.5780920467560096
0.7823690702961222,0.02194920029987318,0.03585367027482419,31.829946512678127,2.9510078997588107
0.783061395996049,0.022144773982203363,0.03594990978148873,31.8109656933276,2.4923725197361843
0.7834689670519688,0.01993832165263354,0.03552156436052589,31.77825034031281,1.4672558013126
0.7842710446758226,0.02154688087945358,0.03582963241147451,31.765944543987924,2.8874794458740323
0.7849282644542355,0.0215536574603879,0.0358623717107029,31.745365461312414,2.365991202285816
0.7853025619899985,0.019221070159476123,0.03537595646921166,31.71176260575652,1.3474711287470234
0.7860806664537603,0.020812088311747697,0.03564488290660493,31.69829199766008,2.8011760695432004
0.7866837545871489,0.02055655317383112,0.03558453361249445,31.67514326407405,2.1711172801996077
0.7871593617071388,0.0193120206044962,0.03529271414068108,31.645984713279802,1.7121856319631803
0.7879952871228582,0.021357894058515018,0.0356702418008138,31.636648892368214,3.009331496589713
0.7886744116386042,0.0215932291309928,0.03574830105446561,31.618134558481813,2.444848256686428
0.789087336384204,0.019569840419361505,0.0353363469562534,31.58681851042087,1.4865290841590095
0.78991595653119,0.021490458321316738,0.035699071541659085,31.57748053970846,2.9830325291486885
0.7905895194788657,0.021646473132265278,0.03576600446997316,31.559084013127237,2.424826611632273
0.7909978435917155,0.01957166951315058,0.03534504726257972,31.52797751041618,1.469966806259534
0.7918193508742434,0.021433056644054038,0.03569446254411157,31.518610588059573,2.9574262171002856
0.7924877509077878,0.02156086112554516,0.03575209179063492,31.5003266914967,2.406240120760072
0.7928964360123377,0.019510589484003225,0.03533225023370701,31.469612150447404,1.471266376380636
0.7937126520910504,0.02134363215828935,0.03567239445958399,31.46031742496666,2.9383778833641965
0.7943774278251281,0.021463999597397414,0.035724108008877334,31.442222448331794,2.3931926426793284
0.7947914617074223,0.0194823033468611,0.035314975475234635,31.412092248459487,1.4905219762600224
0.795602809075374,0.021282237932748867,0.035646768623728384,31.40289509341989,2.9208505246271
0.7962646934233212,0.02139416860612068,0.03569402483212596,31.385027396275746,2.382783652609993
0.7966861622792878,0.019491481222279904,0.03529949014476353,31.35556505245989,1.5172878814798685
0.7974906925543793,0.02123277911311227,0.03561930588473541,31.346340571581663,2.896308990329176
0.7981481304409201,0.021320419896403868,0.035659317133814095,31.328608814815084,2.366776391547601
0.798575087863863,0.019481645226509033,0.03527596715879047,31.299734107066058,1.5370467225944378
0.7993711883602416,0.02115576748294736,0.03558111498932897,31.290372772295875,2.865961786963195
