role,trajectory_id,ambient_temperature_c,target_reached,charge_time_s,maximum_voltage_v,maximum_temperature_c,minimum_current_a,maximum_current_a,maximum_current_step_a,guard_exceedance_count,maximum_positive_residual_growth_v,empty_voltage_slew_count,empty_thermal_slew_count,solver_failure_count,prediction_infeasible_count,sustained_oscillation_count,voltage_intervention_fraction,thermal_intervention_fraction,both_layers_fraction,maximum_voltage_correction_a,maximum_thermal_correction_a,teacher_retry_count,alternative_selected_count,total_thermal_supervisor_time_s
development,phase7cr2_development_15c_000,15.0,True,1070.0,4.186263653331556,21.291879960851816,0.082841310815938,7.279525102453094,1.999999999999999,0,0.0032200339401864,0,0,0,0,0,0.5186915887850467,0.0,0.0,0.8721624520801812,0.0,1,0,0.07141159998717489
development,phase7cr2_development_15c_001,15.0,True,1235.0,4.186379630134021,23.89451636769195,0.0821350758240614,8.582480197719844,1.9999999999999984,0,0.0051300591200273,0,0,0,0,0,0.4817813765182186,0.0,0.0,0.8148041363726621,0.0,1,1,0.08325989999865399
development,phase7cr2_development_15c_002,15.0,True,855.0,4.187172000983937,19.12667356493722,0.0849020512563886,5.4416596189104975,0.9265203061207394,0,0.0120359259383562,0,0,0,0,0,0.4502923976608187,0.0,0.0,0.8477364317690639,0.0,0,0,0.061956899953648406
development,phase7cr2_development_15c_003,15.0,True,1435.0,4.18624457085363,28.737732254272142,0.0848583720159847,10.0,2.0,0,0.006377585502741,0,0,0,0,0,0.40418118466898956,0.0,0.0,0.6598230758303294,0.0,5,4,0.0824529998935619
development,phase7cr2_development_15c_004,15.0,True,1170.0,4.18612009661471,22.9322824329289,0.0842799501253784,8.462892174781539,0.7624306073925542,0,0.0067089374768656,0,0,0,0,0,0.5170940170940171,0.0,0.0,0.8429451944616901,0.0,0,0,0.06764440012192288
development,phase7cr2_development_15c_005,15.0,True,1320.0,4.18627008523108,25.77622838358019,0.0838050965611598,9.444920631871216,2.000000000000001,0,0.011122444525522,0,0,0,0,0,0.4621212121212121,0.0,0.0,0.7652414527956939,0.0,4,2,0.0774826000488115
development,phase7cr2_development_15c_006,15.0,True,1000.0,4.186586699502093,20.42219580979196,0.0831003831201983,6.414722091814093,2.0,0,0.002858310099091,0,0,0,0,0,0.5,0.0,0.0,0.8720737938307046,0.0,2,1,0.0595210999599558
development,phase7cr2_development_15c_007,15.0,True,1380.0,4.186313276715005,27.22168320635791,0.0851572037113985,9.71511870054144,2.0,0,0.005153731516903,0,0,0,0,0,0.4311594202898551,0.0,0.0,0.7161900294644119,0.0,3,2,0.07971050012564279
development,phase7cr2_development_15c_008,15.0,True,960.0,4.187012748076983,19.96931340004687,0.0825311197783302,5.80031514482178,0.6245078455988784,0,0.0105386831116627,0,0,0,0,0,0.4635416666666667,0.0,0.0,0.8541434207518845,0.0,0,0,0.0573013000321128
development,phase7cr2_development_15c_009,15.0,True,1045.0,4.186795668909729,20.78861750966405,0.0825703029113186,6.304761863560007,0.6914896982892227,0,0.0123613873959422,0,0,0,0,0,0.47368421052631576,0.0,0.0,0.8560623354554044,0.0,0,0,0.0608955999778013
development,phase7cr2_development_15c_010,15.0,True,1080.0,4.186588486198655,21.28262339853813,0.0815914310619995,6.906121347809563,1.2329873568968086,0,0.0080952876669924,0,0,0,0,0,0.49074074074074076,0.0,0.0,0.8598346132075707,0.0,0,0,0.0629235000451337
development,phase7cr2_development_15c_011,15.0,True,1135.0,4.186481731386039,22.08728356604786,0.0824183189528896,7.485533464957842,0.9790778214759596,0,0.009350091993789,0,0,0,0,0,0.4933920704845815,0.0,0.0,0.8505142249693858,0.0,0,0,0.0667126999323845
development,phase7cr2_development_15c_012,15.0,True,985.0,4.186749890775765,20.241378614832456,0.0824567904436045,6.158463668134745,0.9194205467757088,0,0.0135980376461715,0,0,0,0,0,0.48223350253807107,0.0,0.0,0.8625582878906428,0.0,0,0,0.05553860002691109
development,phase7cr2_development_15c_013,15.0,True,1065.0,4.186670811758545,21.09118428965087,0.0837751174127908,6.664748680591577,0.984564105747448,0,0.0099045015005163,0,0,0,0,0,0.4835680751173709,0.0,0.0,0.8586380315338604,0.0,0,0,0.0630887000224788
development,phase7cr2_development_15c_014,15.0,True,845.0,4.187256517181201,19.00491822884078,0.0824350698781461,5.295610362238089,0.7327111704566214,0,0.0123320655004919,0,0,0,0,0,0.4378698224852071,0.0,0.0,0.8389209306746936,0.0,0,0,0.0501792000068149
development,phase7cr2_development_15c_015,15.0,True,1120.0,4.186636541006743,21.799724517950608,0.0833139969049483,7.117723268163228,0.5179731640399465,0,0.0084718853973599,0,0,0,0,0,0.48214285714285715,0.0,0.0,0.8512987004253469,0.0,0,0,0.06732000000919239
development,phase7cr2_development_30c_000,30.0,True,1120.0,4.175353337583871,34.667944036947745,0.0824010492310426,5.554426581697729,1.999999999999999,0,0.0028155747079523,0,0,0,0,0,0.125,0.625,0.125,0.1350947613886215,1.7250985207553642,1,0,0.1109604000084689
development,phase7cr2_development_30c_001,30.0,True,1485.0,4.16938616947069,34.8517454009197,0.082699506935195,5.586757572528373,0.6471490760685645,0,0.0073064257211057,0,0,0,0,0,0.020202020202020204,0.7272727272727273,0.020202020202020204,0.021820481332448,2.037074894724816,119,46,0.146422300014804
development,phase7cr2_development_30c_002,30.0,True,805.0,4.181687925386178,33.71937734325064,0.0829459799630039,5.4416596189104975,0.9265203061207394,0,0.0124018275633641,0,0,0,0,0,0.18012422360248448,0.0,0.0,0.1510870156607402,0.0,0,0,0.0578503999495219
development,phase7cr2_development_30c_003,30.0,True,2095.0,4.165058274316461,34.90042769342472,0.0817175085598881,5.796751353602666,2.0,0,0.0082697750400013,0,0,0,0,0,0.0,0.8066825775656324,0.0,0.0,4.0,258,105,0.2447611999814201
development,phase7cr2_development_30c_004,30.0,True,1345.0,4.1707469967545245,34.812914358621185,0.0832199957393087,7.225322782174093,2.0,0,0.0180518311992083,0,0,0,0,0,0.05204460966542751,0.6951672862453532,0.05204460966542751,0.0621947525031614,2.8369430703098377,67,37,0.1323503999883397
development,phase7cr2_development_30c_005,30.0,True,1720.0,4.167454863605484,34.88349699523849,0.082878776629037,5.551176491403319,2.0,0,0.0077090182367354,0,0,0,0,0,0.0,0.7587209302325582,0.0,0.0,2.0374896063594363,178,74,0.16614880003906551
development,phase7cr2_development_30c_006,30.0,True,990.0,4.179860124626584,34.490265046368336,0.0823143276748619,5.566725330916805,2.0,0,0.0027631905746732,0,0,0,0,0,0.1717171717171717,0.5656565656565656,0.1717171717171717,0.1773954704330158,0.8921308130859575,2,1,0.0906982999804211
development,phase7cr2_development_30c_007,30.0,True,1905.0,4.166337074862868,34.895244147643666,0.0831623169642676,5.5867517766034975,1.8716330760620576,0,0.0076529718521678,0,0,1,0,0,0.0,0.7874015748031497,0.0,0.0,2.0371102370170435,219,94,0.2044588999487856
development,phase7cr2_development_30c_008,30.0,True,920.0,4.181376196065414,34.34184794249535,0.083020637281796,5.586726787025462,0.838096203395196,0,0.0108250518014267,0,0,0,0,0,0.16847826086956522,0.483695652173913,0.11413043478260869,0.1778747541013041,0.3349540112571239,0,0,0.0791276999952881
development,phase7cr2_development_30c_009,30.0,True,1055.0,4.17741804332011,34.59528178441434,0.0834720624579081,5.586879609202828,1.409371952646401,0,0.0125229419412393,0,0,0,0,0,0.13270142180094788,0.6066350710900474,0.13270142180094788,0.1430882690241883,0.8552880951738278,0,0,0.10077499999168871
development,phase7cr2_development_30c_010,30.0,True,1125.0,4.174986544956358,34.67565004166107,0.0837981789603473,6.139108704706372,2.0,0,0.0114349875956696,0,0,0,0,0,0.11555555555555555,0.6311111111111111,0.11555555555555555,0.1266059591426369,1.3029173646071968,0,0,0.10569849998136169
development,phase7cr2_development_30c_011,30.0,True,1245.0,4.172633459117087,34.76393316314824,0.0817753255791847,5.587034251678988,0.9194213918028948,0,0.0097107823015862,0,0,0,0,0,0.07630522088353414,0.6706827309236948,0.07630522088353414,0.0913597088157467,1.8984992132788543,0,0,0.1180391999368897
development,phase7cr2_development_30c_012,30.0,True,960.0,4.181060594462441,34.44067538281837,0.083899167726146,5.586523370460972,1.491360844449482,0,0.0137530532672469,0,0,0,0,0,0.16666666666666666,0.5572916666666666,0.16666666666666666,0.1780108213755413,0.5719402976737733,0,0,0.08592759996826249
development,phase7cr2_development_30c_013,30.0,True,1100.0,4.175949297282164,34.6478398057277,0.0826937969996908,5.649312786339025,2.0,0,0.010347533489929,0,0,0,0,0,0.12272727272727273,0.6227272727272727,0.12272727272727273,0.133710893051552,1.0670209374211748,0,0,0.10374349999618732
development,phase7cr2_development_30c_014,30.0,True,795.0,4.181693196860769,33.59140503446133,0.0822737338946454,5.295610362238089,0.7327111704566214,0,0.012679352896332,0,0,0,0,0,0.16352201257861634,0.0,0.0,0.1403145325433259,0.0,0,0,0.0553930999667417
development,phase7cr2_development_30c_015,30.0,True,1205.0,4.173157130739307,34.74088100181609,0.0846295852046326,5.586898199968762,1.0128519041545196,0,0.0087760576744932,0,0,0,0,0,0.08713692946058091,0.6597510373443983,0.08713692946058091,0.1011715626132883,1.5308250681944662,0,0,0.1109589999905316
internal_validation,phase7cr2_internal_validation_15c_000,15.0,True,1095.0,4.186238353620515,21.66267871824266,0.0829636741501784,7.5879533020598435,1.7539875559160008,0,0.0093383812756382,0,0,0,0,0,0.5205479452054794,0.0,0.0,0.8663117697366536,0.0,0,0,0.06570810001720731
internal_validation,phase7cr2_internal_validation_15c_001,15.0,True,1260.0,4.18635626821672,24.30083389322874,0.0828753546506048,8.758013058614997,2.0,0,0.0021225009964656,0,0,0,0,0,0.47619047619047616,0.0,0.0,0.805474229786916,0.0,3,1,0.0730958000058174
internal_validation,phase7cr2_internal_validation_15c_002,15.0,True,895.0,4.18709823807167,19.432802052501582,0.082728455713695,5.635204174325183,2.0,0,0.0070007967865279,0,0,0,0,0,0.46368715083798884,0.0,0.0,0.8568878206717754,0.0,1,1,0.0536792000129846
internal_validation,phase7cr2_internal_validation_15c_003,15.0,True,1415.0,4.18627756414555,28.022642018879026,0.0834674143591104,9.916597836931256,2.0,0,0.0085334472094649,0,0,0,0,0,0.4134275618374558,0.0,0.0,0.687147503048434,0.0,3,2,0.08111749997623059
internal_validation,phase7cr2_internal_validation_15c_004,15.0,True,955.0,4.186706070615749,20.02354776208585,0.0846409017492482,6.163027065727836,1.9410962162380117,0,0.0085673031530335,0,0,0,0,0,0.49214659685863876,0.0,0.0,0.86828255230211,0.0,0,0,0.0555537000036465
internal_validation,phase7cr2_internal_validation_15c_005,15.0,True,915.0,4.187136138289786,19.57321441701913,0.0844940357114099,5.442426330585821,1.0290438901555363,0,0.0117122284209747,0,0,0,0,0,0.44808743169398907,0.0,0.0,0.8440501122039565,0.0,0,0,0.0539363999923717
internal_validation,phase7cr2_internal_validation_15c_006,15.0,True,1000.0,4.186629760668199,20.43304931893249,0.0830278431717481,6.445597426055235,0.597301366114694,0,0.0130916718343119,0,0,0,0,0,0.495,0.0,0.0,0.868497178234723,0.0,0,0,0.05845229997065769
internal_validation,phase7cr2_internal_validation_15c_007,15.0,True,1140.0,4.186576737249852,22.082032393536508,0.0816076738568976,7.341859375029233,0.8438965599978383,0,0.010214194192808,0,0,0,0,0,0.4824561403508772,0.0,0.0,0.8481050853704053,0.0,0,0,0.0661529000935729
internal_validation,phase7cr2_internal_validation_30c_000,30.0,True,1170.0,4.173979582604471,34.71687687766428,0.0842605618560933,7.341940857975844,2.0,1,0.0209508831158355,0,0,0,0,0,0.10256410256410256,0.6495726495726496,0.10256410256410256,0.1161750826481706,1.967307994368356,0,0,0.1143080999681724
internal_validation,phase7cr2_internal_validation_30c_001,30.0,True,1540.0,4.16866452436132,34.861817256358165,0.0843656725557846,5.549365620769992,2.0,0,0.0026659853467227,0,0,0,0,0,0.00974025974025974,0.7305194805194806,0.00974025974025974,0.0111871247077592,2.0373693244836737,135,51,0.1462830000527744
internal_validation,phase7cr2_internal_validation_30c_002,30.0,True,840.0,4.181669261803938,34.01480904917861,0.0826286187369993,5.565251132340691,2.0,0,0.007263848700715,0,0,0,0,0,0.19642857142857142,0.2976190476190476,0.005952380952380952,0.166254831825273,0.0699530419844913,1,1,0.0621540000502056
internal_validation,phase7cr2_internal_validation_30c_003,30.0,True,2005.0,4.166070379551716,34.89938773490519,0.0853422390934409,5.586849392180342,1.7551126158371524,0,0.013897046942223,0,0,1,0,0,0.0,0.800498753117207,0.0,0.0,2.0373421432311307,240,105,0.2205287999313239
internal_validation,phase7cr2_internal_validation_30c_004,30.0,True,920.0,4.181318161084283,34.35124420929793,0.0851602985118011,6.104123281965848,2.0,0,0.0116509835322853,0,0,0,0,0,0.19021739130434784,0.4945652173913043,0.14130434782608695,0.1948551678815921,0.5551943018887453,0,0,0.07700320001457829
internal_validation,phase7cr2_internal_validation_30c_005,30.0,True,865.0,4.181675710255365,34.11858651437126,0.0817521876595438,5.442426330585821,1.0290438901555363,0,0.0120686450837084,0,0,0,0,0,0.17341040462427745,0.18497109826589594,0.017341040462427744,0.1523611250351053,0.0557807164183339,0,0,0.0660441999570968
internal_validation,phase7cr2_internal_validation_30c_006,30.0,True,990.0,4.179962186258783,34.49450034515439,0.0828225140382937,5.5873803921836895,1.455518399986239,0,0.0131232393310822,0,0,0,0,0,0.16666666666666666,0.5757575757575758,0.16666666666666666,0.1736939370210377,0.8582170338715454,0,0,0.09038970001710339
internal_validation,phase7cr2_internal_validation_30c_007,30.0,True,1245.0,4.172319738689293,34.76605285014347,0.0842333334902603,6.185755935027071,2.0,0,0.0142522650262493,0,0,0,0,0,0.07630522088353414,0.6706827309236948,0.07630522088353414,0.0874383142585473,1.7409116514114436,0,0,0.11211940001520411
legacy_phase7c,r2_legacy7c_15c_000,15.0,True,1040.0,4.186332868209686,20.881117164161992,0.0820890717092558,6.980084631522823,2.0,0,0.0082955802430229,0,0,0,0,0,0.5192307692307693,0.0,0.0,0.8787585512094851,0.0,2,1,0.0625159000337483
legacy_phase7c,r2_legacy7c_15c_001,15.0,True,1210.0,4.18637669446079,23.39160270349163,0.0829751577336812,8.274844791112693,2.0,0,0.0022658889048772,0,0,0,0,0,0.48760330578512395,0.0,0.0,0.8273582746166377,0.0,2,1,0.0731279000028621
legacy_phase7c,r2_legacy7c_15c_002,15.0,True,810.0,4.187275120748827,18.75858049580916,0.0850109125790586,5.220759166380025,0.5185517528023489,0,0.0062577494815796,0,0,0,0,0,0.43209876543209874,0.0,0.0,0.8351217340196504,0.0,0,0,0.0503794000032852
legacy_phase7c,r2_legacy7c_15c_003,15.0,True,1450.0,4.1862346005566495,29.062158271282783,0.0826247331785943,10.0,1.9999999999999984,0,0.0095478157985753,0,0,0,0,0,0.4,0.0,0.0,0.6469929217948485,0.0,7,5,0.0878882999167992
legacy_phase7c,r2_legacy7c_15c_004,15.0,True,1185.0,4.186128688528431,23.233904582381346,0.0851804323328406,8.642406385069942,1.0830561143494073,0,0.0020917936748823,0,0,0,0,0,0.5147679324894515,0.0,0.0,0.8359045735306792,0.0,0,0,0.07118770002851998
legacy_phase7c,r2_legacy7c_15c_005,15.0,True,1325.0,4.1862537401984445,26.171171407296185,0.0838431657444775,9.837548144916331,0.8496264456243718,0,0.0073492253657443,0,0,0,0,0,0.45660377358490567,0.0,0.0,0.7525944937515794,0.0,0,0,0.0765290000417608
legacy_phase7c,r2_legacy7c_15c_006,15.0,True,1025.0,4.186527723096795,20.64414749455284,0.0826550057347165,6.620574760516451,2.0,0,0.0113871030759513,0,0,0,0,0,0.5024390243902439,0.0,0.0,0.8725023457099557,0.0,3,3,0.05858469998928689
legacy_phase7c,r2_legacy7c_15c_007,15.0,True,1395.0,4.186287744483903,27.54536782050184,0.0847499105886983,9.912913059545744,2.0,0,0.0049103544908932,0,0,0,0,0,0.4229390681003584,0.0,0.0,0.7051929828171457,0.0,3,1,0.08117499992657469
legacy_phase7c,r2_legacy7c_15c_008,15.0,True,1120.0,4.186664053423437,21.75133093934255,0.0832278145226834,6.994209344799383,2.0000000000000004,0,0.0070809475869655,0,0,0,0,0,0.48214285714285715,0.0,0.0,0.8512784197681755,0.0,1,0,0.06465010001555829
legacy_phase7c,r2_legacy7c_15c_009,15.0,True,1260.0,4.186200801082736,24.668162659305157,0.08380337391681,9.166608035958609,1.9999999999999984,0,0.0061268801813101,0,0,0,0,0,0.4880952380952381,0.0,0.0,0.7982188977216973,0.0,2,1,0.08993240001289932
legacy_phase7c,r2_legacy7c_15c_010,15.0,True,910.0,4.186696075692117,19.638133753509976,0.0831018041487311,6.118131523075553,0.2167289517266128,0,0.0025551704664543,0,0,0,0,0,0.4945054945054945,0.0,0.0,0.8781052724602207,0.0,0,0,0.0714670999950529
legacy_phase7c,r2_legacy7c_15c_011,15.0,True,1415.0,4.186229473083708,28.41215589984364,0.0845354031788454,10.0,1.9999999999999991,0,0.0062007422158711,0,0,0,0,0,0.4169611307420495,0.0,0.0,0.6741812331456765,0.0,6,1,0.11631679998389169
legacy_phase7c,r2_legacy7c_15c_012,15.0,True,1160.0,4.186542085520477,22.418761430269114,0.0819766716239393,7.584025057683997,1.6079782742610256,0,0.0095430565354162,0,0,0,0,0,0.4827586206896552,0.0,0.0,0.8430569214555534,0.0,0,0,0.0988890000444252
legacy_phase7c,r2_legacy7c_15c_013,15.0,True,1310.0,4.186474019731394,25.16242085391372,0.0848647788041824,8.7438333831709,2.0,0,0.0038847992932358,0,0,0,0,0,0.44656488549618323,0.0,0.0,0.7784806811557763,0.0,3,1,0.1105893998610418
legacy_phase7c,r2_legacy7c_15c_014,15.0,True,965.0,4.186506704939001,20.15478247978018,0.0844254120098304,6.524962297823032,2.0,0,0.005008980914896,0,0,0,0,0,0.5181347150259067,0.0,0.0,0.8889631228935473,0.0,2,0,0.0858714999776474
legacy_phase7c,r2_legacy7c_15c_015,15.0,True,1360.0,4.186257771040456,26.889628994620523,0.0836945791530427,9.839965945134066,2.000000000000001,0,0.0061177209209484,0,0,0,0,0,0.4411764705882353,0.0,0.0,0.7293108123621224,0.0,3,2,0.109741700027357
legacy_phase7c,r2_legacy7c_15c_016,15.0,True,1070.0,4.186502763156417,21.21582649382634,0.0824460631331502,6.991322552005326,1.880951873121528,0,0.0052187608738512,0,0,0,0,0,0.5,0.0,0.0,0.8638588292050984,0.0,0,0,0.08529020008426222
legacy_phase7c,r2_legacy7c_15c_017,15.0,True,1235.0,4.18652002057306,23.77201468203464,0.0834169030353879,8.305468742075659,1.7665266346204325,0,0.0084663995737495,0,0,0,0,0,0.46963562753036436,0.0,0.0,0.8142803996055985,0.0,0,0,0.1003792000264964
legacy_phase7c,r2_legacy7c_15c_018,15.0,True,1425.0,4.186186166194324,28.894304617277896,0.0841517447769115,10.0,0.6039150354019167,0,0.0029548189268422,0,0,0,0,0,0.41754385964912283,0.0,0.0,0.657286322307459,0.0,11,4,0.1222657000616746
legacy_phase7c,r2_legacy7c_15c_019,15.0,True,1180.0,4.186347856621644,22.78405609584212,0.0823977436938083,7.96067771319656,2.0,0,0.0032563902369036,0,0,0,0,0,0.4957627118644068,0.0,0.0,0.8420787649792936,0.0,3,2,0.1067239000403675
legacy_phase7c,r2_legacy7c_15c_020,15.0,True,1320.0,4.186379034795134,25.64247617426048,0.0835943819650106,9.160139675326198,2.0,0,0.0055912670890991,0,0,0,0,0,0.45454545454545453,0.0,0.0,0.7667729867166768,0.0,3,1,0.10976799995840841
legacy_phase7c,r2_legacy7c_15c_021,15.0,True,1000.0,4.186778043291738,20.358415266191628,0.0821506977380662,6.117717895854547,2.0,0,0.0050819488912177,0,0,0,0,0,0.475,0.0,0.0,0.860297612579449,0.0,1,0,0.0596551000344234
legacy_phase7c,r2_legacy7c_15c_022,15.0,True,1385.0,4.186363752859542,27.07617211422053,0.0823964502719968,9.421116194755212,2.0,0,0.0074563826070006,0,0,0,0,0,0.4223826714801444,0.0,0.0,0.7193089277167859,0.0,2,0,0.0795125999938907
legacy_phase7c,r2_legacy7c_15c_023,15.0,True,1085.0,4.186122513794917,21.58819162969411,0.0833478081960135,7.719145926765496,0.9761221866572072,0,0.0102161829156406,0,0,0,0,0,0.5345622119815668,0.0,0.0,0.8731654742266803,0.0,0,0,0.064732299942978
legacy_phase7c,r2_legacy7c_30c_000,30.0,True,1060.0,4.17719735968408,34.596490608225565,0.0821683341596122,5.570363646494948,1.999999999999999,0,0.0098209230222723,0,0,0,0,0,0.1509433962264151,0.5990566037735849,0.1509433962264151,0.1585402896725321,1.4472445376263074,2,1,0.0992892000940517
legacy_phase7c,r2_legacy7c_30c_001,30.0,True,1420.0,4.170059430712327,34.836194597770486,0.0832681925248955,5.557334915790294,2.0,0,0.0014085366166725,0,0,0,0,0,0.03169014084507042,0.7112676056338029,0.03169014084507042,0.0418735963523486,2.037370889157456,98,48,0.13654639996819662
legacy_phase7c,r2_legacy7c_30c_002,30.0,True,765.0,4.181668509679947,33.35848751158443,0.0828285416886554,5.220759166380025,0.5185517528023489,0,0.0065999069176978,0,0,0,0,0,0.1503267973856209,0.0,0.0,0.1346537109490535,0.0,0,0,0.0517769999641966
legacy_phase7c,r2_legacy7c_30c_003,30.0,True,2135.0,4.1647925946474285,34.90041218924142,0.0822363969734437,5.586932873835121,0.5438459683139847,0,0.0111781703928417,0,0,0,0,0,0.0,0.810304449648712,0.0,0.0,2.543845968313983,266,130,0.2416851000161644
legacy_phase7c,r2_legacy7c_30c_004,30.0,True,1385.0,4.170491500141065,34.82604890780908,0.0833912629198637,5.587178844752188,1.9721714259683465,0,0.0015188766615468,0,0,0,0,0,0.04332129963898917,0.703971119133574,0.04332129963898917,0.0516623274637915,3.0552275403177536,86,36,0.1359162000371585
legacy_phase7c,r2_legacy7c_30c_005,30.0,True,1755.0,4.16726980192242,34.88711327302377,0.08488497245081,6.987921699291961,2.0,0,0.0164505178814229,0,0,0,0,0,0.0,0.7692307692307693,0.0,0.0,3.448917463589387,186,77,0.1735315999176058
legacy_phase7c,r2_legacy7c_30c_006,30.0,True,1025.0,4.1786103463560265,34.549173608592525,0.0851828245785499,5.554591104617867,2.0,0,0.0075423509365197,0,0,0,0,0,0.16097560975609757,0.5853658536585366,0.16097560975609757,0.1660118760869227,1.0659836558985845,3,3,0.099895099971026
legacy_phase7c,r2_legacy7c_30c_007,30.0,True,1945.0,4.166157524543662,34.89697862416665,0.0840882799164575,5.568434010243128,2.0,0,0.0054521692585249,0,0,0,0,0,0.0,0.7892030848329049,0.0,0.0,2.037136018957157,227,103,0.21726009992560621
legacy_phase7c,r2_legacy7c_30c_008,30.0,True,1200.0,4.173220753730204,34.737796587774255,0.0850513158128169,5.555345388314764,2.0000000000000004,0,0.0081722748527472,0,0,0,0,0,0.0875,0.6541666666666667,0.0875,0.1018316205789302,1.4445243994097483,1,0,0.1144577000231836
legacy_phase7c,r2_legacy7c_30c_009,30.0,True,1570.0,4.168435665281295,34.867065163946734,0.0838302507275935,5.586911317061902,0.6806222708311651,0,0.0111438920883184,0,0,0,0,0,0.0031847133757961785,0.7420382165605095,0.0031847133757961785,0.0042484617846767,2.03711928728705,143,60,0.15717100004256573
legacy_phase7c,r2_legacy7c_30c_010,30.0,True,860.0,4.181443654005745,34.13383870509904,0.0851380180168548,5.587266393722668,0.7475940810794972,0,0.0027363363466923,0,0,0,0,0,0.22093023255813954,0.3546511627906977,0.06395348837209303,0.2036686220509427,0.5308651293528843,0,0,0.06783819997507651
legacy_phase7c,r2_legacy7c_30c_011,30.0,True,2040.0,4.16576677562499,34.900291723970895,0.0826145642521244,5.763431903373594,2.0,0,0.0083842182737305,0,0,0,0,0,0.0,0.8014705882352942,0.0,0.0,3.999999999999999,247,108,0.23277360000063518
legacy_phase7c,r2_legacy7c_30c_012,30.0,True,1290.0,4.171682425844142,34.79089241888704,0.0852903609540264,7.192003331945022,2.0,1,0.0206180875104666,0,0,0,0,0,0.06589147286821706,0.686046511627907,0.06589147286821706,0.0760952948690549,1.9799931056702924,0,0,0.12876389999290533
legacy_phase7c,r2_legacy7c_30c_013,30.0,True,1665.0,4.167661047639807,34.87852922494943,0.0842090167618795,5.551698022959183,2.0,0,0.0041297594817337,0,0,0,0,0,0.0,0.7507507507507507,0.0,0.0,2.037220650374093,166,54,0.1614566999851213
legacy_phase7c,r2_legacy7c_30c_014,30.0,True,940.0,4.181236274950881,34.39248680239518,0.0839154478168761,5.566991028315025,2.0,0,0.005964154000531,0,0,0,0,0,0.2074468085106383,0.5159574468085106,0.17553191489361702,0.2093342823944524,1.001743628691142,2,0,0.0831429999234298
legacy_phase7c,r2_legacy7c_30c_015,30.0,True,1850.0,4.166634095221516,34.892758369422154,0.0843110490870779,5.586778925935806,1.9049796756234367,0,0.0120839538708992,0,0,0,0,0,0.0,0.7810810810810811,0.0,0.0,2.0371117771203524,207,92,0.20348849995933027
legacy_phase7c,r2_legacy7c_30c_016,30.0,True,1110.0,4.175634543987604,34.66191543111671,0.085279168247489,5.587091804196168,0.4767211253123697,0,0.0051969786257899,0,0,0,0,0,0.12162162162162163,0.6306306306306306,0.12162162162162163,0.1322214506423944,1.4042307478091578,0,0,0.1080210999352747
legacy_phase7c,r2_legacy7c_30c_017,30.0,True,1480.0,4.169142701532023,34.85032969016106,0.0815622000012917,5.58700313671387,0.9519389707413568,0,0.009187290041579,0,0,0,0,0,0.02027027027027027,0.722972972972973,0.02027027027027027,0.0243339103128192,2.7184656053617893,116,56,0.1453544001196714
legacy_phase7c,r2_legacy7c_30c_018,30.0,True,2085.0,4.165294626021495,34.900428185896885,0.0838749958634802,7.396084964598083,2.0,0,0.0150702801247293,0,0,0,0,0,0.0,0.8081534772182254,0.0,0.0,3.862465346470218,256,115,0.24032879996955298
legacy_phase7c,r2_legacy7c_30c_019,30.0,True,1340.0,4.171117894701762,34.8090950702952,0.0840737047586338,5.547829598995211,2.0,0,0.0036549180422769,0,0,0,0,0,0.05223880597014925,0.6902985074626866,0.05223880597014925,0.0636131538203201,2.0372948871320187,59,22,0.1352809000672872
legacy_phase7c,r2_legacy7c_30c_020,30.0,True,1710.0,4.1673266829442674,34.883148533688654,0.0843649428883141,5.565015228029988,2.0,0,0.0089644350687412,0,0,0,0,0,0.0,0.7602339181286549,0.0,0.0,2.0371344054592377,176,65,0.1635612000027163
legacy_phase7c,r2_legacy7c_30c_021,30.0,True,980.0,4.180200918212189,34.48109221670654,0.0847852642757373,5.586988494377343,1.7011076114119112,0,0.0060198195758349,0,0,0,0,0,0.15816326530612246,0.5714285714285714,0.15816326530612246,0.168720966614615,0.6046621401184993,1,0,0.091272399986328
legacy_phase7c,r2_legacy7c_30c_022,30.0,True,1900.0,4.166538377747828,34.89512996213034,0.0819576005701437,5.586734388828873,0.2722820772920133,0,0.0106770872509054,0,0,0,0,0,0.0,0.7868421052631579,0.0,0.0,2.037109250658744,217,84,0.1986941001014011
legacy_phase7c,r2_legacy7c_30c_023,30.0,True,1155.0,4.174351719877139,34.70337781757058,0.0849834783935594,5.587125156184923,1.1558985839233653,0,0.0100628145539145,0,0,0,0,0,0.11255411255411256,0.645021645021645,0.11255411255411256,0.1236778492421191,2.1320207705805725,2,0,0.10788330005015101
legacy_phase7cr1,r2_legacy7cr1_30c_000,30.0,True,1210.0,4.173132116084996,34.743540166930416,0.0838143029941561,5.675968346522283,2.0,0,0.0049936049042358,0,0,0,0,0,0.09090909090909091,0.6611570247933884,0.09090909090909091,0.1024027178028719,2.1223227911221896,5,2,0.1842762000378449
legacy_phase7cr1,r2_legacy7cr1_30c_001,30.0,True,1580.0,4.168514879357678,34.868693321181354,0.0824045053033915,7.104539775093713,2.0,1,0.0195738269555838,0,0,0,0,0,0.0,0.7436708860759493,0.0,0.0,3.448277482258605,143,62,0.20888540009035048
legacy_phase7cr1,r2_legacy7cr1_30c_002,30.0,True,870.0,4.181524387765943,34.156635286641574,0.0848222678978269,5.552098246824238,2.0,0,0.0035997767797457,0,0,0,0,0,0.19540229885057472,0.3620689655172414,0.05172413793103448,0.180947503288201,0.2197863702941545,2,1,0.1087572999531313
legacy_phase7cr1,r2_legacy7cr1_30c_003,30.0,True,2050.0,4.165644580307449,34.90041612521503,0.0823711107825205,5.567402132249583,2.0,0,0.0076779545569181,0,0,0,0,0,0.0,0.8,0.0,0.0,2.0377572451253334,249,104,0.24024339995956062
legacy_phase7cr1,r2_legacy7cr1_30c_004,30.0,True,1300.0,4.171636552682784,34.794130934156385,0.0847237764627511,5.586823768091419,1.9924880746303617,0,0.0090675469209902,0,0,0,0,0,0.06538461538461539,0.6884615384615385,0.06538461538461539,0.0744559044563719,2.037334585529159,47,28,0.13028249998750221
legacy_phase7cr1,r2_legacy7cr1_30c_005,30.0,True,1675.0,4.167911666489376,34.879836472540774,0.0815950139016625,5.586948939732143,0.5640418176996569,0,0.004649329613509,0,0,0,0,0,0.0,0.7582089552238805,0.0,0.0,2.0371214215126106,168,62,0.1672307000189739
legacy_phase7cr1,r2_legacy7cr1_30c_006,30.0,True,950.0,4.18124981487304,34.41255790695544,0.0815361325169765,5.587033946630309,0.8644446039736051,0,0.0094245928732039,0,0,0,0,0,0.18421052631578946,0.5368421052631579,0.16842105263157894,0.1919543682231435,0.7734442218267645,0,0,0.09754009998868202
legacy_phase7cr1,r2_legacy7cr1_30c_007,30.0,True,1860.0,4.166557144322992,34.89307327989968,0.0832755368604841,5.880049979175343,2.0,0,0.0156217987560993,0,0,0,0,0,0.0,0.782258064516129,0.0,0.0,3.895034848687788,208,82,0.2107319000715317
