state_id,successful_feasible_count,feasible_count,fallback_count,optimizer_success_count,first_action_range_a,near_optimal_first_action_range_a,objective_range,near_optimal_solution_count,active_mode_count,status_count,near_optimal_multivalued,warm_start_sensitive
state_000,15,15,0,15,0.06018069441200247,0.06018069441200247,1.294343535906961e-05,15,1,1,True,True
state_001,15,15,0,15,0.05034228110267325,0.05034228110267325,4.868785857592428e-05,15,1,1,True,True
state_002,15,15,0,15,0.03537462744494846,0.03537462744494846,3.5429280664800444e-06,15,1,1,False,False
state_003,15,15,0,15,0.04615300450775006,0.04615300450775006,4.550620004373229e-06,15,1,1,False,False
state_004,15,15,0,15,0.11082465416513898,0.11082465416513898,1.2463589872169223e-05,15,1,1,True,True
state_005,15,15,0,15,0.05262078920261093,0.05262078920261093,2.5681139144140275e-06,15,1,1,True,True
state_006,15,15,0,15,0.04170769440644406,0.04170769440644406,2.194794572751846e-06,15,1,1,False,False
state_007,15,15,0,15,0.06557759968761001,0.06557759968761001,1.3293832870076017e-05,15,1,1,True,True
state_008,15,15,0,15,0.12068411520317301,0.12068411520317301,4.20351860332957e-05,15,1,1,True,True
state_009,15,15,0,15,0.03663381997832893,0.03663381997832893,5.800434283109723e-06,15,1,1,False,False
state_010,15,15,0,15,0.07476467689358124,0.07476467689358124,7.578637164940005e-06,15,1,1,True,True
state_011,15,15,0,15,0.04395333513577082,0.04395333513577082,5.2947905979650045e-06,15,1,1,False,False
state_012,15,15,0,15,0.026571467118698955,0.026571467118698955,2.3880100439299667e-06,15,1,1,False,False
state_013,15,15,0,15,0.04994534719764321,0.04994534719764321,2.499372106612441e-06,15,1,1,False,False
state_014,15,15,0,15,0.035972885921244036,0.035972885921244036,3.5619033464939776e-06,15,1,1,False,False
state_015,15,15,0,15,0.028925473649909605,0.028925473649909605,4.047834222475899e-06,15,1,1,False,False
state_016,15,15,0,15,0.1516434720778541,0.1516434720778541,5.530202385184424e-05,15,1,1,True,True
state_017,15,15,0,15,0.14016776829669286,0.14016776829669286,4.691092731157198e-05,15,1,1,True,True
state_018,15,15,0,15,0.2755443648444924,0.2755443648444924,0.00011941601128206969,15,1,1,True,True
state_019,15,15,0,15,0.2317557997648816,0.2317557997648816,5.793956158850477e-05,15,1,1,True,True
state_020,15,15,0,15,0.0510907657041022,0.0510907657041022,4.710309156052972e-06,15,1,1,True,True
state_021,15,15,0,15,0.05305391118802394,0.05305391118802394,7.114438925981403e-06,15,1,1,True,True
state_022,15,15,0,15,0.22159898737880646,0.22159898737880646,6.664078676976715e-05,15,1,1,True,True
state_023,15,15,0,15,0.053003436189417386,0.053003436189417386,5.552711042078329e-06,15,1,1,True,True
state_024,15,15,0,15,0.08697458976431083,0.08697458976431083,8.561912633986424e-06,15,1,1,True,True
state_025,15,15,0,15,0.04335527057062283,0.04335527057062283,1.3668348086248727e-05,15,1,1,False,False
state_026,15,15,0,15,0.025958213531047214,0.025958213531047214,1.0556595615440756e-06,15,1,1,False,False
state_027,15,15,0,15,0.1222822258126337,0.1222822258126337,1.3560137730905808e-05,15,1,1,True,True
state_028,15,15,0,15,0.0821186629124,0.0821186629124,1.8133685965704416e-05,15,1,1,True,True
state_029,15,15,0,15,0.2732527836714782,0.2732527836714782,6.856694435120048e-05,15,1,1,True,True
state_030,15,15,0,15,0.1888602939445052,0.1888602939445052,7.796178352537098e-05,15,1,1,True,True
state_031,15,15,0,15,0.07695202551743652,0.07695202551743652,1.0161695406907256e-05,15,1,1,True,True
state_032,15,15,0,15,0.052504325768311766,0.052504325768311766,1.6010988981296492e-05,15,1,1,True,True
state_033,15,15,0,15,0.04153059016751026,0.04153059016751026,5.21382194396125e-06,15,1,1,False,False
state_034,15,15,0,15,0.03455769641221185,0.03455769641221185,6.292207987979026e-06,15,1,1,False,False
state_035,15,15,0,15,0.07970041624860613,0.07970041624860613,1.5267081298731e-05,15,1,1,True,True
state_036,15,15,0,15,0.36585233744587153,0.36585233744587153,9.431684690097697e-05,15,1,1,True,True
state_037,15,15,0,15,0.06707870698849838,0.06707870698849838,8.640887207977954e-06,15,1,1,True,True
state_038,15,15,0,15,0.06090826201666211,0.06090826201666211,6.114469428819547e-05,15,1,1,True,True
state_039,15,15,0,15,0.1286982960243428,0.1286982960243428,1.5268635847665024e-05,15,1,1,True,True
state_040,15,15,0,15,0.2478430917787886,0.2478430917787886,7.526162706694706e-05,15,1,1,True,True
state_041,15,15,0,15,0.22513697744929484,0.22513697744929484,5.571569746676275e-05,15,1,1,True,True
state_042,15,15,0,15,0.16813870511341822,0.16813870511341822,2.05167520559435e-05,15,1,1,True,True
state_043,15,15,0,15,0.10318458875331693,0.10318458875331693,1.4010285304566494e-05,15,1,1,True,True
state_044,15,15,0,15,0.10822687181676116,0.10822687181676116,7.769441884741823e-06,15,1,1,True,True
state_045,15,15,0,15,0.08739694449193447,0.08739694449193447,3.5294390141604737e-06,15,1,1,True,True
state_046,15,15,0,15,0.05668772529714339,0.05668772529714339,1.016271407605629e-05,15,1,1,True,True
state_047,15,15,0,15,0.2284180240741085,0.2284180240741085,3.543977083309002e-05,15,1,1,True,True
state_048,15,15,0,15,0.08070891220172172,0.08070891220172172,1.1615963415811947e-05,15,1,1,True,True
state_049,15,15,0,15,0.0819355329690028,0.0819355329690028,9.704701425805595e-06,15,1,1,True,True
state_050,15,15,0,15,0.09261690562031344,0.09261690562031344,5.976181963296412e-06,15,1,1,True,True
state_051,15,15,0,15,0.11664182620953945,0.11664182620953945,1.3774002348920789e-05,15,1,1,True,True
state_052,15,15,0,15,0.08574221229193313,0.08574221229193313,5.133273425217411e-06,15,1,1,True,True
state_053,15,15,0,15,0.1585670912111432,0.1585670912111432,1.2597250983681363e-05,15,1,1,True,True
state_054,15,15,0,15,0.26982018009501196,0.26982018009501196,5.81722701398224e-05,15,1,1,True,True
state_055,15,15,0,15,0.07653328829422712,0.07653328829422712,6.4795213052804e-06,15,1,1,True,True
state_056,15,15,0,15,0.05930060755127009,0.05930060755127009,3.711427201347206e-06,15,1,1,True,True
state_057,15,15,0,15,0.10146704617553937,0.10146704617553937,2.5992773284522208e-05,15,1,1,True,True
state_058,15,15,0,15,0.09487363675131366,0.09487363675131366,4.617741940826647e-06,15,1,1,True,True
state_059,15,15,0,15,0.16653102662697794,0.16653102662697794,4.345086749280025e-05,15,1,1,True,True
state_060,15,15,0,15,0.18854340414042436,0.18854340414042436,3.797097196978072e-05,15,1,1,True,True
state_061,15,15,0,15,0.28512194472840147,0.28512194472840147,5.2603338511536535e-05,15,1,1,True,True
state_062,15,15,0,15,0.18499542746836362,0.18499542746836362,2.8198918131439044e-05,15,1,1,True,True
state_063,15,15,0,15,0.16280878229439288,0.16280878229439288,1.9292138831894512e-05,15,1,1,True,True
state_064,15,15,0,15,1.509903313490213e-14,1.509903313490213e-14,4.121013940761031e-06,15,1,1,False,False
state_065,15,15,0,15,1.687538997430238e-14,1.687538997430238e-14,5.493895682384675e-06,15,1,1,False,False
state_066,15,15,0,15,1.1102230246251565e-14,1.1102230246251565e-14,3.478452476723959e-05,15,1,1,False,False
state_067,15,15,0,15,1.5987211554602254e-14,1.5987211554602254e-14,6.152248177571096e-06,15,1,1,False,False
state_068,15,15,0,15,2.4868995751603507e-14,2.4868995751603507e-14,2.3690410513310667e-06,15,1,1,False,False
state_069,15,15,0,15,7.993605777301127e-15,7.993605777301127e-15,8.123386296521318e-06,15,1,1,False,False
state_070,15,15,0,15,1.2434497875801753e-14,1.2434497875801753e-14,1.1058384742579364e-05,15,1,1,False,False
state_071,15,15,0,15,9.769962616701378e-15,9.769962616701378e-15,2.5702518611669944e-05,15,1,1,False,False
state_072,15,15,0,15,1.1546319456101628e-14,1.1546319456101628e-14,2.0688976172245077e-06,15,1,1,False,False
state_073,15,15,0,15,1.865174681370263e-14,1.865174681370263e-14,5.647118967777587e-06,15,1,1,False,False
state_074,15,15,0,15,4.440892098500626e-15,4.440892098500626e-15,5.269233425686526e-05,15,1,1,False,False
state_075,15,15,0,15,2.7555909465348805e-07,2.7555909465348805e-07,1.5248963647351843e-08,15,1,1,False,False
state_076,15,15,0,15,1.6362403876257758e-07,1.6362403876257758e-07,1.2810246752259502e-09,15,1,1,False,False
state_077,15,15,0,15,9.006029637603774e-07,9.006029637603774e-07,2.0855410898246163e-08,15,1,1,False,False
state_078,15,15,0,15,4.3019805318067483e-07,4.3019805318067483e-07,7.466667506506042e-09,15,1,1,False,False
state_079,15,15,0,15,2.691424958456423e-07,2.691424958456423e-07,3.837273637730121e-08,15,1,1,False,False
state_080,15,15,0,15,1.2463893055425501e-06,1.2463893055425501e-06,4.037270573409302e-08,15,1,1,False,False
state_081,15,15,0,15,1.745875719549872e-07,1.745875719549872e-07,4.476206169612418e-08,15,1,1,False,False
state_082,15,15,0,15,1.4310445006771033e-07,1.4310445006771033e-07,2.5761358407594415e-08,15,1,1,False,False
state_083,15,15,0,15,1.1053841397767883e-07,1.1053841397767883e-07,7.520695288754098e-09,15,1,1,False,False
state_084,15,15,0,15,3.852829846273664e-06,3.852829846273664e-06,3.996934200278801e-08,15,1,1,False,False
state_085,15,15,0,15,3.965101278424754e-07,3.965101278424754e-07,3.5094854300421474e-08,15,1,1,False,False
state_086,15,15,0,15,3.916375183266041e-06,3.916375183266041e-06,4.5004797097347726e-08,15,1,1,False,False
state_087,15,15,0,15,4.271959857859997e-06,4.271959857859997e-06,4.8350544901154535e-08,15,1,1,False,False
state_088,15,15,0,15,2.5669147030171757e-07,2.5669147030171757e-07,4.49948981962045e-08,15,1,1,False,False
state_089,15,15,0,15,1.1151899936834297e-07,1.1151899936834297e-07,8.6332509960374e-09,15,1,1,False,False
state_090,15,15,0,15,2.0550396273577576e-06,2.0550396273577576e-06,3.403547479963187e-08,15,1,1,False,False
state_091,15,15,0,15,5.329070518200751e-15,5.329070518200751e-15,1.452913689359292e-08,15,1,1,False,False
state_092,15,15,0,15,3.9968028886505635e-15,3.9968028886505635e-15,1.3264714604499517e-08,15,1,1,False,False
state_093,15,15,0,15,0.23599740496831068,0.23599740496831068,3.260336651778051e-05,15,1,1,True,True
state_094,15,15,0,15,0.3145533982221629,0.3145533982221629,2.1606579017618976e-05,15,1,1,True,True
state_095,15,15,0,15,0.16741029630968995,0.16741029630968995,1.7249894663118326e-05,15,1,1,True,True
state_096,15,15,0,15,0.143837485380498,0.143837485380498,2.9739029531183903e-05,15,1,1,True,True
state_097,15,15,0,15,0.14039567755754057,0.14039567755754057,1.052431205628146e-05,15,1,1,True,True
state_098,15,15,0,15,0.12748109267843244,0.12748109267843244,5.96388319570873e-06,15,1,1,True,True
state_099,15,15,0,15,0.8632360106229777,1.7763568394002505e-15,0.0008151780708535172,14,2,1,False,True
