scenario_id,controller,time_s,true_soc,estimated_soc,charge_current_a,terminal_voltage_v,true_average_temperature_c,control_decision_updated,decision_source,failure_type,optimizer_success,selected_sequence_feasible,used_emergency_fallback,hard_safety_slew_conflict,solve_time_s,current_change_a
lhs_029,nominal_mpc_recovery,0.0,0.1558675049108427,0.1558675049108427,0.0,3.415209255091547,16.492190021032656,False,initial,none,True,True,False,False,0.0,
lhs_029,nominal_mpc_recovery,5.0,0.15639629559678817,0.1545804879793487,2.0,3.4646093852292847,16.499038547396648,True,slsqp,none,True,True,False,False,0.0379030000003695,2.0
lhs_029,nominal_mpc_recovery,10.0,0.1574538769686791,0.15486036848770648,4.0,3.5192947347073074,16.52783207969493,True,slsqp,none,True,True,False,False,0.17531830000007176,2.0
lhs_029,nominal_mpc_recovery,15.0,0.1590402490265155,0.15508330476563575,6.0,3.5784050343935783,16.59529004749521,True,slsqp,none,True,True,False,False,0.17621540000072855,2.0
lhs_029,nominal_mpc_recovery,20.0,0.16115541177029738,0.15730067019081123,7.999999999999997,3.6412665156328674,16.71929632523846,True,slsqp,none,True,True,False,False,0.17703769999934593,1.9999999999999973
lhs_029,nominal_mpc_recovery,25.0,0.16379936520002472,0.1590269085330656,9.999999999999998,3.707344048353584,16.918574184408403,True,slsqp,none,True,True,False,False,0.17760920000000624,2.000000000000001
lhs_029,nominal_mpc_recovery,30.0,0.16644331862975206,0.16155165906849622,9.999999999999998,3.7268706458495817,17.128643764451827,True,slsqp,none,True,True,False,False,0.03828390000126092,0.0
lhs_029,nominal_mpc_recovery,35.0,0.1690872720594794,0.16362503103264922,9.999999999999998,3.743655060773257,17.34712410779134,False,slsqp,none,True,True,False,False,0.0,0.0
lhs_029,nominal_mpc_recovery,40.0,0.17173122548920675,0.16620363596242974,9.999999999999998,3.7583073168473162,17.572184798616842,False,slsqp,none,True,True,False,False,0.0,0.0
lhs_029,nominal_mpc_recovery,45.0,0.1743751789189341,0.16878969472008276,9.999999999999998,3.7712907687264234,17.802413913025436,False,slsqp,none,True,True,False,False,0.0,0.0
lhs_029,nominal_mpc_recovery,50.0,0.17701913234866143,0.17080782779848253,9.999999999999998,3.7829574579798666,18.036717916620855,False,slsqp,none,True,True,False,False,0.0,0.0
lhs_029,nominal_mpc_recovery,55.0,0.17966308577838877,0.17439791277332659,10.0,3.793574940256457,18.274245684073826,True,slsqp,none,True,True,False,False,0.03565180000077817,1.7763568394002505e-15
lhs_029,nominal_mpc_recovery,60.0,0.1823070392081161,0.17738628414612265,10.0,3.803346641197304,18.514330822055257,False,slsqp,none,True,True,False,False,0.0,0.0
lhs_029,nominal_mpc_recovery,65.0,0.18495099263784345,0.17929405462370743,10.0,3.812427302271424,18.756447880671583,False,slsqp,none,True,True,False,False,0.0,0.0
lhs_029,nominal_mpc_recovery,70.0,0.1875949460675708,0.181220217743875,10.0,3.820934701073678,19.000179103600804,False,slsqp,none,True,True,False,False,0.0,0.0
lhs_029,nominal_mpc_recovery,75.0,0.19023889949729814,0.18403916031637169,10.0,3.828958544852966,19.24518917524773,False,slsqp,none,True,True,False,False,0.0,0.0
lhs_029,nominal_mpc_recovery,80.0,0.19288285292702548,0.18511357216663352,10.0,3.836567219209997,19.491206036397166,True,slsqp,none,True,True,False,False,1.054901899999095,0.0
lhs_029,nominal_mpc_recovery,85.0,0.19552680635675282,0.18844194594082533,10.0,3.8438129093855715,19.73800630507908,False,slsqp,none,True,True,False,False,0.0,0.0
lhs_029,nominal_mpc_recovery,90.0,0.19817075978648016,0.1906233234324431,10.0,3.850735486732287,19.9854041923566,False,slsqp,none,True,True,False,False,0.0,0.0
lhs_029,nominal_mpc_recovery,95.0,0.2008147132162075,0.193631953054786,10.0,3.857366792115923,20.233243070584493,False,slsqp,none,True,True,False,False,0.0,0.0
lhs_029,nominal_mpc_recovery,100.0,0.20345866664593484,0.19686823353984256,10.0,3.863751536393283,20.481389054906643,False,slsqp,none,True,True,False,False,0.0,0.0
lhs_029,nominal_mpc_recovery,105.0,0.20610262007566219,0.19993834497788698,10.0,3.8699185671366902,20.729726112955902,True,slsqp,none,True,True,False,False,1.141623100000288,0.0
lhs_029,nominal_mpc_recovery,110.0,0.20874657350538953,0.20288895997790563,10.0,3.8758862323755032,20.978152334714633,False,slsqp,none,True,True,False,False,0.0,0.0
lhs_029,nominal_mpc_recovery,115.0,0.21139052693511687,0.2051713999817282,10.0,3.8816697227484673,21.22657708326527,False,slsqp,none,True,True,False,False,0.0,0.0
lhs_029,nominal_mpc_recovery,120.0,0.2140344803648442,0.2086813953332035,10.0,3.887281815120005,21.47491881451522,False,slsqp,none,True,True,False,False,0.0,0.0
lhs_029,nominal_mpc_recovery,125.0,0.21667843379457155,0.21114795563939448,10.0,3.8927334373615823,21.723103405086892,False,slsqp,none,True,True,False,False,0.0,0.0
lhs_029,nominal_mpc_recovery,130.0,0.2193223872242989,0.2140167474798158,10.0,3.898034097424859,21.97106286634068,True,slsqp,none,True,True,False,False,0.8697288999992452,0.0
lhs_029,nominal_mpc_recovery,135.0,0.22196634065402623,0.21589884687983057,10.0,3.903192209429465,22.218734351921913,False,slsqp,none,True,True,False,False,0.0,0.0
lhs_029,nominal_mpc_recovery,140.0,0.22461029408375358,0.21938549316958528,10.0,3.908215341594338,22.466059388547563,False,slsqp,none,True,True,False,False,0.0,0.0
lhs_029,nominal_mpc_recovery,145.0,0.22725424751348092,0.22168912090236204,10.0,3.913110404852024,22.712983276688234,False,slsqp,none,True,True,False,False,0.0,0.0
lhs_029,nominal_mpc_recovery,150.0,0.22989820094320826,0.22393403313324825,10.0,3.917883796440839,22.95945462065442,False,slsqp,none,True,True,False,False,0.0,0.0
lhs_029,nominal_mpc_recovery,155.0,0.2325421543729356,0.22771788578465954,10.0,3.922541509321549,23.20542495734892,True,slsqp,none,True,True,False,False,0.7425489999986894,0.0
lhs_029,nominal_mpc_recovery,160.0,0.23518610780266294,0.23073974673831293,10.0,3.9270892156489685,23.450848460348013,False,slsqp,none,True,True,False,False,0.0,0.0
lhs_029,nominal_mpc_recovery,165.0,0.23783006123239028,0.2339327564621233,10.0,3.931532330543689,23.695681701589482,False,slsqp,none,True,True,False,False,0.0,0.0
lhs_029,nominal_mpc_recovery,170.0,0.24047401466211762,0.23586987782571725,10.0,3.935876060902941,23.939883457206964,False,slsqp,none,True,True,False,False,0.0,0.0
lhs_029,nominal_mpc_recovery,175.0,0.24311796809184497,0.23859395785989512,10.0,3.940125442846724,24.18341454728383,False,slsqp,none,True,True,False,False,0.0,0.0
lhs_029,nominal_mpc_recovery,180.0,0.2457619215215723,0.24136939454764553,10.0,3.94428537052816,24.4262377017537,True,slsqp,none,True,True,False,False,0.6703379999999015,0.0
lhs_029,nominal_mpc_recovery,185.0,0.24840587495129965,0.2436611790213526,10.0,3.948360618379082,24.66831744653713,False,slsqp,none,True,True,False,False,0.0,0.0
lhs_029,nominal_mpc_recovery,190.0,0.25104982838102696,0.24582887904586442,10.0,3.952355858362591,24.909620005417498,False,slsqp,none,True,True,False,False,0.0,0.0
lhs_029,nominal_mpc_recovery,195.0,0.2536937818107543,0.24768858805972557,10.0,3.9562756734255453,25.150113214231872,False,slsqp,none,True,True,False,False,0.0,0.0
lhs_029,nominal_mpc_recovery,200.0,0.25633773524048165,0.25049417211117486,10.0,3.960124568056454,25.38976644476721,False,slsqp,none,True,True,False,False,0.0,0.0
lhs_029,nominal_mpc_recovery,205.0,0.2588860893582877,0.2533428210786402,9.638422860076197,3.9550707604269397,25.611280779804915,True,slsqp,none,True,True,False,False,0.47466720000011264,0.3615771399238028
lhs_029,nominal_mpc_recovery,210.0,0.2614344434760938,0.25588974308700113,9.638422860076197,3.9579296327299183,25.831367877310544,False,slsqp,none,True,True,False,False,0.0,0.0
lhs_029,nominal_mpc_recovery,215.0,0.26398279759389986,0.2583939785968915,9.638422860076197,3.9608834873030134,26.05013366754639,False,slsqp,none,True,True,False,False,0.0,0.0
lhs_029,nominal_mpc_recovery,220.0,0.26653115171170594,0.2600371836946067,9.638422860076197,3.963900727551665,26.26765445851638,False,slsqp,none,True,True,False,False,0.0,0.0
lhs_029,nominal_mpc_recovery,225.0,0.269079505829512,0.26288285527126626,9.638422860076197,3.9669582503495735,26.483984335189007,False,slsqp,none,True,True,False,False,0.0,0.0
lhs_029,nominal_mpc_recovery,230.0,0.27151184116071536,0.26556235105368875,9.199614879200722,3.959317786951298,26.678678833379543,True,slsqp,none,True,True,False,False,0.4392438000013499,0.4388079808754757
lhs_029,nominal_mpc_recovery,235.0,0.2739441764919187,0.26818950466101227,9.199614879200722,3.9613661418408785,26.871650013959943,False,slsqp,none,True,True,False,False,0.0,0.0
lhs_029,nominal_mpc_recovery,240.0,0.27637651182312206,0.27075489944000736,9.199614879200722,3.963602497390221,27.063065078451295,False,slsqp,none,True,True,False,False,0.0,0.0
lhs_029,nominal_mpc_recovery,245.0,0.2788088471543254,0.27337196784004764,9.199614879200722,3.965978063719695,27.25304896696332,False,slsqp,none,True,True,False,False,0.0,0.0
lhs_029,nominal_mpc_recovery,250.0,0.28124118248552876,0.2756705558906018,9.199614879200722,3.9684565324028553,27.441694730588075,False,slsqp,none,True,True,False,False,0.0,0.0
lhs_029,nominal_mpc_recovery,255.0,0.2835914978440412,0.2777875507893662,8.889397718154287,3.9634308304188215,27.614968258448226,True,slsqp,none,True,True,False,False,0.3952836999997089,0.3102171610464346
lhs_029,nominal_mpc_recovery,260.0,0.28594181320255363,0.28091387146357727,8.889397718154287,3.965301981428753,27.78662717053476,False,slsqp,none,True,True,False,False,0.0,0.0
lhs_029,nominal_mpc_recovery,265.0,0.28829212856106606,0.28231383975563057,8.889397718154287,3.967344858060544,27.956811337659936,False,slsqp,none,True,True,False,False,0.0,0.0
lhs_029,nominal_mpc_recovery,270.0,0.2906424439195785,0.2853814709103094,8.889397718154287,3.9695186310490307,28.125626324694696,False,slsqp,none,True,True,False,False,0.0,0.0
lhs_029,nominal_mpc_recovery,275.0,0.29299275927809093,0.28813124838212884,8.889397718154287,3.9717929241466177,28.293151778876364,False,slsqp,none,True,True,False,False,0.0,0.0
lhs_029,nominal_mpc_recovery,280.0,0.2952428113301879,0.2914063828424664,8.510180348861207,3.964876237916159,28.442651716653103,True,slsqp,none,True,True,False,False,0.48894409999957134,0.37921736929308025
lhs_029,nominal_mpc_recovery,285.0,0.2974928633822849,0.29348750356130704,8.510180348861207,3.9663823449617737,28.590510992703056,False,slsqp,none,True,True,False,False,0.0,0.0
lhs_029,nominal_mpc_recovery,290.0,0.2997429154343819,0.2959620195844105,8.510180348861207,3.9680958104147948,28.73688384618086,False,slsqp,none,True,True,False,False,0.0,0.0
lhs_029,nominal_mpc_recovery,295.0,0.3019929674864789,0.29707701529858094,8.510180348861207,3.9699588848290723,28.88188790853691,False,slsqp,none,True,True,False,False,0.0,0.0
lhs_029,nominal_mpc_recovery,300.0,0.3042430195385759,0.2988241629244569,8.510180348861207,3.9719182476615047,29.025613103979794,False,slsqp,none,True,True,False,False,0.0,0.0
lhs_029,nominal_mpc_recovery,305.0,0.3064104476554324,0.30079523094189714,8.197678871673768,3.966307813081804,29.154690696350876,True,slsqp,none,True,True,False,False,0.4721093000007386,0.31250147718743904
lhs_029,nominal_mpc_recovery,310.0,0.3085778757722889,0.3023707404367955,8.197678871673768,3.967638085282075,29.282255602243485,False,slsqp,none,True,True,False,False,0.0,0.0
lhs_029,nominal_mpc_recovery,315.0,0.3107453038891454,0.30429928216126645,8.197678871673768,3.9691335788104025,29.408443790263295,False,slsqp,none,True,True,False,False,0.0,0.0
lhs_029,nominal_mpc_recovery,320.0,0.3129127320060019,0.3071500326977677,8.197678871673768,3.970752006074654,29.533359777781342,False,slsqp,none,True,True,False,False,0.0,0.0
lhs_029,nominal_mpc_recovery,325.0,0.3150801601228584,0.30950074264776906,8.197678871673768,3.9724613691351087,29.657084248602047,False,slsqp,none,True,True,False,False,0.0,0.0
lhs_029,nominal_mpc_recovery,330.0,0.3171668422958685,0.31238242386368636,7.892280361478604,3.966773624394117,29.766916963868937,True,slsqp,none,True,True,False,False,0.39272929999970074,0.30539851019516373
lhs_029,nominal_mpc_recovery,335.0,0.3192535244688786,0.3144539606809703,7.892280361478604,3.9678696821031703,29.875339112674347,False,slsqp,none,True,True,False,False,0.0,0.0
lhs_029,nominal_mpc_recovery,340.0,0.3213402066418887,0.316618946375608,7.892280361478604,3.9691292938394165,29.98247846456504,False,slsqp,none,True,True,False,False,0.0,0.0
lhs_029,nominal_mpc_recovery,345.0,0.32342688881489884,0.31796907025402565,7.892280361478604,3.970512030837891,30.088433841864344,False,slsqp,none,True,True,False,False,0.0,0.0
lhs_029,nominal_mpc_recovery,350.0,0.32551357098790895,0.3203230923445828,7.892280361478604,3.9719872656555113,30.193282107059627,False,slsqp,none,True,True,False,False,0.0,0.0
lhs_029,nominal_mpc_recovery,355.0,0.32755742422814466,0.322001402811218,7.730292134708636,3.9695734309775843,30.290475941506507,True,slsqp,none,True,True,False,False,0.392386900000929,0.16198822676996816
lhs_029,nominal_mpc_recovery,360.0,0.32960127746838036,0.32400120660181875,7.730292134708636,3.970783827677356,30.386500048521462,False,slsqp,none,True,True,False,False,0.0,0.0
lhs_029,nominal_mpc_recovery,365.0,0.33164513070861606,0.32572532433009727,7.730292134708636,3.9721010130705126,30.481438631202863,False,slsqp,none,True,True,False,False,0.0,0.0
lhs_029,nominal_mpc_recovery,370.0,0.33368898394885177,0.3277774372495269,7.730292134708636,3.9734990267439634,30.57535761920499,False,slsqp,none,True,True,False,False,0.0,0.0
lhs_029,nominal_mpc_recovery,375.0,0.3357328371890875,0.3293073360679807,7.730292134708636,3.9749582012071576,30.668309059796538,False,slsqp,none,True,True,False,False,0.0,0.0
lhs_029,nominal_mpc_recovery,380.0,0.33773088209363267,0.33247066272056053,7.557035165900206,3.972230379343473,30.753394243842905,True,slsqp,none,True,True,False,False,0.403545999999551,0.17325696880842933
lhs_029,nominal_mpc_recovery,385.0,0.33972892699817786,0.3335867505072696,7.557035165900206,3.9733584976311964,30.837408931040898,False,slsqp,none,True,True,False,False,0.0,0.0
lhs_029,nominal_mpc_recovery,390.0,0.34172697190272305,0.3353320518271382,7.557035165900206,3.9745860931966197,30.920429069595166,False,slsqp,none,True,True,False,False,0.0,0.0
lhs_029,nominal_mpc_recovery,395.0,0.34372501680726825,0.3371460862445293,7.557035165900206,3.9758896834526856,31.002514435659315,False,slsqp,none,True,True,False,False,0.0,0.0
lhs_029,nominal_mpc_recovery,400.0,0.34572306171181344,0.33926131647302893,7.557035165900206,3.977251464036773,31.08371250964496,False,slsqp,none,True,True,False,False,0.0,0.0
lhs_029,nominal_mpc_recovery,405.0,0.34766914712907787,0.3408211161636805,7.360513220027153,3.9738566297920754,31.156347246026993,True,slsqp,none,True,True,False,False,0.34652050000113377,0.19652194587305338
lhs_029,nominal_mpc_recovery,410.0,0.3496152325463423,0.3419178536717818,7.360513220027153,3.974830227453553,31.22796839217527,False,slsqp,none,True,True,False,False,0.0,0.0
lhs_029,nominal_mpc_recovery,415.0,0.35156131796360673,0.3440152919562593,7.360513220027153,3.9759132965957735,31.298655192501744,False,slsqp,none,True,True,False,False,0.0,0.0
lhs_029,nominal_mpc_recovery,420.0,0.35350740338087117,0.34543249288199623,7.360513220027153,3.977080639419889,31.368470012618577,False,slsqp,none,True,True,False,False,0.0,0.0
lhs_029,nominal_mpc_recovery,425.0,0.3554534887981356,0.34828215479354063,7.360513220027153,3.978313132695402,31.437462379662293,False,slsqp,none,True,True,False,False,0.0,0.0
lhs_029,nominal_mpc_recovery,430.0,0.35737308475242474,0.3505783782043411,7.2603243790383045,3.9771486429395657,31.501810460866274,True,slsqp,none,True,True,False,False,0.4113016000010248,0.1001888409888485
lhs_029,nominal_mpc_recovery,435.0,0.3592926807067139,0.3526308281757478,7.2603243790383045,3.9782332481744898,31.565310233159373,False,slsqp,none,True,True,False,False,0.0,0.0
lhs_029,nominal_mpc_recovery,440.0,0.36121227666100303,0.35428982360606226,7.2603243790383045,3.9793912789412027,31.62801524285959,False,slsqp,none,True,True,False,False,0.0,0.0
lhs_029,nominal_mpc_recovery,445.0,0.3631318726152922,0.35581539375852256,7.2603243790383045,3.9806065364346237,31.689968278844194,False,slsqp,none,True,True,False,False,0.0,0.0
lhs_029,nominal_mpc_recovery,450.0,0.3650514685695813,0.3576691049395451,7.2603243790383045,3.9818667211132768,31.751203928580892,False,slsqp,none,True,True,False,False,0.0,0.0
lhs_029,nominal_mpc_recovery,455.0,0.3669281296600931,0.35942250706378687,7.097935498452905,3.9791954376961582,31.80559137751758,True,slsqp,none,True,True,False,False,0.38646820000030857,0.16238888058539924
lhs_029,nominal_mpc_recovery,460.0,0.36880479075060485,0.361222428708513,7.097935498452905,3.980133781109449,31.85915820223034,False,slsqp,none,True,True,False,False,0.0,0.0
lhs_029,nominal_mpc_recovery,465.0,0.3706814518411166,0.3632663452210016,7.097935498452905,3.981163524459389,31.911967114223657,False,slsqp,none,True,True,False,False,0.0,0.0
lhs_029,nominal_mpc_recovery,470.0,0.3725581129316284,0.36415249431300767,7.097935498452905,3.9822645982504237,31.964067841120645,False,slsqp,none,True,True,False,False,0.0,0.0
lhs_029,nominal_mpc_recovery,475.0,0.37443477402214015,0.36600685886413914,7.097935498452905,3.9834217551379267,32.01550022047413,False,slsqp,none,True,True,False,False,0.0,0.0
lhs_029,nominal_mpc_recovery,480.0,0.3762670567403985,0.36857551938316224,6.930086958631903,3.980522996000515,32.06005829992066,True,slsqp,none,True,True,False,False,0.3280685000008816,0.16784853982100234
lhs_029,nominal_mpc_recovery,485.0,0.37809933945865687,0.37100483669267603,6.930086958631903,3.981361418548696,32.10385127453598,False,slsqp,none,True,True,False,False,0.0,0.0
lhs_029,nominal_mpc_recovery,490.0,0.37993162217691523,0.3719217073645455,6.930086958631903,3.9822993796771264,32.14694440381613,False,slsqp,none,True,True,False,False,0.0,0.0
lhs_029,nominal_mpc_recovery,495.0,0.3817639048951736,0.3727580263762185,6.930086958631903,3.9833152677980537,32.189389318101455,False,slsqp,none,True,True,False,False,0.0,0.0
lhs_029,nominal_mpc_recovery,500.0,0.38359618761343195,0.37410399521227683,6.930086958631903,3.9843926552820585,32.231227265294216,False,slsqp,none,True,True,False,False,0.0,0.0
lhs_029,nominal_mpc_recovery,505.0,0.3854130366243081,0.37587407480108176,6.871713360940417,3.984093001198005,32.27035733660676,True,slsqp,none,True,True,False,False,0.6531271999992896,0.05837359769148609
lhs_029,nominal_mpc_recovery,510.0,0.38722988563518423,0.3786205492383544,6.871713360940417,3.9851201254451536,32.308887415292446,False,slsqp,none,True,True,False,False,0.0,0.0
lhs_029,nominal_mpc_recovery,515.0,0.3890467346460604,0.3808511821603557,6.871713360940417,3.9862040391501656,32.346854980193854,False,slsqp,none,True,True,False,False,0.0,0.0
lhs_029,nominal_mpc_recovery,520.0,0.3908635836569365,0.38353798936030437,6.871713360940417,3.987333486421469,32.38429041085813,False,slsqp,none,True,True,False,False,0.0,0.0
lhs_029,nominal_mpc_recovery,525.0,0.39268043266781266,0.38517629286033467,6.871713360940417,3.9884999002495163,32.42121865520561,False,slsqp,none,True,True,False,False,0.0,0.0
lhs_029,nominal_mpc_recovery,530.0,0.39443584636600204,0.3867413591946676,6.639351807230657,3.984020006544029,32.4493182657641,True,slsqp,none,True,True,False,False,0.765507100000832,0.23236155370975986
lhs_029,nominal_mpc_recovery,535.0,0.3961912600641914,0.38845157066737,6.639351807230657,3.9846896527787936,32.47674303689325,False,slsqp,none,True,True,False,False,0.0,0.0
lhs_029,nominal_mpc_recovery,540.0,0.3979466737623808,0.3910006859001518,6.639351807230657,3.9854785358214326,32.503565483226325,False,slsqp,none,True,True,False,False,0.0,0.0
lhs_029,nominal_mpc_recovery,545.0,0.3997020874605702,0.3925051227513807,6.639351807230657,3.9863608920825166,32.52984259369891,False,slsqp,none,True,True,False,False,0.0,0.0
lhs_029,nominal_mpc_recovery,550.0,0.40145750115875956,0.39410923738721426,6.639351807230657,3.9873154673584263,32.55561953786902,False,slsqp,none,True,True,False,False,0.0,0.0
lhs_029,nominal_mpc_recovery,555.0,0.4032641963963228,0.39574094603116255,6.833309608443509,3.99306279970316,32.58783433514103,True,slsqp,none,True,True,False,False,1.0195244000005914,0.19395780121285178
lhs_029,nominal_mpc_recovery,560.0,0.4050708916338861,0.3971244649837053,6.833309608443509,3.9945754744897353,32.61979181339099,False,slsqp,none,True,True,False,False,0.0,0.0
lhs_029,nominal_mpc_recovery,565.0,0.40687758687144937,0.39845328307151456,6.833309608443509,3.9960405741436946,32.6514668737452,False,slsqp,none,True,True,False,False,0.0,0.0
lhs_029,nominal_mpc_recovery,570.0,0.40868428210901264,0.4002510006329709,6.833309608443509,3.9974705710428995,32.68284198139379,False,slsqp,none,True,True,False,False,0.0,0.0
lhs_029,nominal_mpc_recovery,575.0,0.4104909773465759,0.40315118606163197,6.833309608443509,3.998874913544171,32.71390529135551,False,slsqp,none,True,True,False,False,0.0,0.0
lhs_029,nominal_mpc_recovery,580.0,0.41222459389889454,0.40598130174883584,6.556910317809187,3.9935085807215804,32.73485913046922,True,slsqp,none,True,True,False,False,1.064199299999018,0.27639929063432156
lhs_029,nominal_mpc_recovery,585.0,0.41395821045121317,0.4067818533810454,6.556910317809187,3.994224665380204,32.75524333878317,False,slsqp,none,True,True,False,False,0.0,0.0
lhs_029,nominal_mpc_recovery,590.0,0.4156918270035318,0.4086676494888273,6.556910317809187,3.9950481242622184,32.77512409745607,False,slsqp,none,True,True,False,False,0.0,0.0
lhs_029,nominal_mpc_recovery,595.0,0.41742544355585043,0.4101811375336254,6.556910317809187,3.9959548617314504,32.794553254332165,False,slsqp,none,True,True,False,False,0.0,0.0
lhs_029,nominal_mpc_recovery,600.0,0.41915906010816906,0.4121789699955256,6.556910317809187,3.996926556719954,32.8135717535063,False,slsqp,none,True,True,False,False,0.0,0.0
lhs_029,nominal_mpc_recovery,605.0,0.42090900077295756,0.41302762413635247,6.618651618871381,3.999457478415498,32.83436241963913,True,slsqp,none,True,True,False,False,1.3024664000004122,0.06174130106219344
lhs_029,nominal_mpc_recovery,610.0,0.42265894143774607,0.4140378532873748,6.618651618871381,4.000667226121535,32.8548560192039,False,slsqp,none,True,True,False,False,0.0,0.0
lhs_029,nominal_mpc_recovery,615.0,0.4244088821025346,0.41567234399954667,6.618651618871381,4.001883321291635,32.87505881929819,False,slsqp,none,True,True,False,False,0.0,0.0
lhs_029,nominal_mpc_recovery,620.0,0.4261588227673231,0.4170953380472898,6.618651618871381,4.0031056755413355,32.89497693893972,False,slsqp,none,True,True,False,False,0.0,0.0
lhs_029,nominal_mpc_recovery,625.0,0.4279087634321116,0.41950842274711536,6.618651618871381,4.004334199673585,32.914616344036425,False,slsqp,none,True,True,False,False,0.0,0.0
lhs_029,nominal_mpc_recovery,630.0,0.4296629978273963,0.42169585637486134,6.634891430238431,4.005965496040751,32.934549146179776,True,slsqp,none,True,True,False,False,1.1684557000007771,0.01623981136705055
lhs_029,nominal_mpc_recovery,635.0,0.431417232222681,0.4233999659076245,6.634891430238431,4.007244653452057,32.95422936746529,False,slsqp,none,True,True,False,False,0.0,0.0
lhs_029,nominal_mpc_recovery,640.0,0.43317146661796574,0.42577372156177434,6.634891430238431,4.008522892970154,32.97365849381349,False,slsqp,none,True,True,False,False,0.0,0.0
lhs_029,nominal_mpc_recovery,645.0,0.43492570101325045,0.42745087592539516,6.634891430238431,4.009801733533536,32.99283882098608,False,slsqp,none,True,True,False,False,0.0,0.0
lhs_029,nominal_mpc_recovery,650.0,0.43667993540853517,0.42954952183991396,6.634891430238431,4.011082314662371,33.01177322747897,False,slsqp,none,True,True,False,False,0.0,0.0
lhs_029,nominal_mpc_recovery,655.0,0.43842144758217444,0.43214862035298535,6.586773254243269,4.01119012142712,33.028792859036024,True,slsqp,none,True,True,False,False,0.8586359999990236,0.048118175995162105
lhs_029,nominal_mpc_recovery,660.0,0.4401629597558137,0.4330327002096024,6.586773254243269,4.012362294189614,33.04553022042969,False,slsqp,none,True,True,False,False,0.0,0.0
lhs_029,nominal_mpc_recovery,665.0,0.441904471929453,0.43542973700172977,6.586773254243269,4.013558401835434,33.062000943776766,False,slsqp,none,True,True,False,False,0.0,0.0
lhs_029,nominal_mpc_recovery,670.0,0.44364598410309225,0.43708491194909793,6.586773254243269,4.014774061381088,33.07821796804989,False,slsqp,none,True,True,False,False,0.0,0.0
lhs_029,nominal_mpc_recovery,675.0,0.4453874962767315,0.43919398216353894,6.586773254243269,4.016005935098217,33.094192162848934,False,slsqp,none,True,True,False,False,0.0,0.0
lhs_029,nominal_mpc_recovery,680.0,0.44711944713984303,0.44028550243909215,6.550610323307037,4.016368135527917,33.10868459481525,True,slsqp,none,True,True,False,False,0.620505900000353,0.03616293093623213
lhs_029,nominal_mpc_recovery,685.0,0.44885139800295454,0.4424366247317762,6.550610323307037,4.017539551224459,33.12291925267953,False,slsqp,none,True,True,False,False,0.0,0.0
lhs_029,nominal_mpc_recovery,690.0,0.45058334886606605,0.4447797949199517,6.550610323307037,4.018736416091911,33.13691205244038,False,slsqp,none,True,True,False,False,0.0,0.0
lhs_029,nominal_mpc_recovery,695.0,0.45231529972917756,0.44683094182073435,6.550610323307037,4.019954041545741,33.15067605616315,False,slsqp,none,True,True,False,False,0.0,0.0
lhs_029,nominal_mpc_recovery,700.0,0.45404725059228906,0.4480735800610195,6.550610323307037,4.021188859908071,33.164222135819706,False,slsqp,none,True,True,False,False,0.0,0.0
lhs_029,nominal_mpc_recovery,705.0,0.4557622726242813,0.4494379454732434,6.4865818463721485,4.020874111796795,33.1753660548494,True,slsqp,none,True,True,False,False,1.0376816000007238,0.06402847693488845
lhs_029,nominal_mpc_recovery,710.0,0.45747729465627357,0.450774331344394,6.4865818463721485,4.021983750546396,33.18625258414952,False,slsqp,none,True,True,False,False,0.0,0.0
lhs_029,nominal_mpc_recovery,715.0,0.4591923166882658,0.4527303426952509,6.4865818463721485,4.023131118996961,33.19690410547758,False,slsqp,none,True,True,False,False,0.0,0.0
lhs_029,nominal_mpc_recovery,720.0,0.4609073387202581,0.45514227001395896,6.4865818463721485,4.024308715394626,33.20733853504166,False,slsqp,none,True,True,False,False,0.0,0.0
lhs_029,nominal_mpc_recovery,725.0,0.46262236075225033,0.45721038432678895,6.4865818463721485,4.025510836124027,33.217570378191354,False,slsqp,none,True,True,False,False,0.0,0.0
lhs_029,nominal_mpc_recovery,730.0,0.4643973693007578,0.45850524043691376,6.713463741645957,4.032275473327726,33.23542397894039,True,slsqp,none,True,True,False,False,1.5592481000003318,0.22688189527380853
lhs_029,nominal_mpc_recovery,735.0,0.4661723778492653,0.4603792923542135,6.713463741645957,4.034053756468112,33.25330582143807,False,slsqp,none,True,True,False,False,0.0,0.0
lhs_029,nominal_mpc_recovery,740.0,0.4679473863977728,0.46113541529752633,6.713463741645957,4.03575114158343,33.271167363121364,False,slsqp,none,True,True,False,False,0.0,0.0
lhs_029,nominal_mpc_recovery,745.0,0.46972239494628026,0.4638858775460774,6.713463741645957,4.0373880387952035,33.288972312008596,False,slsqp,none,True,True,False,False,0.0,0.0
lhs_029,nominal_mpc_recovery,750.0,0.47149740349478775,0.46561765785098375,6.713463741645957,4.038979952957722,33.306693646697184,False,slsqp,none,True,True,False,False,0.0,0.0
lhs_029,nominal_mpc_recovery,755.0,0.47324776076498437,0.46744724651625824,6.620227310044372,4.038260929520279,33.32107253949186,True,slsqp,none,True,True,False,False,1.0883425999982137,0.09323643160158479
lhs_029,nominal_mpc_recovery,760.0,0.474998118035181,0.4694939709035691,6.620227310044372,4.039573715077207,33.335247262974875,False,slsqp,none,True,True,False,False,0.0,0.0
lhs_029,nominal_mpc_recovery,765.0,0.4767484753053776,0.47164640754245557,6.620227310044372,4.0409082126087394,33.349230485182005,False,slsqp,none,True,True,False,False,0.0,0.0
lhs_029,nominal_mpc_recovery,770.0,0.47849883257557424,0.47367457522544826,6.620227310044372,4.0422604413341,33.36303241156922,False,slsqp,none,True,True,False,False,0.0,0.0
lhs_029,nominal_mpc_recovery,775.0,0.48024918984577086,0.47618658879314457,6.620227310044372,4.04362739094661,33.37666137097646,False,slsqp,none,True,True,False,False,0.0,0.0
lhs_029,nominal_mpc_recovery,780.0,0.4819231371986037,0.47900002729110985,6.3312285837253,4.037946101718311,33.38028884637434,True,slsqp,none,True,True,False,False,1.2221004000002722,0.28899872631907186
lhs_029,nominal_mpc_recovery,785.0,0.4835970845514365,0.48036362603611016,6.3312285837253,4.038648498764774,33.383506666585454,False,slsqp,none,True,True,False,False,0.0,0.0
lhs_029,nominal_mpc_recovery,790.0,0.48527103190426935,0.4809868085800726,6.3312285837253,4.039481597803927,33.386388208479886,False,slsqp,none,True,True,False,False,0.0,0.0
lhs_029,nominal_mpc_recovery,795.0,0.4869449792571022,0.4815708344755026,6.3312285837253,4.040415998385397,33.3889900123761,False,slsqp,none,True,True,False,False,0.0,0.0
lhs_029,nominal_mpc_recovery,800.0,0.488618926609935,0.4831981670640698,6.3312285837253,4.04142937433666,33.39135583402063,False,slsqp,none,True,True,False,False,0.0,0.0
lhs_029,nominal_mpc_recovery,805.0,0.49035345012209813,0.48503050294458944,6.560340634827286,4.048102832776003,33.40124496061847,True,slsqp,none,True,True,False,False,1.2965674999995827,0.22911205110198551
lhs_029,nominal_mpc_recovery,810.0,0.49208797363426127,0.4861942949148463,6.560340634827286,4.049773122773365,33.41116258523716,False,slsqp,none,True,True,False,False,0.0,0.0
lhs_029,nominal_mpc_recovery,815.0,0.4938224971464244,0.48853807205504546,6.560340634827286,4.051386666754213,33.421074047020625,False,slsqp,none,True,True,False,False,0.0,0.0
lhs_029,nominal_mpc_recovery,820.0,0.49555702065858753,0.4895169203964773,6.560340634827286,4.052958566424417,33.43095353300276,False,slsqp,none,True,True,False,False,0.0,0.0
lhs_029,nominal_mpc_recovery,825.0,0.49729154417075067,0.4915251464912208,6.560340634827286,4.0545002927786085,33.44078191767621,False,slsqp,none,True,True,False,False,0.0,0.0
lhs_029,nominal_mpc_recovery,830.0,0.499005234423493,0.49350740913614516,6.481544771078041,4.0540950713757455,33.44786458766931,True,slsqp,none,True,True,False,False,0.934494299999642,0.07879586374924497
lhs_029,nominal_mpc_recovery,835.0,0.5007189246762352,0.495034611763026,6.481544771078041,4.055412149390069,33.45480106138689,False,slsqp,none,True,True,False,False,0.0,0.0
lhs_029,nominal_mpc_recovery,840.0,0.5024326149289775,0.497900763104176,6.481544771078041,4.056748355203951,33.461603256062254,False,slsqp,none,True,True,False,False,0.0,0.0
lhs_029,nominal_mpc_recovery,845.0,0.5041463051817198,0.49952436585230825,6.481544771078041,4.058098977422029,33.468280726302346,False,slsqp,none,True,True,False,False,0.0,0.0
lhs_029,nominal_mpc_recovery,850.0,0.505859995434462,0.5013726802353625,6.481544771078041,4.0594610943591745,33.474841224717515,False,slsqp,none,True,True,False,False,0.0,0.0
lhs_029,nominal_mpc_recovery,855.0,0.5075477482049594,0.5029907681642981,6.3834436398202845,4.058435285664782,33.47798883970093,True,slsqp,none,True,True,False,False,1.147022500001185,0.09810113125775644
lhs_029,nominal_mpc_recovery,860.0,0.5092355009754568,0.5055916304489119,6.3834436398202845,4.059580524019755,33.48094534592665,False,slsqp,none,True,True,False,False,0.0,0.0
lhs_029,nominal_mpc_recovery,865.0,0.5109232537459542,0.5069181888954528,6.3834436398202845,4.06077342286531,33.483738661603105,False,slsqp,none,True,True,False,False,0.0,0.0
lhs_029,nominal_mpc_recovery,870.0,0.5126110065164515,0.5094165223970645,6.3834436398202845,4.062003409117313,33.4863905340606,False,slsqp,none,True,True,False,False,0.0,0.0
lhs_029,nominal_mpc_recovery,875.0,0.5142987592869489,0.5106125518807814,6.3834436398202845,4.0632624684295315,33.4889180168637,False,slsqp,none,True,True,False,False,0.0,0.0
lhs_029,nominal_mpc_recovery,880.0,0.5160132736288031,0.5122076320910545,6.484661653178298,4.06701790370449,33.494732588912775,True,slsqp,none,True,True,False,False,1.4430228999990504,0.10121801335801361
lhs_029,nominal_mpc_recovery,885.0,0.5177277879706573,0.5142273180640801,6.484661653178298,4.0685596250380955,33.50053701341698,False,slsqp,none,True,True,False,False,0.0,0.0
lhs_029,nominal_mpc_recovery,890.0,0.5194423023125115,0.5153121210613675,6.484661653178298,4.070073730696207,33.50631545601283,False,slsqp,none,True,True,False,False,0.0,0.0
lhs_029,nominal_mpc_recovery,895.0,0.5211568166543658,0.5172873998185242,6.484661653178298,4.071567553741039,33.5120562696974,False,slsqp,none,True,True,False,False,0.0,0.0
lhs_029,nominal_mpc_recovery,900.0,0.52287133099622,0.51893470030201,6.484661653178298,4.073046681456654,33.517750968755294,False,slsqp,none,True,True,False,False,0.0,0.0
lhs_029,nominal_mpc_recovery,905.0,0.5245384653784277,0.5198083337022043,6.3054604648606345,4.0701363105703985,33.51739954069337,True,slsqp,none,True,True,False,False,1.5928225999996357,0.17920118831766363
lhs_029,nominal_mpc_recovery,910.0,0.5262055997606356,0.5216645968479987,6.3054604648606345,4.071170571929147,33.5168359071235,False,slsqp,none,True,True,False,False,0.0,0.0
lhs_029,nominal_mpc_recovery,915.0,0.5278727341428435,0.5243247459780174,6.3054604648606345,4.072275432764222,33.516099606694944,False,slsqp,none,True,True,False,False,0.0,0.0
lhs_029,nominal_mpc_recovery,920.0,0.5295398685250514,0.5263644877412444,6.3054604648606345,4.073435177685111,33.51522116486869,False,slsqp,none,True,True,False,False,0.0,0.0
lhs_029,nominal_mpc_recovery,925.0,0.5312070029072593,0.5275113777307868,6.3054604648606345,4.074637887717387,33.5142242614262,False,slsqp,none,True,True,False,False,0.0,0.0
lhs_029,nominal_mpc_recovery,930.0,0.5328833344033296,0.5294638773634852,6.340245925750321,4.07672459895818,33.51427799264601,True,slsqp,none,True,True,False,False,1.746397300001263,0.0347854608896867
lhs_029,nominal_mpc_recovery,935.0,0.5345596658993998,0.5321762115930567,6.340245925750321,4.07807129401407,33.51427630810966,False,slsqp,none,True,True,False,False,0.0,0.0
lhs_029,nominal_mpc_recovery,940.0,0.5362359973954701,0.5329849836140662,6.340245925750321,4.079425271461836,33.51422246533257,False,slsqp,none,True,True,False,False,0.0,0.0
lhs_029,nominal_mpc_recovery,945.0,0.5379123288915404,0.5346357216007114,6.340245925750321,4.080786024890233,33.51411934771257,False,slsqp,none,True,True,False,False,0.0,0.0
lhs_029,nominal_mpc_recovery,950.0,0.5395886603876107,0.535981626783545,6.340245925750321,4.082153183197459,33.5139695390936,False,slsqp,none,True,True,False,False,0.0,0.0
lhs_029,nominal_mpc_recovery,955.0,0.5412811256692488,0.5375336874974758,6.401267369571795,4.085017794008563,33.51580144447233,True,slsqp,none,True,True,False,False,2.314585000000079,0.06102144382147401
lhs_029,nominal_mpc_recovery,960.0,0.5429735909508869,0.539112697908636,6.401267369571795,4.086542714684799,33.51764502823319,False,slsqp,none,True,True,False,False,0.0,0.0
lhs_029,nominal_mpc_recovery,965.0,0.5446660562325251,0.5398617726889072,6.401267369571795,4.0880478498380235,33.51948764443137,False,slsqp,none,True,True,False,False,0.0,0.0
lhs_029,nominal_mpc_recovery,970.0,0.5463585215141632,0.5423148600253855,6.401267369571795,4.089539122863455,33.521319972003326,False,slsqp,none,True,True,False,False,0.0,0.0
lhs_029,nominal_mpc_recovery,975.0,0.5480509867958013,0.5449789589075431,6.401267369571795,4.091021051214738,33.5231352007274,False,slsqp,none,True,True,False,False,0.0,0.0
lhs_029,nominal_mpc_recovery,980.0,0.5497263124763565,0.5456556543600752,6.336441715344355,4.09091265815695,33.52277609095585,True,slsqp,none,True,True,False,False,1.1056570999990072,0.06482565422744013
lhs_029,nominal_mpc_recovery,985.0,0.5514016381569117,0.5479910332915737,6.336441715344355,4.092230527685905,33.52233467596544,False,slsqp,none,True,True,False,False,0.0,0.0
lhs_029,nominal_mpc_recovery,990.0,0.5530769638374669,0.5497869209064702,6.336441715344355,4.093574362319533,33.52182398694104,False,slsqp,none,True,True,False,False,0.0,0.0
lhs_029,nominal_mpc_recovery,995.0,0.554752289518022,0.5514637429500039,6.336441715344355,4.094939346730776,33.52125422017636,False,slsqp,none,True,True,False,False,0.0,0.0
lhs_029,nominal_mpc_recovery,1000.0,0.5564276151985772,0.5527030804515073,6.336441715344355,4.096321844846375,33.52063341444563,False,slsqp,none,True,True,False,False,0.0,0.0
lhs_029,nominal_mpc_recovery,1005.0,0.558115285209528,0.5551028622721539,6.383130625431703,4.098860383117133,33.521514255932395,True,slsqp,none,True,True,False,False,1.3766735999997763,0.04668891008734821
lhs_029,nominal_mpc_recovery,1010.0,0.5598029552204788,0.5553276443638857,6.383130625431703,4.100382075267003,33.52239667362004,False,slsqp,none,True,True,False,False,0.0,0.0
lhs_029,nominal_mpc_recovery,1015.0,0.5614906252314297,0.5571088782474246,6.383130625431703,4.101895363983621,33.52327368513821,False,slsqp,none,True,True,False,False,0.0,0.0
lhs_029,nominal_mpc_recovery,1020.0,0.5631782952423805,0.559869398714951,6.383130625431703,4.103403691270302,33.52414020044206,False,slsqp,none,True,True,False,False,0.0,0.0
lhs_029,nominal_mpc_recovery,1025.0,0.5648659652533313,0.561761128019022,6.383130625431703,4.104909693967533,33.52499255601852,False,slsqp,none,True,True,False,False,0.0,0.0
lhs_029,nominal_mpc_recovery,1030.0,0.5666645782512818,0.5630449490255891,6.802740841528315,4.116673773627703,33.540059683032176,True,slsqp,none,True,True,False,False,1.36236899999858,0.4196102160966113
lhs_029,nominal_mpc_recovery,1035.0,0.5684631912492323,0.5656733500486474,6.802740841528315,4.119186223814038,33.555509091185144,False,slsqp,none,True,True,False,False,0.0,0.0
lhs_029,nominal_mpc_recovery,1040.0,0.5702618042471828,0.5680295319779756,6.802740841528315,4.1215253832494625,33.57123241281955,False,slsqp,none,True,True,False,False,0.0,0.0
lhs_029,nominal_mpc_recovery,1045.0,0.5720604172451332,0.568774682274626,6.802740841528315,4.12373349318469,33.58714704846306,False,slsqp,none,True,True,False,False,0.0,0.0
lhs_029,nominal_mpc_recovery,1050.0,0.5738590302430837,0.5704244301709915,6.802740841528315,4.125842678504936,33.60318994368262,False,slsqp,none,True,True,False,False,0.0,0.0
lhs_029,nominal_mpc_recovery,1055.0,0.5756479114726137,0.5712796492843883,6.76593320221441,4.126977383477974,33.618031176870744,True,slsqp,none,True,True,False,False,1.2342021000004024,0.03680763931390452
lhs_029,nominal_mpc_recovery,1060.0,0.5774367927021438,0.5735486602668878,6.76593320221441,4.128867874565981,33.63287988552919,False,slsqp,none,True,True,False,False,0.0,0.0
lhs_029,nominal_mpc_recovery,1065.0,0.5792256739316738,0.5745308577015801,6.76593320221441,4.130732119582264,33.647717232769836,False,slsqp,none,True,True,False,False,0.0,0.0
lhs_029,nominal_mpc_recovery,1070.0,0.5810145551612038,0.5770898129424366,6.76593320221441,4.132577341738252,33.662528668681944,False,slsqp,none,True,True,False,False,0.0,0.0
lhs_029,nominal_mpc_recovery,1075.0,0.5828034363907338,0.5793088583845859,6.76593320221441,4.134409087102912,33.677302912941876,False,slsqp,none,True,True,False,False,0.0,0.0
lhs_029,nominal_mpc_recovery,1080.0,0.5845151455304937,0.5813222383324463,6.474051776079486,4.129093295285759,33.68200988664685,True,slsqp,none,True,True,False,False,1.0774907000013627,0.29188142613492385
lhs_029,nominal_mpc_recovery,1085.0,0.5862268546702535,0.583485945908578,6.474051776079486,4.130207783570576,33.68640015628938,False,slsqp,none,True,True,False,False,0.0,0.0
lhs_029,nominal_mpc_recovery,1090.0,0.5879385638100133,0.5846829828838744,6.474051776079486,4.131441062158785,33.69053945216832,False,slsqp,none,True,True,False,False,0.0,0.0
lhs_029,nominal_mpc_recovery,1095.0,0.5896502729497731,0.5869004026800806,6.474051776079486,4.132766419823865,33.6944778384429,False,slsqp,none,True,True,False,False,0.0,0.0
lhs_029,nominal_mpc_recovery,1100.0,0.591361982089533,0.5889338270885494,6.474051776079486,4.13416361816013,33.69825350583472,False,slsqp,none,True,True,False,False,0.0,0.0
lhs_029,nominal_mpc_recovery,1105.0,0.5931018384000104,0.5905402326607586,6.580510423955747,4.138221457944532,33.70550227343195,True,slsqp,none,True,True,False,False,1.9829506000005495,0.10645864787626103
lhs_029,nominal_mpc_recovery,1110.0,0.5948416947104879,0.593049411878608,6.580510423955747,4.139976749781624,33.7127361060135,False,slsqp,none,True,True,False,False,0.0,0.0
lhs_029,nominal_mpc_recovery,1115.0,0.5965815510209653,0.5930166430748754,6.580510423955747,4.1417236648273645,33.71994613249687,False,slsqp,none,True,True,False,False,0.0,0.0
lhs_029,nominal_mpc_recovery,1120.0,0.5983214073314428,0.5948085985759394,6.580510423955747,4.143466053572272,33.72712567245017,False,slsqp,none,True,True,False,False,0.0,0.0
lhs_029,nominal_mpc_recovery,1125.0,0.6000612636419203,0.5970393292813808,6.580510423955747,4.145206884405138,33.73426970234774,False,slsqp,none,True,True,False,False,0.0,0.0
lhs_029,nominal_mpc_recovery,1130.0,0.6017252758843873,0.5983799151189487,6.293651861480141,4.139933617485609,33.73173801859022,True,slsqp,none,True,True,False,False,0.9873375999995915,0.28685856247560615
lhs_029,nominal_mpc_recovery,1135.0,0.6033892881268543,0.6004231400388168,6.293651861480141,4.140994838546023,33.72891480692241,False,slsqp,none,True,True,False,False,0.0,0.0
lhs_029,nominal_mpc_recovery,1140.0,0.6050533003693214,0.6012763532723469,6.293651861480141,4.142185937286633,33.72586580564054,False,slsqp,none,True,True,False,False,0.0,0.0
lhs_029,nominal_mpc_recovery,1145.0,0.6067173126117884,0.6034176726661074,6.293651861480141,4.143479183804113,33.72264129043988,False,slsqp,none,True,True,False,False,0.0,0.0
lhs_029,nominal_mpc_recovery,1150.0,0.6083813248542554,0.6047908678057363,6.293651861480141,4.144853402828449,33.71927980765727,False,slsqp,none,True,True,False,False,0.0,0.0
lhs_029,nominal_mpc_recovery,1155.0,0.6100049701187679,0.6064441055604591,6.140975276859881,4.142555092310256,33.71082277088131,True,slsqp,none,True,True,False,False,0.4316797999999835,0.15267658462026024
lhs_029,nominal_mpc_recovery,1160.0,0.6116286153832803,0.6076734374480792,6.140975276859881,4.143675500428709,33.702154704637785,False,slsqp,none,True,True,False,False,0.0,0.0
lhs_029,nominal_mpc_recovery,1165.0,0.6132522606477927,0.6098070982243031,6.140975276859881,4.144902366385263,33.69332803495978,False,slsqp,none,True,True,False,False,0.0,0.0
lhs_029,nominal_mpc_recovery,1170.0,0.6148759059123051,0.6114652900446612,6.140975276859881,4.146213321336081,33.6843830528502,False,slsqp,none,True,True,False,False,0.0,0.0
lhs_029,nominal_mpc_recovery,1175.0,0.6164995511768175,0.613487966245986,6.140975276859881,4.147591254438428,33.67535083023987,False,slsqp,none,True,True,False,False,0.0,0.0
lhs_029,nominal_mpc_recovery,1180.0,0.6180513803369279,0.6158574319494545,5.869351338273525,4.142371862122997,33.65762266041297,True,slsqp,none,True,True,False,False,0.2701301999986754,0.27162393858635614
lhs_029,nominal_mpc_recovery,1185.0,0.6196032094970382,0.6171733876577429,5.869351338273525,4.14318550244742,33.63963672393061,False,slsqp,none,True,True,False,False,0.0,0.0
lhs_029,nominal_mpc_recovery,1190.0,0.6211550386571485,0.6199299522615456,5.869351338273525,4.144148611528355,33.62146676890049,False,slsqp,none,True,True,False,False,0.0,0.0
lhs_029,nominal_mpc_recovery,1195.0,0.6227068678172588,0.6214597251967056,5.869351338273525,4.145228485334374,33.6031694515214,False,slsqp,none,True,True,False,False,0.0,0.0
lhs_029,nominal_mpc_recovery,1200.0,0.6242586969773691,0.6232567960535845,5.869351338273525,4.146400163307671,33.584788444493554,False,slsqp,none,True,True,False,False,0.0,0.0
lhs_029,nominal_mpc_recovery,1205.0,0.6257375886917415,0.6237835796309326,5.593486245802798,4.140887812905852,33.55791691328282,True,slsqp,none,True,True,False,False,0.3437221000003774,0.27586509247072666
lhs_029,nominal_mpc_recovery,1210.0,0.6272164804061138,0.6254171158061664,5.593486245802798,4.141516547550318,33.53081917227468,False,slsqp,none,True,True,False,False,0.0,0.0
lhs_029,nominal_mpc_recovery,1215.0,0.6286953721204861,0.6271539640446454,5.593486245802798,4.142307609722281,33.50357257859446,False,slsqp,none,True,True,False,False,0.0,0.0
lhs_029,nominal_mpc_recovery,1220.0,0.6301742638348584,0.6290479084734446,5.593486245802798,4.143225255672964,33.47623664624789,False,slsqp,none,True,True,False,False,0.0,0.0
lhs_029,nominal_mpc_recovery,1225.0,0.6316531555492307,0.6312344934399913,5.593486245802798,4.144242212235493,33.44885732781996,False,slsqp,none,True,True,False,False,0.0,0.0
lhs_029,nominal_mpc_recovery,1230.0,0.6330837492312927,0.6323703267859696,5.410812709395918,4.140862604758488,33.416078077475994,True,slsqp,none,True,True,False,False,0.2532802999994601,0.1826735364068801
lhs_029,nominal_mpc_recovery,1235.0,0.6345143429133547,0.633448508276656,5.410812709395918,4.141573676765891,33.38319038961774,False,slsqp,none,True,True,False,False,0.0,0.0
lhs_029,nominal_mpc_recovery,1240.0,0.6359449365954167,0.6354440260293769,5.410812709395918,4.142411568613705,33.350252299062696,False,slsqp,none,True,True,False,False,0.0,0.0
lhs_029,nominal_mpc_recovery,1245.0,0.6373755302774787,0.6371719379403618,5.410812709395918,4.14334890214933,33.31730864382524,False,slsqp,none,True,True,False,False,0.0,0.0
lhs_029,nominal_mpc_recovery,1250.0,0.6388061239595407,0.6379784403611052,5.410812709395918,4.144364752308828,33.28439421864335,False,slsqp,none,True,True,False,False,0.0,0.0
lhs_029,nominal_mpc_recovery,1255.0,0.6401774353293173,0.6398024877954944,5.186594265837702,4.139949650051038,33.245133670468604,True,slsqp,none,True,True,False,False,0.26409919999969134,0.2242184435582164
lhs_029,nominal_mpc_recovery,1260.0,0.6415487466990938,0.6412182716588404,5.186594265837702,4.140529152509203,33.205800267187946,False,slsqp,none,True,True,False,False,0.0,0.0
lhs_029,nominal_mpc_recovery,1265.0,0.6429200580688703,0.6425718900724771,5.186594265837702,4.14124347176417,33.16645363123019,False,slsqp,none,True,True,False,False,0.0,0.0
lhs_029,nominal_mpc_recovery,1270.0,0.6442913694386468,0.6435714576436226,5.186594265837702,4.1420632558600055,33.12713979699516,False,slsqp,none,True,True,False,False,0.0,0.0
lhs_029,nominal_mpc_recovery,1275.0,0.6456626808084234,0.6446946729164398,5.186594265837702,4.142966080824278,33.08789445828601,False,slsqp,none,True,True,False,False,0.0,0.0
lhs_029,nominal_mpc_recovery,1280.0,0.647003572785222,0.6451020941129699,5.071541585121202,4.141115759144813,33.04556064813734,True,slsqp,none,True,True,False,False,0.4986162000004697,0.11505268071649954
lhs_029,nominal_mpc_recovery,1285.0,0.6483444647620207,0.6465495744609685,5.071541585121202,4.141855320768878,33.00326970923314,False,slsqp,none,True,True,False,False,0.0,0.0
lhs_029,nominal_mpc_recovery,1290.0,0.6496853567388193,0.6476645629103637,5.071541585121202,4.142685800126483,32.96106025236042,False,slsqp,none,True,True,False,False,0.0,0.0
lhs_029,nominal_mpc_recovery,1295.0,0.651026248715618,0.6492851999548206,5.071541585121202,4.14358806456312,32.91896226442424,False,slsqp,none,True,True,False,False,0.0,0.0
lhs_029,nominal_mpc_recovery,1300.0,0.6523671406924166,0.6498634256044041,5.071541585121202,4.144547450273838,32.87699915482145,False,slsqp,none,True,True,False,False,0.0,0.0
lhs_029,nominal_mpc_recovery,1305.0,0.6536541574258808,0.650799189495944,4.867773838198396,4.1405598851396,32.82970928355025,True,slsqp,none,True,True,False,False,0.43827629999941564,0.2037677469228063
lhs_029,nominal_mpc_recovery,1310.0,0.654941174159345,0.6519437853994882,4.867773838198396,4.141103125016089,32.78245928947112,False,slsqp,none,True,True,False,False,0.0,0.0
lhs_029,nominal_mpc_recovery,1315.0,0.6562281908928093,0.6536562346350596,4.867773838198396,4.14176251657332,32.73529734600966,False,slsqp,none,True,True,False,False,0.0,0.0
lhs_029,nominal_mpc_recovery,1320.0,0.6575152076262735,0.6544016998869537,4.867773838198396,4.142512802793718,32.68826065259948,False,slsqp,none,True,True,False,False,0.0,0.0
lhs_029,nominal_mpc_recovery,1325.0,0.6588022243597377,0.6555694921420642,4.867773838198396,4.143334673108176,32.641378051582095,False,slsqp,none,True,True,False,False,0.0,0.0
lhs_029,nominal_mpc_recovery,1330.0,0.6600680986037153,0.6555708713242124,4.787808399893588,4.142254043106143,32.59258282509378,True,slsqp,none,True,True,False,False,0.3581985999990138,0.07996543830480807
lhs_029,nominal_mpc_recovery,1335.0,0.6613339728476929,0.6567266522750705,4.787808399893588,4.142982329095353,32.543932548037894,False,slsqp,none,True,True,False,False,0.0,0.0
lhs_029,nominal_mpc_recovery,1340.0,0.6625998470916705,0.6584522499603871,4.787808399893588,4.1437809491901785,32.495455139743626,False,slsqp,none,True,True,False,False,0.0,0.0
lhs_029,nominal_mpc_recovery,1345.0,0.6638657213356481,0.6597710923774865,4.787808399893588,4.144635265387314,32.447172303772845,False,slsqp,none,True,True,False,False,0.0,0.0
lhs_029,nominal_mpc_recovery,1350.0,0.6651315955796258,0.6611100992529727,4.787808399893588,4.145534033037074,32.39910099450886,False,slsqp,none,True,True,False,False,0.0,0.0
lhs_029,nominal_mpc_recovery,1355.0,0.6663570068207254,0.6626549681350528,4.634768628379658,4.142719121218345,32.347351179998334,True,slsqp,none,True,True,False,False,0.2239122999999381,0.15303977151392978
lhs_029,nominal_mpc_recovery,1360.0,0.6675824180618251,0.6641799899759572,4.634768628379658,4.143308364691928,32.295745152664466,False,slsqp,none,True,True,False,False,0.0,0.0
lhs_029,nominal_mpc_recovery,1365.0,0.6688078293029247,0.6648854438298384,4.634768628379658,4.143985973512478,32.24431749920593,False,slsqp,none,True,True,False,False,0.0,0.0
lhs_029,nominal_mpc_recovery,1370.0,0.6700332405440244,0.6670044993682838,4.634768628379658,4.144732828050388,32.193094911340616,False,slsqp,none,True,True,False,False,0.0,0.0
lhs_029,nominal_mpc_recovery,1375.0,0.671258651785124,0.6682271610029176,4.634768628379658,4.145534286074616,32.14209806191736,False,slsqp,none,True,True,False,False,0.0,0.0
lhs_029,nominal_mpc_recovery,1380.0,0.6724255929889441,0.6703115659885024,4.4136223834339186,4.140961633192894,32.08589853812115,True,slsqp,none,True,True,False,False,0.20875150000028952,0.2211462449457393
lhs_029,nominal_mpc_recovery,1385.0,0.6735925341927642,0.6711498640085933,4.4136223834339186,4.141300831642361,32.02982881160869,False,slsqp,none,True,True,False,False,0.0,0.0
lhs_029,nominal_mpc_recovery,1390.0,0.6747594753965843,0.6721344471575671,4.4136223834339186,4.141761327017588,31.973934676290295,False,slsqp,none,True,True,False,False,0.0,0.0
lhs_029,nominal_mpc_recovery,1395.0,0.6759264166004044,0.6730028893502235,4.4136223834339186,4.14231619052336,31.91825129662499,False,slsqp,none,True,True,False,False,0.0,0.0
lhs_029,nominal_mpc_recovery,1400.0,0.6770933578042245,0.6756182768278994,4.4136223834339186,4.142944852771492,31.86280574540237,False,slsqp,none,True,True,False,False,0.0,0.0
lhs_029,nominal_mpc_recovery,1405.0,0.678241805778779,0.6760594201061542,4.343677016553697,4.141918347357366,31.80595243983525,True,slsqp,none,True,True,False,False,0.6003607000002376,0.0699453668802219
lhs_029,nominal_mpc_recovery,1410.0,0.6793902537533335,0.6772869698855439,4.343677016553697,4.142480418711185,31.749335455547893,False,slsqp,none,True,True,False,False,0.0,0.0
lhs_029,nominal_mpc_recovery,1415.0,0.680538701727888,0.6785262421777192,4.343677016553697,4.143108711508893,31.692978489017264,False,slsqp,none,True,True,False,False,0.0,0.0
lhs_029,nominal_mpc_recovery,1420.0,0.6816871497024425,0.6789795436100573,4.343677016553697,4.1437891805480955,31.636899816336538,False,slsqp,none,True,True,False,False,0.0,0.0
lhs_029,nominal_mpc_recovery,1425.0,0.682835597676997,0.6800619171853949,4.343677016553697,4.144511041372506,31.581113571360728,False,slsqp,none,True,True,False,False,0.0,0.0
lhs_029,nominal_mpc_recovery,1430.0,0.6839470371322712,0.6807668369551504,4.203702844300367,4.141838092920419,31.522377219714116,True,slsqp,none,True,True,False,False,0.4968169999992824,0.13997417225332942
lhs_029,nominal_mpc_recovery,1435.0,0.6850584765875455,0.6822773879250172,4.203702844300367,4.142278873293767,31.463877434422912,False,slsqp,none,True,True,False,False,0.0,0.0
lhs_029,nominal_mpc_recovery,1440.0,0.6861699160428197,0.6832731019454027,4.203702844300367,4.142800451297617,31.40564257931873,False,slsqp,none,True,True,False,False,0.0,0.0
lhs_029,nominal_mpc_recovery,1445.0,0.687281355498094,0.6838874288441671,4.203702844300367,4.143385169359048,31.347694399888272,False,slsqp,none,True,True,False,False,0.0,0.0
lhs_029,nominal_mpc_recovery,1450.0,0.6883927949533682,0.6845387730792838,4.203702844300367,4.144019505410156,31.29004959490838,False,slsqp,none,True,True,False,False,0.0,0.0
lhs_029,nominal_mpc_recovery,1455.0,0.6894982729516445,0.6864875559711117,4.181155332944768,4.144141013639632,31.23220859549099,True,slsqp,none,True,True,False,False,0.6748124000005191,0.02254751135559907
lhs_029,nominal_mpc_recovery,1460.0,0.6906037509499207,0.6870448271330003,4.181155332944768,4.144791044848107,31.174681583853797,False,slsqp,none,True,True,False,False,0.0,0.0
lhs_029,nominal_mpc_recovery,1465.0,0.6917092289481969,0.6872741804155635,4.181155332944768,4.145475665875303,31.11747964422376,False,slsqp,none,True,True,False,False,0.0,0.0
lhs_029,nominal_mpc_recovery,1470.0,0.6928147069464731,0.6879076340946899,4.181155332944768,4.14618785678841,31.06061128522189,False,slsqp,none,True,True,False,False,0.0,0.0
lhs_029,nominal_mpc_recovery,1475.0,0.6939201849447493,0.689328933518004,4.181155332944768,4.146922178536032,31.004083035842253,False,slsqp,none,True,True,False,False,0.0,0.0
lhs_029,nominal_mpc_recovery,1480.0,0.6950045827476171,0.6912444764561715,4.101425504229324,4.145722708916086,30.946115568161076,True,slsqp,none,True,True,False,False,0.4752865999998903,0.0797298287154442
lhs_029,nominal_mpc_recovery,1485.0,0.696088980550485,0.692826111396542,4.101425504229324,4.1462962634621565,30.88845453911521,False,slsqp,none,True,True,False,False,0.0,0.0
lhs_029,nominal_mpc_recovery,1490.0,0.6971733783533528,0.6933096602961287,4.101425504229324,4.146915490891734,30.831114978103123,False,slsqp,none,True,True,False,False,0.0,0.0
lhs_029,nominal_mpc_recovery,1495.0,0.6982577761562206,0.6947952755251382,4.101425504229324,4.147570462089045,30.774108310924536,False,slsqp,none,True,True,False,False,0.0,0.0
lhs_029,nominal_mpc_recovery,1500.0,0.6993421739590885,0.6971835796989111,4.101425504229324,4.148253536536969,30.71744320851341,False,slsqp,none,True,True,False,False,0.0,0.0
lhs_029,nominal_mpc_recovery,1505.0,0.700360635503639,0.6988149329667898,3.852040406988261,4.1428560089932915,30.65572982991701,True,slsqp,none,True,True,False,False,0.17893220000041765,0.24938509724106295
lhs_029,nominal_mpc_recovery,1510.0,0.7013790970481896,0.6990753403681984,3.852040406988261,4.142979356601839,30.594246340293267,False,slsqp,none,True,True,False,False,0.0,0.0
lhs_029,nominal_mpc_recovery,1515.0,0.7023975585927401,0.7000579528805577,3.852040406988261,4.143226147903148,30.533031967096278,False,slsqp,none,True,True,False,False,0.0,0.0
lhs_029,nominal_mpc_recovery,1520.0,0.7034160201372907,0.7007144275476991,3.852040406988261,4.143569172257727,30.47211651708958,False,slsqp,none,True,True,False,False,0.0,0.0
lhs_029,nominal_mpc_recovery,1525.0,0.7044344816818412,0.7020957086859967,3.852040406988261,4.143987693929046,30.411522632688232,False,slsqp,none,True,True,False,False,0.0,0.0
lhs_029,nominal_mpc_recovery,1530.0,0.7054219528745199,0.7027139718003558,3.734828237048818,4.141597572669657,30.34883758743659,True,slsqp,none,True,True,False,False,0.5154961000007461,0.11721216993944283
lhs_029,nominal_mpc_recovery,1535.0,0.7064094240671986,0.7048045575379683,3.734828237048818,4.141839953889064,30.286449275954737,False,slsqp,none,True,True,False,False,0.0,0.0
lhs_029,nominal_mpc_recovery,1540.0,0.7073968952598774,0.7072327461467883,3.734828237048818,4.142170026386129,30.224383510843843,False,slsqp,none,True,True,False,False,0.0,0.0
lhs_029,nominal_mpc_recovery,1545.0,0.7083843664525561,0.7079024251907945,3.734828237048818,4.142569163691944,30.162659862086933,False,slsqp,none,True,True,False,False,0.0,0.0
lhs_029,nominal_mpc_recovery,1550.0,0.7093718376452348,0.70828546597779,3.734828237048818,4.1430231450818535,30.101293142920376,False,slsqp,none,True,True,False,False,0.0,0.0
lhs_029,nominal_mpc_recovery,1555.0,0.7102899472326385,0.7101850960464172,3.4724877415799935,4.137101708543683,30.035088800698645,True,slsqp,none,True,True,False,False,0.17126250000001164,0.26234049546882465
lhs_029,nominal_mpc_recovery,1560.0,0.7112080568200422,0.7107534563178638,3.4724877415799935,4.137001369431188,29.969147421467802,False,slsqp,none,True,True,False,False,0.0,0.0
lhs_029,nominal_mpc_recovery,1565.0,0.7121261664074459,0.7116779954978357,3.4724877415799935,4.137040720165836,29.903508682001863,False,slsqp,none,True,True,False,False,0.0,0.0
lhs_029,nominal_mpc_recovery,1570.0,0.7130442759948495,0.713840612450707,3.4724877415799935,4.137189026323331,29.838202669290624,False,slsqp,none,True,True,False,False,0.0,0.0
lhs_029,nominal_mpc_recovery,1575.0,0.7139623855822532,0.7140897734657771,3.4724877415799935,4.13742286789628,29.773252177559865,False,slsqp,none,True,True,False,False,0.0,0.0
lhs_029,nominal_mpc_recovery,1580.0,0.7148842961401136,0.7148409353696934,3.486863828594374,4.1380761355957905,29.708949076858556,True,slsqp,none,True,True,False,False,0.28943319999962114,0.014376087014380534
lhs_029,nominal_mpc_recovery,1585.0,0.715806206697974,0.7160627681759576,3.486863828594374,4.1384663814426075,29.645037952216807,False,slsqp,none,True,True,False,False,0.0,0.0
lhs_029,nominal_mpc_recovery,1590.0,0.7167281172558344,0.7169517084025837,3.486863828594374,4.138894143118251,29.58152673477283,False,slsqp,none,True,True,False,False,0.0,0.0
lhs_029,nominal_mpc_recovery,1595.0,0.7176500278136948,0.7173306791674148,3.486863828594374,4.1393528178739825,29.518421307152202,False,slsqp,none,True,True,False,False,0.0,0.0
lhs_029,nominal_mpc_recovery,1600.0,0.7185719383715552,0.7180205974382317,3.486863828594374,4.1398373115513545,29.45572597603086,False,slsqp,none,True,True,False,False,0.0,0.0
lhs_029,nominal_mpc_recovery,1605.0,0.7194820668833298,0.7190083954611299,3.4423015985893923,4.139253381561452,29.3926026763877,True,slsqp,none,True,True,False,False,0.3763354000002437,0.04456223000498172
lhs_029,nominal_mpc_recovery,1610.0,0.7203921953951045,0.7196302988803034,3.4423015985893923,4.139670991520889,29.329875061932363,False,slsqp,none,True,True,False,False,0.0,0.0
lhs_029,nominal_mpc_recovery,1615.0,0.7213023239068791,0.7213959612679917,3.4423015985893923,4.140123752944091,29.267550226388998,False,slsqp,none,True,True,False,False,0.0,0.0
lhs_029,nominal_mpc_recovery,1620.0,0.7222124524186537,0.7228762357077457,3.4423015985893923,4.140605381387442,29.205633338237096,False,slsqp,none,True,True,False,False,0.0,0.0
lhs_029,nominal_mpc_recovery,1625.0,0.7231225809304284,0.723960303563155,3.4423015985893923,4.141111032194839,29.14412808863921,False,slsqp,none,True,True,False,False,0.0,0.0
lhs_029,nominal_mpc_recovery,1630.0,0.72397946019378,0.7243985446171005,3.2409014989347034,4.136709625906218,29.0793525673958,True,slsqp,none,True,True,False,False,0.2649798999991617,0.20140009965468897
lhs_029,nominal_mpc_recovery,1635.0,0.7248363394571317,0.724468440136978,3.2409014989347034,4.136767098210383,29.01490997744295,False,slsqp,none,True,True,False,False,0.0,0.0
lhs_029,nominal_mpc_recovery,1640.0,0.7256932187204833,0.7243641211124878,3.2409014989347034,4.136924437599296,28.950825469549937,False,slsqp,none,True,True,False,False,0.0,0.0
lhs_029,nominal_mpc_recovery,1645.0,0.726550097983835,0.7247497179050268,3.2409014989347034,4.137160039285153,28.887117911940535,False,slsqp,none,True,True,False,False,0.0,0.0
lhs_029,nominal_mpc_recovery,1650.0,0.7274069772471866,0.7258838334001809,3.2409014989347034,4.137457426093956,28.823801393848427,False,slsqp,none,True,True,False,False,0.0,0.0
lhs_029,nominal_mpc_recovery,1655.0,0.7282605391022093,0.7262135577139469,3.2283543477947405,4.137497060343732,28.760664501366385,True,slsqp,none,True,True,False,False,0.6383681000006618,0.012547151139962853
lhs_029,nominal_mpc_recovery,1660.0,0.7291141009572321,0.7275588593119249,3.2283543477947405,4.137852973297602,28.69793165919249,False,slsqp,none,True,True,False,False,0.0,0.0
lhs_029,nominal_mpc_recovery,1665.0,0.7299676628122548,0.7296351333890922,3.2283543477947405,4.138246360567579,28.635609882311787,False,slsqp,none,True,True,False,False,0.0,0.0
lhs_029,nominal_mpc_recovery,1670.0,0.7308212246672775,0.7302138805204766,3.2283543477947405,4.138670312772551,28.573704202789024,False,slsqp,none,True,True,False,False,0.0,0.0
lhs_029,nominal_mpc_recovery,1675.0,0.7316747865223002,0.7310771193323438,3.2283543477947405,4.1391195139621715,28.51221813301659,False,slsqp,none,True,True,False,False,0.0,0.0
lhs_029,nominal_mpc_recovery,1680.0,0.7324999591859105,0.7317362188828854,3.120980325645589,4.1369632072808695,28.449294511300607,True,slsqp,none,True,True,False,False,0.10781210000095598,0.10737402214915148
lhs_029,nominal_mpc_recovery,1685.0,0.7333251318495208,0.7325887879497803,3.120980325645589,4.137192803689475,28.3867514778644,False,slsqp,none,True,True,False,False,0.0,0.0
lhs_029,nominal_mpc_recovery,1690.0,0.734150304513131,0.7325735034744442,3.120980325645589,4.137483083742796,28.32460217861319,False,slsqp,none,True,True,False,False,0.0,0.0
lhs_029,nominal_mpc_recovery,1695.0,0.7349754771767413,0.7339063185223815,3.120980325645589,4.137821540179615,28.262856268691873,False,slsqp,none,True,True,False,False,0.0,0.0
lhs_029,nominal_mpc_recovery,1700.0,0.7358006498403515,0.7349454184716776,3.120980325645589,4.138198610047297,28.201520743468432,False,slsqp,none,True,True,False,False,0.0,0.0
lhs_029,nominal_mpc_recovery,1705.0,0.7366127414709016,0.7350309102290472,3.071505047779356,4.137396736874662,28.139766140909366,True,slsqp,none,True,True,False,False,0.5103783000013209,0.04947527786623285
lhs_029,nominal_mpc_recovery,1710.0,0.7374248331014517,0.7369507458254533,3.071505047779356,4.137711611074381,28.078410926959734,False,slsqp,none,True,True,False,False,0.0,0.0
lhs_029,nominal_mpc_recovery,1715.0,0.7382369247320018,0.7376873114042518,3.071505047779356,4.138068636582454,28.017462912905902,False,slsqp,none,True,True,False,False,0.0,0.0
lhs_029,nominal_mpc_recovery,1720.0,0.7390490163625518,0.7382192833256781,3.071505047779356,4.13845959323969,27.956927661907766,False,slsqp,none,True,True,False,False,0.0,0.0
lhs_029,nominal_mpc_recovery,1725.0,0.7398611079931019,0.7383759616483986,3.071505047779356,4.13887817681289,27.896809020300132,False,slsqp,none,True,True,False,False,0.0,0.0
lhs_029,nominal_mpc_recovery,1730.0,0.7406725962088772,0.7391825100268159,3.0692228034399918,4.139263715226905,27.837071582163244,True,slsqp,none,True,True,False,False,0.3540167000010115,0.0022822443393644143
lhs_029,nominal_mpc_recovery,1735.0,0.7414840844246524,0.7408025035356418,3.0692228034399918,4.1397186210583525,27.777753902796206,False,slsqp,none,True,True,False,False,0.0,0.0
lhs_029,nominal_mpc_recovery,1740.0,0.7422955726404277,0.7415754598759378,3.0692228034399918,4.140190624049951,27.718856987466975,False,slsqp,none,True,True,False,False,0.0,0.0
lhs_029,nominal_mpc_recovery,1745.0,0.7431070608562029,0.7412956093871691,3.0692228034399918,4.140677239935829,27.660381180341187,False,slsqp,none,True,True,False,False,0.0,0.0
lhs_029,nominal_mpc_recovery,1750.0,0.7439185490719782,0.7422191620711809,3.0692228034399918,4.141176526144054,27.602326314129506,False,slsqp,none,True,True,False,False,0.0,0.0
lhs_029,nominal_mpc_recovery,1755.0,0.744719463790517,0.7433458824440614,3.0292315648743084,4.140708822096203,27.544034379565804,True,slsqp,none,True,True,False,False,0.4726496999992378,0.03999123856568332
lhs_029,nominal_mpc_recovery,1760.0,0.7455203785090558,0.7442786046398391,3.0292315648743084,4.14113297871838,27.48614611137863,False,slsqp,none,True,True,False,False,0.0,0.0
lhs_029,nominal_mpc_recovery,1765.0,0.7463212932275947,0.7460743455382802,3.0292315648743084,4.141582922997858,27.42866489562291,False,slsqp,none,True,True,False,False,0.0,0.0
lhs_029,nominal_mpc_recovery,1770.0,0.7471222079461335,0.746379754834793,3.0292315648743084,4.142053932213662,27.371592855049016,False,slsqp,none,True,True,False,False,0.0,0.0
lhs_029,nominal_mpc_recovery,1775.0,0.7479231226646723,0.7476241310221796,3.0292315648743084,4.142542369911604,27.314931146634095,False,slsqp,none,True,True,False,False,0.0,0.0
lhs_029,nominal_mpc_recovery,1780.0,0.7486752669742774,0.7474855196922988,2.8447713985745025,4.13853402809426,27.255739508222746,True,slsqp,none,True,True,False,False,0.499303399999917,0.184460166299806
lhs_029,nominal_mpc_recovery,1785.0,0.7494274112838826,0.748619207291877,2.8447713985745025,4.138606056671545,27.196890750118037,False,slsqp,none,True,True,False,False,0.0,0.0
lhs_029,nominal_mpc_recovery,1790.0,0.7501795555934877,0.7496833507578912,2.8447713985745025,4.13876647067628,27.13840375021646,False,slsqp,none,True,True,False,False,0.0,0.0
lhs_029,nominal_mpc_recovery,1795.0,0.7509316999030928,0.7507846879248684,2.8447713985745025,4.138995790508003,27.080292420710585,False,slsqp,none,True,True,False,False,0.0,0.0
lhs_029,nominal_mpc_recovery,1800.0,0.751683844212698,0.7514675807504378,2.8447713985745025,4.139279172953594,27.02256690135689,False,slsqp,none,True,True,False,False,0.0,0.0
lhs_029,nominal_mpc_recovery,1805.0,0.7524395434283907,0.7515584869227618,2.858216817270834,4.13993411629687,26.96544219419755,True,slsqp,none,True,True,False,False,0.3916210000006686,0.013445418696331757
lhs_029,nominal_mpc_recovery,1810.0,0.7531952426440834,0.7524049024356101,2.858216817270834,4.140326633776035,26.908720550355415,False,slsqp,none,True,True,False,False,0.0,0.0
lhs_029,nominal_mpc_recovery,1815.0,0.7539509418597762,0.7516005067410659,2.858216817270834,4.140740958250499,26.85240397359335,False,slsqp,none,True,True,False,False,0.0,0.0
lhs_029,nominal_mpc_recovery,1820.0,0.7547066410754689,0.7525981848911946,2.858216817270834,4.141173332447981,26.7964935270683,False,slsqp,none,True,True,False,False,0.0,0.0
lhs_029,nominal_mpc_recovery,1825.0,0.7554623402911617,0.7522079803174047,2.858216817270834,4.141620852927318,26.740989552271753,False,slsqp,none,True,True,False,False,0.0,0.0
lhs_029,nominal_mpc_recovery,1830.0,0.7562231280287289,0.7524096124267179,2.8774627004143905,4.142551919085277,26.686188184722162,True,slsqp,none,True,True,False,False,0.8206771999994089,0.01924588314355624
lhs_029,nominal_mpc_recovery,1835.0,0.7569839157662962,0.7526325591545,2.8774627004143905,4.143069684940644,26.6317997107694,False,slsqp,none,True,True,False,False,0.0,0.0
lhs_029,nominal_mpc_recovery,1840.0,0.7577447035038635,0.7532686985193566,2.8774627004143905,4.14358909847465,26.57782110074278,False,slsqp,none,True,True,False,False,0.0,0.0
lhs_029,nominal_mpc_recovery,1845.0,0.7585054912414307,0.7543269866646314,2.8774627004143905,4.144110956592103,26.52424955648521,False,slsqp,none,True,True,False,False,0.0,0.0
lhs_029,nominal_mpc_recovery,1850.0,0.759266278978998,0.7559556309195198,2.8774627004143905,4.144635820832816,26.471082449710412,False,slsqp,none,True,True,False,False,0.0,0.0
lhs_029,nominal_mpc_recovery,1855.0,0.760011822347744,0.7569310579435908,2.819805221845056,4.143754150864222,26.41743732472443,True,slsqp,none,True,True,False,False,0.4371947999989061,0.05765747856933423
lhs_029,nominal_mpc_recovery,1860.0,0.76075736571649,0.758513340738222,2.819805221845056,4.144147653446977,26.364170187773574,False,slsqp,none,True,True,False,False,0.0,0.0
lhs_029,nominal_mpc_recovery,1865.0,0.761502909085236,0.7605468661954956,2.819805221845056,4.144569221273571,26.31128475863607,False,slsqp,none,True,True,False,False,0.0,0.0
lhs_029,nominal_mpc_recovery,1870.0,0.762248452453982,0.7597644167486313,2.819805221845056,4.1450132611065085,26.25878336104361,False,slsqp,none,True,True,False,False,0.0,0.0
lhs_029,nominal_mpc_recovery,1875.0,0.762993995822728,0.7597412577258617,2.819805221845056,4.145475486701946,26.206667256210714,False,slsqp,none,True,True,False,False,0.0,0.0
lhs_029,nominal_mpc_recovery,1880.0,0.7637259974742194,0.76085417054422,2.7685875373642266,4.1447002209402335,26.154169838818454,True,slsqp,none,True,True,False,False,0.5587444000011601,0.05121768448082964
lhs_029,nominal_mpc_recovery,1885.0,0.7644579991257109,0.7614713379863167,2.7685875373642266,4.145066821891239,26.102039337534645,False,slsqp,none,True,True,False,False,0.0,0.0
lhs_029,nominal_mpc_recovery,1890.0,0.7651900007772023,0.7616470974552804,2.7685875373642266,4.145465373233696,26.050280373652278,False,slsqp,none,True,True,False,False,0.0,0.0
lhs_029,nominal_mpc_recovery,1895.0,0.7659220024286938,0.7620781114602332,2.7685875373642266,4.14588931015915,25.99889595624453,False,slsqp,none,True,True,False,False,0.0,0.0
lhs_029,nominal_mpc_recovery,1900.0,0.7666540040801852,0.7631142631554438,2.7685875373642266,4.146333610485821,25.947887868048443,False,slsqp,none,True,True,False,False,0.0,0.0
lhs_029,nominal_mpc_recovery,1905.0,0.7673357628294081,0.7631490000289007,2.578558084864239,4.1421480293299,25.89450874069502,True,slsqp,none,True,True,False,False,1.3087574999990466,0.1900294524999877
lhs_029,nominal_mpc_recovery,1910.0,0.7680175215786309,0.7652585465936372,2.578558084864239,4.1421667509446625,25.84144345787207,False,slsqp,none,True,True,False,False,0.0,0.0
lhs_029,nominal_mpc_recovery,1915.0,0.7686992803278537,0.7656214992826628,2.578558084864239,4.1422767351259235,25.788709766682253,False,slsqp,none,True,True,False,False,0.0,0.0
lhs_029,nominal_mpc_recovery,1920.0,0.7693810390770766,0.7667398544000693,2.578558084864239,4.142457525598763,25.736320687758482,False,slsqp,none,True,True,False,False,0.0,0.0
lhs_029,nominal_mpc_recovery,1925.0,0.7700627978262994,0.7686486643621183,2.578558084864239,4.1426935477707065,25.68428565389405,False,slsqp,none,True,True,False,False,0.0,0.0
lhs_029,nominal_mpc_recovery,1930.0,0.7706949448898113,0.7684137582186189,2.390916029020362,4.138385132523748,25.63005409422984,True,slsqp,none,True,True,False,False,1.5458042999998725,0.18764205584387694
lhs_029,nominal_mpc_recovery,1935.0,0.7713270919533232,0.7691555945023733,2.390916029020362,4.138249118638689,25.576132064849737,False,slsqp,none,True,True,False,False,0.0,0.0
lhs_029,nominal_mpc_recovery,1940.0,0.771959239016835,0.7693644428858629,2.390916029020362,4.138219474375142,25.522538946298596,False,slsqp,none,True,True,False,False,0.0,0.0
lhs_029,nominal_mpc_recovery,1945.0,0.7725913860803469,0.7697338183048021,2.390916029020362,4.1382724497001115,25.4692890297868,False,slsqp,none,True,True,False,False,0.0,0.0
lhs_029,nominal_mpc_recovery,1950.0,0.7732235331438588,0.7709746573912486,2.390916029020362,4.138389960629525,25.416392741641385,False,slsqp,none,True,True,False,False,0.0,0.0
lhs_029,nominal_mpc_recovery,1955.0,0.7738715489503066,0.7710631821515229,2.45093502465613,4.140025606957118,25.364649213207954,True,slsqp,none,True,True,False,False,0.4469938000002003,0.06001899563576796
lhs_029,nominal_mpc_recovery,1960.0,0.7745195647567544,0.772873935739183,2.45093502465613,4.140377882368537,25.313290513965395,False,slsqp,none,True,True,False,False,0.0,0.0
lhs_029,nominal_mpc_recovery,1965.0,0.7751675805632022,0.774134264758285,2.45093502465613,4.140737092198539,25.262314849942538,False,slsqp,none,True,True,False,False,0.0,0.0
lhs_029,nominal_mpc_recovery,1970.0,0.77581559636965,0.7754773461186839,2.45093502465613,4.141102983664486,25.211720396402907,False,slsqp,none,True,True,False,False,0.0,0.0
lhs_029,nominal_mpc_recovery,1975.0,0.7764636121760978,0.7762820486272305,2.45093502465613,4.141475316344615,25.161505298599838,False,slsqp,none,True,True,False,False,0.0,0.0
lhs_029,nominal_mpc_recovery,1980.0,0.7770699835700206,0.7765106220351177,2.2934269079969036,4.138003181646055,25.109629860207328,True,slsqp,none,True,True,False,False,1.2892076999996789,0.15750811665922626
lhs_029,nominal_mpc_recovery,1985.0,0.7776763549639433,0.7775191126197613,2.2934269079969036,4.138010583106964,25.058083569623232,False,slsqp,none,True,True,False,False,0.0,0.0
lhs_029,nominal_mpc_recovery,1990.0,0.778282726357866,0.7775924170235892,2.2934269079969036,4.138090061244532,25.006877939224136,False,slsqp,none,True,True,False,False,0.0,0.0
lhs_029,nominal_mpc_recovery,1995.0,0.7788890977517887,0.777967756296507,2.2934269079969036,4.138225923761939,24.95602126294276,False,slsqp,none,True,True,False,False,0.0,0.0
lhs_029,nominal_mpc_recovery,2000.0,0.7794954691457114,0.7785566988745987,2.2934269079969036,4.138406207471526,24.90551939030722,False,slsqp,none,True,True,False,False,0.0,0.0
lhs_029,nominal_mpc_recovery,2005.0,0.780117221289432,0.7795039609426343,2.351600208724502,4.140043909428296,24.85610912560243,True,slsqp,none,True,True,False,False,0.6159905000004073,0.05817330072759841
lhs_029,nominal_mpc_recovery,2010.0,0.7807389734331525,0.779808274235764,2.351600208724502,4.140427016541006,24.80707766301551,False,slsqp,none,True,True,False,False,0.0,0.0
lhs_029,nominal_mpc_recovery,2015.0,0.781360725576873,0.7801747621404026,2.351600208724502,4.140808596585863,24.7584214888009,False,slsqp,none,True,True,False,False,0.0,0.0
lhs_029,nominal_mpc_recovery,2020.0,0.7819824777205935,0.7811977604899779,2.351600208724502,4.1411902616467415,24.71013745454049,False,slsqp,none,True,True,False,False,0.0,0.0
lhs_029,nominal_mpc_recovery,2025.0,0.782604229864314,0.7822727577835112,2.351600208724502,4.141573192071353,24.662222684008952,False,slsqp,none,True,True,False,False,0.0,0.0
lhs_029,nominal_mpc_recovery,2030.0,0.7832244888774562,0.7822460221875793,2.345952868035761,4.14182019098658,24.61460323167984,True,slsqp,none,True,True,False,False,0.9170855000011215,0.005647340688740954
lhs_029,nominal_mpc_recovery,2035.0,0.7838447478905984,0.782825579625142,2.345952868035761,4.142194458651923,24.567346100579854,False,slsqp,none,True,True,False,False,0.0,0.0
lhs_029,nominal_mpc_recovery,2040.0,0.7844650069037407,0.7831270223680683,2.345952868035761,4.142574252858653,24.520449375224498,False,slsqp,none,True,True,False,False,0.0,0.0
lhs_029,nominal_mpc_recovery,2045.0,0.7850852659168829,0.7835097789296157,2.345952868035761,4.142959300878274,24.47391110484118,False,slsqp,none,True,True,False,False,0.0,0.0
lhs_029,nominal_mpc_recovery,2050.0,0.7857055249300251,0.7839496017818481,2.345952868035761,4.143349358659064,24.427729309539863,False,slsqp,none,True,True,False,False,0.0,0.0
lhs_029,nominal_mpc_recovery,2055.0,0.7862824065511143,0.7851692492813198,2.181890250421697,4.139733826126219,24.37988981914732,True,slsqp,none,True,True,False,False,0.9987283999998908,0.16406261761406427
lhs_029,nominal_mpc_recovery,2060.0,0.7868592881722034,0.7854284949480914,2.181890250421697,4.139740968904885,24.3323562440893,False,slsqp,none,True,True,False,False,0.0,0.0
lhs_029,nominal_mpc_recovery,2065.0,0.7874361697932926,0.7851836771826181,2.181890250421697,4.139821562657557,24.285139882674745,False,slsqp,none,True,True,False,False,0.0,0.0
lhs_029,nominal_mpc_recovery,2070.0,0.7880130514143817,0.7860059748656962,2.181890250421697,4.139959298469425,24.23824885039996,False,slsqp,none,True,True,False,False,0.0,0.0
lhs_029,nominal_mpc_recovery,2075.0,0.7885899330354709,0.7864413872083378,2.181890250421697,4.140141754485858,24.191688847478567,False,slsqp,none,True,True,False,False,0.0,0.0
lhs_029,nominal_mpc_recovery,2080.0,0.7891497403509923,0.7876221659434777,2.1173115578631823,4.138780952108448,24.144707162821312,True,slsqp,none,True,True,False,False,1.0392494999996416,0.06457869255851456
lhs_029,nominal_mpc_recovery,2085.0,0.7897095476665137,0.7889306787096322,2.1173115578631823,4.138872327205727,24.09804558929849,False,slsqp,none,True,True,False,False,0.0,0.0
lhs_029,nominal_mpc_recovery,2090.0,0.7902693549820351,0.789536119236557,2.1173115578631823,4.139013370479228,24.05171052100148,False,slsqp,none,True,True,False,False,0.0,0.0
lhs_029,nominal_mpc_recovery,2095.0,0.7908291622975565,0.7909976446168344,2.1173115578631823,4.139193493876856,24.00570635583882,False,slsqp,none,True,True,False,False,0.0,0.0
lhs_029,nominal_mpc_recovery,2100.0,0.7913889696130779,0.7903689183972522,2.1173115578631823,4.139404616954274,23.960035974770026,False,slsqp,none,True,True,False,False,0.0,0.0
lhs_029,nominal_mpc_recovery,2105.0,0.7918918070590136,0.7910151673049747,1.9018392694897308,4.134373955756134,23.912308034718336,True,slsqp,none,True,True,False,False,0.07336180000129389,0.21547228837345145
lhs_029,nominal_mpc_recovery,2110.0,0.7923946445049493,0.7917201756689282,1.9018392694897308,4.1341152100293375,23.864865751762352,False,slsqp,none,True,True,False,False,0.0,0.0
lhs_029,nominal_mpc_recovery,2115.0,0.792897481950885,0.7918808689728319,1.9018392694897308,4.133963606603128,23.817724322461018,False,slsqp,none,True,True,False,False,0.0,0.0
lhs_029,nominal_mpc_recovery,2120.0,0.7934003193968208,0.7913236737316833,1.9018392694897308,4.133895159222041,23.770894856686514,False,slsqp,none,True,True,False,False,0.0,0.0
lhs_029,nominal_mpc_recovery,2125.0,0.7939031568427565,0.7915271024255993,1.9018392694897308,4.133891607668223,23.724385362726235,False,slsqp,none,True,True,False,False,0.0,0.0
lhs_029,nominal_mpc_recovery,2130.0,0.7944177598975382,0.7931358677612018,1.9463393303213286,4.135026675157656,23.67867307310153,True,slsqp,none,True,True,False,False,1.2156871000006504,0.04450006083159774
lhs_029,nominal_mpc_recovery,2135.0,0.7949323629523198,0.7937958175352311,1.9463393303213286,4.135220749130768,23.63330085981413,False,slsqp,none,True,True,False,False,0.0,0.0
lhs_029,nominal_mpc_recovery,2140.0,0.7954469660071015,0.7950122430986,1.9463393303213286,4.135428355667657,23.58826809810829,False,slsqp,none,True,True,False,False,0.0,0.0
lhs_029,nominal_mpc_recovery,2145.0,0.7959615690618832,0.796220772532947,1.9463393303213286,4.1356476650832805,23.543573865145234,False,slsqp,none,True,True,False,False,0.0,0.0
lhs_029,nominal_mpc_recovery,2150.0,0.7964761721166649,0.7971218522912205,1.9463393303213286,4.135877241566907,23.499217007730522,False,slsqp,none,True,True,False,False,0.0,0.0
lhs_029,nominal_mpc_recovery,2155.0,0.7968264542697604,0.7977823502417435,1.324842371113922,4.120926360080248,23.449280339398737,True,slsqp,none,True,True,False,False,0.07758879999892088,0.6214969592074067
lhs_029,nominal_mpc_recovery,2160.0,0.7971767364228559,0.796829934818214,1.324842371113922,4.119689567909538,23.39958721443749,False,slsqp,none,True,True,False,False,0.0,0.0
lhs_029,nominal_mpc_recovery,2165.0,0.7975270185759514,0.7972654943552077,1.324842371113922,4.118721782013189,23.350166371577036,False,slsqp,none,True,True,False,False,0.0,0.0
lhs_029,nominal_mpc_recovery,2170.0,0.797877300729047,0.7974882441909912,1.324842371113922,4.1179612878267555,23.301039204494067,False,slsqp,none,True,True,False,False,0.0,0.0
lhs_029,nominal_mpc_recovery,2175.0,0.7982275828821425,0.7983096853802845,1.324842371113922,4.11736115909385,23.252221538234974,False,slsqp,none,True,True,False,False,0.0,0.0
lhs_029,nominal_mpc_recovery,2180.0,0.7984384484921414,0.7977973115370584,0.7975390475041254,4.1039985383058175,23.199985271730682,True,slsqp,none,True,True,False,False,1.1336417000002257,0.5273033236097965
lhs_029,nominal_mpc_recovery,2185.0,0.7986493141021404,0.7974588635524076,0.7975390475041254,4.1023619511527665,23.14806194532049,False,slsqp,none,True,True,False,False,0.0,0.0
lhs_029,nominal_mpc_recovery,2190.0,0.7988601797121393,0.7980790667878531,0.7975390475041254,4.101023944914112,23.096469473178633,False,slsqp,none,True,True,False,False,0.0,0.0
lhs_029,nominal_mpc_recovery,2195.0,0.7990710453221382,0.7971570087839396,0.7975390475041254,4.099916856990145,23.045220931780513,False,slsqp,none,True,True,False,False,0.0,0.0
lhs_029,nominal_mpc_recovery,2200.0,0.7992819109321372,0.7963028692348043,0.7975390475041254,4.0989892119494655,22.994325730126572,False,slsqp,none,True,True,False,False,0.0,0.0
lhs_029,nominal_mpc_recovery,2205.0,0.7995216280632731,0.7967733215147358,0.9066617000158173,4.100868709290895,22.944426266780162,True,slsqp,none,True,True,False,False,1.0175489000012021,0.10912265251169184
lhs_029,nominal_mpc_recovery,2210.0,0.799761345194409,0.7969719814312874,0.9066617000158173,4.100452133626846,22.894896510361377,False,slsqp,none,True,True,False,False,0.0,0.0
lhs_029,nominal_mpc_recovery,2215.0,0.8000010623255449,0.7978110726969362,0.9066617000158173,4.100077266406158,22.84573652426588,False,slsqp,none,True,True,False,False,0.0,0.0
lhs_029,nominal_mpc_recovery,2220.0,0.8002407794566808,0.7978349198387965,0.9066617000158173,4.099737432201517,22.796945852376247,False,slsqp,none,True,True,False,False,0.0,0.0
lhs_029,nominal_mpc_recovery,2225.0,0.8004804965878167,0.798959660394416,0.9066617000158173,4.099427459977157,22.74852364005391,False,slsqp,none,True,True,False,False,0.0,0.0
lhs_029,nominal_mpc_recovery,2230.0,0.8005618772754687,0.7994703711252245,0.30779924766069783,4.084507755067429,22.697610355573257,True,slsqp,none,True,True,False,False,0.07110560000000987,0.5988624523551194
lhs_029,nominal_mpc_recovery,2235.0,0.8006432579631206,0.7992301997186965,0.30779924766069783,4.082817317235155,22.647074777725553,False,slsqp,none,True,True,False,False,0.0,0.0
lhs_029,nominal_mpc_recovery,2240.0,0.8007246386507726,0.7981412680146927,0.30779924766069783,4.081398938496998,22.596920976202696,False,slsqp,none,True,True,False,False,0.0,0.0
lhs_029,nominal_mpc_recovery,2245.0,0.8008060193384245,0.7969737964439443,0.30779924766069783,4.080191743674182,22.54715135518779,False,slsqp,none,True,True,False,False,0.0,0.0
lhs_029,nominal_mpc_recovery,2250.0,0.8008874000260765,0.7975954492973947,0.30779924766069783,4.079149395570259,22.497767062865854,False,slsqp,none,True,True,False,False,0.0,0.0
lhs_029,nominal_mpc_recovery,2255.0,0.8010971044178434,0.7983998514054824,0.7931470706294829,4.090097911934254,22.450729042826154,True,slsqp,none,True,True,False,False,1.580539399999907,0.48534782296878504
