time_s,charge_current_a,latent_delta_output,soc,terminal_voltage_v,average_temperature_c,dnn_inference_time_s,source
0.0,0.0,0.0,0.1,3.2959070147319616,25.0,0.0,chen2020_dfn_structured_delta_dnn
5.0,1.9986508493202735,3.9971185135994656,0.10055518079147786,3.383379126165372,25.017575701986743,8.11e-05,chen2020_dfn_structured_delta_dnn
10.0,3.882423233229307,1.7545058739983725,0.10163363168959712,3.4490882063399404,25.07346612836625,0.0001089,chen2020_dfn_structured_delta_dnn
15.0,5.876866689078268,3.2888415894360286,0.10326609465878551,3.5118904119713448,25.185477739862392,9.360000000000001e-05,chen2020_dfn_structured_delta_dnn
20.0,6.242237430586169,0.18475937298701883,0.105000049500615,3.5390247603591316,25.31159047322899,0.000101,chen2020_dfn_structured_delta_dnn
25.0,6.741603384331796,0.25507468245306897,0.10687271710737384,3.566850347597361,25.456793882491013,8.64e-05,chen2020_dfn_structured_delta_dnn
30.0,7.811152821101971,0.596808560562899,0.10904248177990217,3.6048724060487527,25.642908683848532,6.66e-05,chen2020_dfn_structured_delta_dnn
35.0,8.732415750640824,0.49811252760727937,0.11146815282174684,3.639806948781216,25.868160694950916,9.88e-05,chen2020_dfn_structured_delta_dnn
40.0,8.915981632336207,0.09204198123338342,0.11394481438628468,3.660546976925928,26.10464082869072,9.26e-05,chen2020_dfn_structured_delta_dnn
45.0,8.725125482163534,-0.0957193406785688,0.11636846035355232,3.6720881173162128,26.336250539431035,6.0400000000000004e-05,chen2020_dfn_structured_delta_dnn
50.0,8.46549114236564,-0.1305538814772802,0.1187199856708761,3.6794409828071277,26.559016303551175,9.690000000000001e-05,chen2020_dfn_structured_delta_dnn
55.0,8.416043871148522,-0.024728674964881292,0.12105777563508403,3.6880206809699683,26.78051873112372,6.54e-05,chen2020_dfn_structured_delta_dnn
60.0,8.562349363539429,0.07328365479603122,0.12343620601384499,3.6986099986938363,27.00821366841967,7.780000000000001e-05,chen2020_dfn_structured_delta_dnn
65.0,8.723187352453397,0.08059303258315265,0.1258593136117487,3.708752748758877,27.242494194369897,6.720000000000001e-05,chen2020_dfn_structured_delta_dnn
70.0,8.744017033564985,0.010415217142415722,0.12828820723218343,3.715966769143291,27.477285606138025,7.230000000000001e-05,chen2020_dfn_structured_delta_dnn
75.0,8.557959563805378,-0.09329850468489576,0.13066541822212935,3.7189076535696035,27.70355731612767,6.16e-05,chen2020_dfn_structured_delta_dnn
80.0,8.483617444391395,-0.037188193511789036,0.1330219786233492,3.722583458644744,27.925511212741583,5.95e-05,chen2020_dfn_structured_delta_dnn
85.0,8.274115174585457,-0.10513681506020922,0.13532034394962292,3.7233806425424008,28.13737275305772,5.9800000000000003e-05,chen2020_dfn_structured_delta_dnn
90.0,8.165722165699252,-0.05424966125049213,0.1375886001067616,3.7250504236728696,28.343043346905233,7.500000000000001e-05,chen2020_dfn_structured_delta_dnn
95.0,7.99287448320592,-0.08663997956037905,0.13980884301876323,3.725213529559743,28.539876066333818,7.010000000000001e-05,chen2020_dfn_structured_delta_dnn
100.0,7.801408721968991,-0.09602695647658599,0.14197590099708796,3.724530213080614,28.727082344584915,9.340000000000001e-05,chen2020_dfn_structured_delta_dnn
105.0,7.579763665803141,-0.11127959481857497,0.1440813909042555,3.7228296818536215,28.903507509198334,8.230000000000001e-05,chen2020_dfn_structured_delta_dnn
110.0,7.354735114901013,-0.11299270480963552,0.14612437288061692,3.7205655332819543,29.069108893443115,0.00013550000000000001,chen2020_dfn_structured_delta_dnn
115.0,7.188408123592924,-0.08335601941198556,0.14812115291494826,3.718906637298928,29.226237110249087,0.0001443,chen2020_dfn_structured_delta_dnn
120.0,7.094885128748899,-0.04679562569238416,0.15009195433960076,3.7183382257158666,29.37774393432437,9.190000000000001e-05,chen2020_dfn_structured_delta_dnn
125.0,7.03492091643284,-0.029991094911812066,0.15204609903860988,3.718369395248337,29.52502682742829,0.0021375,chen2020_dfn_structured_delta_dnn
130.0,6.975738068688874,-0.029600065679552534,0.15398380405769013,3.7184738121264806,29.668249954976318,7.08e-05,chen2020_dfn_structured_delta_dnn
135.0,6.907261376989553,-0.034251734064785544,0.1559024877735205,3.718439370747603,29.807188869814922,0.0001099,chen2020_dfn_structured_delta_dnn
140.0,6.829490306414228,-0.03890515249812976,0.15779956841419113,3.718221044329268,29.941605967675514,8e-05,chen2020_dfn_structured_delta_dnn
145.0,6.744385793995553,-0.04257796719351348,0.15967300891252323,3.7178214461134247,30.07132763252082,0.00014000000000000001,chen2020_dfn_structured_delta_dnn
150.0,6.653886063998223,-0.0452807867871996,0.16152131059696717,3.717255652079107,30.196246954624257,0.00010010000000000001,chen2020_dfn_structured_delta_dnn
155.0,6.559643975679775,-0.04715596643818465,0.1633434339235449,3.7165429862188084,30.316315099405927,6.38e-05,chen2020_dfn_structured_delta_dnn
160.0,6.463074385231165,-0.04832237187162425,0.1651387323638869,3.715704428732915,30.43153371267738,6.03e-05,chen2020_dfn_structured_delta_dnn
165.0,6.365410881947351,-0.04887062102294182,0.1669069020533167,3.7147624340692245,30.541947924539897,6.280000000000001e-05,chen2020_dfn_structured_delta_dnn
170.0,6.267727648863037,-0.048880509507442715,0.16864793751133425,3.713739695061213,30.647640291691175,6e-05,chen2020_dfn_structured_delta_dnn
175.0,6.170939382397196,-0.048431965969294444,0.17036208733977792,3.712658274191555,30.74872440520511,6.08e-05,chen2020_dfn_structured_delta_dnn
180.0,6.075800236009804,-0.047605503151982864,0.17204980962755842,3.7115388374386504,30.845338455028866,7.42e-05,chen2020_dfn_structured_delta_dnn
185.0,5.982915202061166,-0.0464759509893552,0.17371173051701982,3.710400194473963,30.93763929364161,6.21e-05,chen2020_dfn_structured_delta_dnn
190.0,5.892766771246842,-0.045104778206400464,0.17534861017569953,3.709259557649216,31.025797332949423,8.1e-05,chen2020_dfn_structured_delta_dnn
195.0,5.805752400442481,-0.043534667845263386,0.17696131917582242,3.7081324883308002,31.109993197251924,7.6e-05,chen2020_dfn_structured_delta_dnn
200.0,5.722225467915631,-0.04178777280549684,0.17855082625024343,3.7070337683812236,31.190415493062858,6.2e-05,chen2020_dfn_structured_delta_dnn
205.0,5.642532457622656,-0.039867613942145885,0.18011819637736085,3.7059780096029136,31.26725999257701,6.730000000000001e-05,chen2020_dfn_structured_delta_dnn
210.0,5.56703866066524,-0.037764841437549324,0.18166459600532342,3.7049801931734954,31.340729698851476,5.78e-05,chen2020_dfn_structured_delta_dnn
215.0,5.496134081084757,-0.03546715391348165,0.18319129991673586,3.704055878972163,31.41103515741173,5.7300000000000004e-05,chen2020_dfn_structured_delta_dnn
220.0,5.43021227059912,-0.03297284950591339,0.1846996922141245,3.703220850193974,31.47839422679374,5.8800000000000006e-05,chen2020_dfn_structured_delta_dnn
225.0,5.3696205873769305,-0.030305115610597122,0.18619125348839588,3.702490190316145,31.543030268926373,5.8700000000000004e-05,chen2020_dfn_structured_delta_dnn
230.0,5.31459158344667,-0.027521448385228853,0.18766752892824218,3.701876690670581,31.605168657395154,7.58e-05,chen2020_dfn_structured_delta_dnn
235.0,5.265176857038717,-0.024712392614128165,0.18913007805519738,3.7013892417419543,31.665031325836424,5.64e-05,chen2020_dfn_structured_delta_dnn
240.0,5.221208491733786,-0.021987725363086352,0.19058041374734563,3.701031450838181,31.72283089564843,5.7300000000000004e-05,chen2020_dfn_structured_delta_dnn
245.0,5.182303302507803,-0.01945504881311033,0.19201994244248666,3.700801833367832,31.778763069888043,5.75e-05,chen2020_dfn_structured_delta_dnn
250.0,5.147908002497051,-0.017199345760513185,0.19344991688762475,3.700693657152792,31.833003610658977,6.0100000000000004e-05,chen2020_dfn_structured_delta_dnn
255.0,5.117367457149503,-0.015271459753503414,0.19487140784794404,3.7006964729242737,31.88570517361137,5.7900000000000005e-05,chen2020_dfn_structured_delta_dnn
260.0,5.089996556620152,-0.013686304750426315,0.1962852957803385,3.7007975593080413,31.936996817554643,9.2e-05,chen2020_dfn_structured_delta_dnn
265.0,5.0651404145369625,-0.012428710968215628,0.197692279228821,3.7009833321511256,31.986985234026633,5.9000000000000004e-05,chen2020_dfn_structured_delta_dnn
270.0,5.042216109829275,-0.011462654362854208,0.19909289481488468,3.701240489165259,32.03575715271916,6.96e-05,chen2020_dfn_structured_delta_dnn
275.0,5.020735551138741,-0.010740692350483139,0.20048754357908988,3.70156123153813,32.083359795688864,6.440000000000001e-05,chen2020_dfn_structured_delta_dnn
280.0,5.000317084754263,-0.010209587911913509,0.20187652054707717,3.7019291589165575,32.129873895211745,6.560000000000001e-05,chen2020_dfn_structured_delta_dnn
285.0,4.9806691663236045,-0.009824275270971072,0.20326003975994483,3.7023359281454873,32.175344558106644,6.29e-05,chen2020_dfn_structured_delta_dnn
290.0,4.961586625769709,-0.00954155982527638,0.20463825826710308,3.7027746081417936,32.21980899894487,6.43e-05,chen2020_dfn_structured_delta_dnn
295.0,4.942934514673152,-0.009326325941253266,0.2060112956322901,3.7032397261828347,32.263299000960274,6.14e-05,chen2020_dfn_structured_delta_dnn
300.0,4.924631301101876,-0.009151862286650325,0.20737924877148506,3.7037268150541838,32.305844030181845,8.21e-05,chen2020_dfn_structured_delta_dnn
305.0,4.906633101226138,-0.008999342876775507,0.20874220241071453,3.704233329132034,32.34746669715679,6.96e-05,chen2020_dfn_structured_delta_dnn
310.0,4.888921447489307,-0.008856058387360366,0.21010023614612822,3.7047569888809333,32.38819012979786,6.03e-05,chen2020_dfn_structured_delta_dnn
315.0,4.871492434081243,-0.008714727314928727,0.21145342848892856,3.705296159181848,32.428036231530655,7.09e-05,chen2020_dfn_structured_delta_dnn
320.0,4.854349342484076,-0.00857175572898694,0.21280185886184083,3.705849642708549,32.46702602583474,6.71e-05,chen2020_dfn_structured_delta_dnn
325.0,4.8374977618702,-0.008425989708788939,0.21414560824013812,3.7064165369749285,32.50517984001965,6.15e-05,chen2020_dfn_structured_delta_dnn
330.0,4.820942705917215,-0.00827771703602126,0.2154847589917818,3.7069961506082696,32.54251728252143,7.000000000000001e-05,chen2020_dfn_structured_delta_dnn
335.0,4.8046872121981625,-0.00812792584033517,0.2168193943285035,3.70758787540391,32.57905759710718,6.26e-05,chen2020_dfn_structured_delta_dnn
340.0,4.788731869299218,-0.007977840697559468,0.2181495976255311,3.708191208638803,32.614819330501064,5.8200000000000005e-05,chen2020_dfn_structured_delta_dnn
345.0,4.773075002486455,-0.007828593332464107,0.21947545179288844,3.7088057008063773,32.64982044172632,6.06e-05,chen2020_dfn_structured_delta_dnn
350.0,4.757713135368673,-0.007681084614252376,0.2207970387749353,3.709430942930526,32.684078300305316,6.780000000000001e-05,chen2020_dfn_structured_delta_dnn
355.0,4.742641555030048,-0.0075359328219926636,0.22211443920688806,3.710066560576879,32.717609692674614,5.92e-05,chen2020_dfn_structured_delta_dnn
360.0,4.727854858739586,-0.007393482860387601,0.22342773222320467,3.710712211879533,32.750430837691965,5.9000000000000004e-05,chen2020_dfn_structured_delta_dnn
365.0,4.71334741748106,-0.007253847854987228,0.22473699539472713,3.7113675874159817,32.78255741009957,5.8800000000000006e-05,chen2020_dfn_structured_delta_dnn
370.0,4.699113730859271,-0.007116963469299853,0.22604230476441026,3.7120324105589937,32.81400456988098,7.54e-05,chen2020_dfn_structured_delta_dnn
375.0,4.685148672584053,-0.006982642620324608,0.22734373495123913,3.712706437546836,32.84478699522771,6.58e-05,chen2020_dfn_structured_delta_dnn
380.0,4.671447639345071,-0.006850623786459897,0.22864135929550164,3.713389428519689,32.87491911103518,6.49e-05,chen2020_dfn_structured_delta_dnn
385.0,4.658006596318707,-0.006720622694292688,0.22993525001670131,3.7140812361018107,32.904414545052816,5.92e-05,chen2020_dfn_structured_delta_dnn
390.0,4.64482214848015,-0.00659231941544125,0.23122547839127913,3.7147816154293762,32.93328713340304,6.390000000000001e-05,chen2020_dfn_structured_delta_dnn
395.0,4.6318914285990544,-0.0064654500287174566,0.2325121148992233,3.7154905693695115,32.96154953278875,5.75e-05,chen2020_dfn_structured_delta_dnn
400.0,4.619212166617597,-0.006339715924646605,0.23379522938995043,3.7162079768400056,32.989214514107346,6e-05,chen2020_dfn_structured_delta_dnn
405.0,4.60678254951306,-0.006214888567391219,0.23507489120925965,3.7169337534056828,33.016294549599706,5.83e-05,chen2020_dfn_structured_delta_dnn
410.0,4.594601151877481,-0.006090774134229482,0.2363511693070034,3.7176678361013176,33.04280183617715,5.9600000000000005e-05,chen2020_dfn_structured_delta_dnn
415.0,4.582666867343867,-0.005967213091908008,0.23762413232571009,3.7184101789112205,33.068748314852314,6.0700000000000005e-05,chen2020_dfn_structured_delta_dnn
420.0,4.570978844253506,-0.00584407807568843,0.23889384867133606,3.7191607495989873,33.09414568745228,5.84e-05,chen2020_dfn_structured_delta_dnn
425.0,4.559536427299011,-0.005721270901104247,0.24016038656780797,3.719919527015085,33.11900543099824,6.620000000000001e-05,chen2020_dfn_structured_delta_dnn
430.0,4.548339105823744,-0.005598719235411054,0.24142381409720345,3.7206864987193136,33.14333881004319,5.67e-05,chen2020_dfn_structured_delta_dnn
435.0,4.537386468790765,-0.005476373262523038,0.24268419922742313,3.721461658856871,33.167156887235706,6.87e-05,chen2020_dfn_structured_delta_dnn
440.0,4.5266781660456195,-0.005354202535825914,0.24394160982910243,3.7222450062587216,33.19047053235079,5.9600000000000005e-05,chen2020_dfn_structured_delta_dnn
445.0,4.516213875303687,-0.0052321931156789625,0.24519611368335345,3.7230365427500987,33.213290430008726,6.330000000000001e-05,chen2020_dfn_structured_delta_dnn
450.0,4.505993274225517,-0.0051103450252406035,0.24644777848174942,3.7238362716427313,33.235627086274576,6.31e-05,chen2020_dfn_structured_delta_dnn
455.0,4.496016016952682,-0.004988670020064256,0.24769667181979182,3.7246441964016075,33.25749083430969,5.8200000000000005e-05,chen2020_dfn_structured_delta_dnn
460.0,4.486281714524913,-0.004867189647340342,0.24894286118493764,3.725460319462882,33.27889183922093,5.6200000000000004e-05,chen2020_dfn_structured_delta_dnn
465.0,4.4767899186636075,-0.0047459335626194865,0.250186413940122,3.7262846411987707,33.29984010224132,5.9900000000000006e-05,chen2020_dfn_structured_delta_dnn
470.0,4.467540108471164,-0.004624938071828233,0.2514273973035862,3.7271171590105174,33.32034546435045,5.5700000000000005e-05,chen2020_dfn_structured_delta_dnn
475.0,4.458531679654361,-0.004504244869194041,0.2526658783257124,3.727957866540559,33.3404176094312,6.050000000000001e-05,chen2020_dfn_structured_delta_dnn
480.0,4.449763935928486,-0.004383899946830749,0.2539019238634703,3.7288067529946867,33.36006606704842,5.8700000000000004e-05,chen2020_dfn_structured_delta_dnn
485.0,4.441236082297105,-0.004263952656892056,0.25513560055299733,3.7296638025644855,33.379300214919,5.84e-05,chen2020_dfn_structured_delta_dnn
490.0,4.432947219932294,-0.004144454911327866,0.2563669747807563,3.730528993939661,33.39812928113383,6.13e-05,chen2020_dfn_structured_delta_dnn
495.0,4.424896342402896,-0.004025460507858125,0.257596112653646,3.7314022999065886,33.41656234618222,5.8500000000000006e-05,chen2020_dfn_structured_delta_dnn
500.0,4.417082333016383,-0.003907024573171214,0.2588230799683727,3.73228368702065,33.43460834481971,5.81e-05,chen2020_dfn_structured_delta_dnn
505.0,4.409503963054704,-0.0037892031159373896,0.26004794218033245,3.7331730966626737,33.452276214025915,5.7900000000000005e-05,chen2020_dfn_structured_delta_dnn
510.0,4.40215987593968,-0.003672060062139715,0.26127076436809343,3.734070504793012,33.469574455293184,7.010000000000001e-05,chen2020_dfn_structured_delta_dnn
515.0,4.395048620711822,-0.003555642598035591,0.26249161120718,3.734975856575651,33.48651157659771,6.790000000000001e-05,chen2020_dfn_structured_delta_dnn
520.0,4.388168631420196,-0.0034400082150402023,0.2637105469381301,3.7358890909667766,33.5030959465588,6.500000000000001e-05,chen2020_dfn_structured_delta_dnn
525.0,4.381518227122799,-0.0033252144043330323,0.2649276353345531,3.7368101402367486,33.519335795919915,9.22e-05,chen2020_dfn_structured_delta_dnn
530.0,4.375095611907134,-0.003211318646766992,0.26614293967119396,3.737738929817824,33.53523921893816,6.43e-05,chen2020_dfn_structured_delta_dnn
535.0,4.368898874759363,-0.003098378488605724,0.2673565226919605,3.7386753782608553,33.550814174698075,5.83e-05,chen2020_dfn_structured_delta_dnn
540.0,4.362925989137689,-0.0029864516894205773,0.268568446577832,3.739619397246888,33.566068488352016,6.46e-05,chen2020_dfn_structured_delta_dnn
545.0,4.357174812129822,-0.0028755964300622994,0.26977877291453467,3.7405708916337668,33.5810098522731,6.32e-05,chen2020_dfn_structured_delta_dnn
550.0,4.35164308309658,-0.002765871569613665,0.2709875626598393,3.7415297595259522,33.595645827105386,7.44e-05,chen2020_dfn_structured_delta_dnn
555.0,4.346328421723234,-0.0026573369415301973,0.272194876110318,3.7424958923570344,33.60998384269607,5.6300000000000006e-05,chen2020_dfn_structured_delta_dnn
560.0,4.341228325417867,-0.002550053680142994,0.2734007728673785,3.7434691749827884,33.62403119888825,7.13e-05,chen2020_dfn_structured_delta_dnn
565.0,4.336340166013631,-0.002444084568726246,0.27460531180238223,3.7444501643069685,33.63778859487252,6.74e-05,chen2020_dfn_structured_delta_dnn
570.0,4.331661762028614,-0.002339206259122484,0.27580855118072356,3.7454378599174536,33.65126988716554,6.18e-05,chen2020_dfn_structured_delta_dnn
575.0,4.327190000058094,-0.002235884711116354,0.2770105484029619,3.746432202254398,33.66448195676355,6.38e-05,chen2020_dfn_structured_delta_dnn
580.0,4.322921690744909,-0.0021341578966861396,0.27821135998372437,3.7474330847664623,33.67743156155393,6.170000000000001e-05,chen2020_dfn_structured_delta_dnn
585.0,4.318853547722822,-0.002034074316338619,0.2794110415247585,3.7484403812150067,33.69012533348132,6.58e-05,chen2020_dfn_structured_delta_dnn
590.0,4.314982168236756,-0.0019356921606468735,0.280609647682602,3.749453952723316,33.70256977746993,6.0200000000000006e-05,chen2020_dfn_structured_delta_dnn
595.0,4.3113040155830555,-0.0018390784002298433,0.28180723213137504,3.750473650639959,33.71477127040998,6.65e-05,chen2020_dfn_structured_delta_dnn
600.0,4.3078154033428335,-0.0017443078891915542,0.28300384752119256,3.7514993179672627,33.726736059899,6.71e-05,chen2020_dfn_structured_delta_dnn
605.0,4.304512481235896,-0.0016514625548274542,0.2841995454326469,3.752530790168945,33.738470262672195,6.8e-05,chen2020_dfn_structured_delta_dnn
610.0,4.301391222377962,-0.0015606306959732308,0.28539437632775194,3.7535680529796327,33.749977726498855,6.3e-05,chen2020_dfn_structured_delta_dnn
615.0,4.298447581166281,-0.0014718216686218089,0.2865883895447426,3.754610733775561,33.76126645311001,9.130000000000001e-05,chen2020_dfn_structured_delta_dnn
620.0,4.2956770821490835,-0.0013852503946590877,0.2877816331786729,3.7556586607184244,33.772342152328065,9.61e-05,chen2020_dfn_structured_delta_dnn
625.0,4.2930750607520105,-0.0013010114325801014,0.2889741540288818,3.756711648871632,33.78321039400754,0.00010510000000000001,chen2020_dfn_structured_delta_dnn
630.0,4.290636649758146,-0.0012192061010335986,0.29016599754270356,3.7577695046547226,33.79387660471809,9.93e-05,chen2020_dfn_structured_delta_dnn
635.0,4.288356768162986,-0.0011399412913514761,0.29135720775608215,3.758832027204355,33.80434606435864,6.21e-05,chen2020_dfn_structured_delta_dnn
640.0,4.286230112361595,-0.001063328301451838,0.2925478272317381,3.7598990090089552,33.81462390255649,6.3e-05,chen2020_dfn_structured_delta_dnn
645.0,4.284251149676917,-0.0009894816652639138,0.29373789699553726,3.7609702362948187,33.824715094856174,0.0001476,chen2020_dfn_structured_delta_dnn
650.0,4.282414114288589,-0.0009185179524739961,0.2949274564717286,3.7620454893144144,33.83462445874193,6.16e-05,chen2020_dfn_structured_delta_dnn
655.0,4.280713005668994,-0.0008505545149071758,0.29611654341774774,3.763124542606792,33.8443566495456,6.96e-05,chen2020_dfn_structured_delta_dnn
660.0,4.279141589671481,-0.000785708160439047,0.2973051938593232,3.764207165267049,33.8539161563009,6.85e-05,chen2020_dfn_structured_delta_dnn
665.0,4.277693402439322,-0.0007240937426293836,0.29849344202666744,3.7652931212438085,33.86330729761431,5.94e-05,chen2020_dfn_structured_delta_dnn
670.0,4.276361757310917,-0.0006658226625934627,0.2996813202925871,3.7663821696848556,33.872534217624434,6.840000000000001e-05,chen2020_dfn_structured_delta_dnn
675.0,4.275139754886862,-0.0006110012880608529,0.30086885911338906,3.76747406533502,33.881600882128396,7.44e-05,chen2020_dfn_structured_delta_dnn
680.0,4.274020296397852,-0.000559729302958667,0.3020560869734996,3.768568559005094,33.89051107496249,9.16e-05,chen2020_dfn_structured_delta_dnn
685.0,4.272996100469802,-0.0005120980087899296,0.3032430303347412,3.7696653981090376,33.899268394718604,7.05e-05,chen2020_dfn_structured_delta_dnn
690.0,4.272059723326962,-0.0004681886056290274,0.30442971359122095,3.770764327279666,33.90787625188693,6.21e-05,chen2020_dfn_structured_delta_dnn
695.0,4.271203582405747,-0.00042807048675524983,0.3056161590307781,3.771865089065979,33.91633786651357,6.38e-05,chen2020_dfn_structured_delta_dnn
700.0,4.2704199832749365,-0.00039179958545287885,0.30680238680391003,3.7729674247059455,33.92465626645327,5.7600000000000004e-05,chen2020_dfn_structured_delta_dnn
705.0,4.269701149675079,-0.00035941681540541115,0.307988414901042,3.774071074983981,33.9328342863044,5.6500000000000005e-05,chen2020_dfn_structured_delta_dnn
710.0,4.26903925640308,-0.000330946648081476,0.3091742591389317,3.775175781156726,33.94087456709519,5.67e-05,chen2020_dfn_structured_delta_dnn
715.0,4.268426464682733,-0.0003063958697614999,0.31035993315689914,3.7762812859484702,33.948779556788,5.86e-05,chen2020_dfn_structured_delta_dnn
720.0,4.267854959580268,-0.00028575255901003294,0.3115454484234492,3.777387334606056,33.95655151165562,5.7900000000000005e-05,chen2020_dfn_structured_delta_dnn
725.0,4.267316988950554,-0.00026898532134461695,0.3127308142537132,3.778493675995662,33.96419249856967,5.8e-05,chen2020_dfn_structured_delta_dnn
730.0,4.266804903337625,-0.0002560428120594871,0.3139160378379736,3.779600063738185,33.97170439822901,5.69e-05,chen2020_dfn_structured_delta_dnn
735.0,4.2663111962058125,-0.00024685357092024685,0.31510112428136416,3.7807062573575245,33.979088909337634,5.56e-05,chen2020_dfn_structured_delta_dnn
740.0,4.265828543847667,-0.00024132618375738435,0.31628607665465525,3.781812023432419,33.986347553727,6e-05,chen2020_dfn_structured_delta_dnn
745.0,4.265349844303856,-0.0002393497764763275,0.31747089605585077,3.782917136731144,33.993481682399306,5.8e-05,chen2020_dfn_structured_delta_dnn
750.0,4.264868254639211,-0.00024079483697647674,0.31865558168213937,3.784021381313098,34.000492482454604,5.75e-05,chen2020_dfn_structured_delta_dnn
755.0,4.264377225948031,-0.00024551435052305726,0.3198401309115694,3.7851245515759437,34.00738098484334,7.730000000000001e-05,chen2020_dfn_structured_delta_dnn
760.0,4.263870535510211,-0.00025334522432995943,0.3210245393936556,3.7862264532359298,34.0141480728758,6.58e-05,chen2020_dfn_structured_delta_dnn
765.0,4.263342315585009,-0.0002641099687416548,0.3222088011479848,3.7873269042247673,34.02079449140763,5.4000000000000005e-05,chen2020_dfn_structured_delta_dnn
770.0,4.262787078409232,-0.0002776185950209564,0.3233929086697651,3.788425735483277,34.02732085660216,6.0700000000000005e-05,chen2020_dfn_structured_delta_dnn
775.0,4.262199737058411,-0.00029367068385327544,0.32457685304117023,3.7895227916488023,34.03372766617048,0.0001145,chen2020_dfn_structured_delta_dnn
780.0,4.261575621928168,-0.0003120575752506016,0.32576062404726147,3.7906179316196984,34.04001530997755,5.7900000000000005e-05,chen2020_dfn_structured_delta_dnn
785.0,4.260910492696019,-0.0003325646283349193,0.3269442102952326,3.7917110289936042,34.04618408090323,5.55e-05,chen2020_dfn_structured_delta_dnn
790.0,4.2602005457261605,-0.00035497349983876214,0.3281275993357121,3.7928019723704622,34.05223418583927,5.9000000000000004e-05,chen2020_dfn_structured_delta_dnn
795.0,4.259442416979017,-0.0003790643917278569,0.32931077778487294,3.7938906655249767,34.058165756714914,6.230000000000001e-05,chen2020_dfn_structured_delta_dnn
800.0,4.25863318057838,-0.0004046182223988448,0.3304937314461447,3.7949770274460564,34.06397886143901,8.05e-05,chen2020_dfn_structured_delta_dnn
805.0,4.257770343271242,-0.00043141868033441666,0.33167644543038666,3.796060992242131,34.06967351465363,6.75e-05,chen2020_dfn_structured_delta_dnn
810.0,4.2568518350854525,-0.0004592541251828841,0.33285890427346587,3.797142508927885,34.07524968820718,6.14e-05,chen2020_dfn_structured_delta_dnn
815.0,4.255875996546725,-0.0004879193080827293,0.3340410920502844,3.798221541091296,34.08070732125708,5.66e-05,chen2020_dfn_structured_delta_dnn
820.0,4.254841562859626,-0.0005172168896702134,0.3352229924844121,3.7992980664532414,34.08604632992848,8.21e-05,chen2020_dfn_structured_delta_dnn
825.0,4.253747645485492,-0.000546958741610537,0.3364045890526026,3.800372076331673,34.09126661646286,9.05e-05,chen2020_dfn_structured_delta_dnn
830.0,4.252593711565429,-0.0005769670240539648,0.337585865083593,3.8014435750202678,34.0963680778018,5.22e-05,chen2020_dfn_structured_delta_dnn
835.0,4.25137956163897,-0.0006070750378067147,0.3387668038507149,3.8025125790925434,34.101350613566524,5.6000000000000006e-05,chen2020_dfn_structured_delta_dnn
840.0,4.2501053060997425,-0.0006371278558238713,0.3399473886579649,3.8035791166460724,34.106214133400556,5.2000000000000004e-05,chen2020_dfn_structured_delta_dnn
845.0,4.248771340810942,-0.000666982743306288,0.3411276029193012,3.80464322649935,34.110958563657505,7.09e-05,chen2020_dfn_structured_delta_dnn
850.0,4.247378322276386,-0.0006965093799090605,0.3423074302310447,3.8057049573487394,34.11558385342329,5.36e-05,chen2020_dfn_structured_delta_dnn
855.0,4.245927142729979,-0.0007255899005401134,0.3434868544373585,3.806764366906199,34.120089979874194,5.97e-05,chen2020_dfn_structured_delta_dnn
860.0,4.244418905468597,-0.0007541187736457844,0.34466585968887764,3.807821521015896,34.124476952980615,5.7700000000000007e-05,chen2020_dfn_structured_delta_dnn
865.0,4.242854900712854,-0.0007820025372768935,0.3458444304946312,3.8088764927744103,34.12874481956834,5.6800000000000005e-05,chen2020_dfn_structured_delta_dnn
870.0,4.241236582238817,-0.0008091594136144797,0.3470225517674753,3.8099293616500596,34.13289366676639,5.13e-05,chen2020_dfn_structured_delta_dnn
875.0,4.23956554498114,-0.000835518823261272,0.34820020886330344,3.8109802126179466,34.13692362486273,5.47e-05,chen2020_dfn_structured_delta_dnn
880.0,4.237843503768276,-0.0008610208192066371,0.3493773876143501,3.812029135317396,34.14083486960453,5.42e-05,chen2020_dfn_structured_delta_dnn
885.0,4.236072273311137,-0.0008856154601030175,0.35055407435693664,3.8130762232306625,34.14462762397676,5.7300000000000004e-05,chen2020_dfn_structured_delta_dnn
890.0,4.234253749531023,-0.0009092621406368018,0.3517302559540285,3.814121572897581,34.14830215949604,5.3500000000000006e-05,chen2020_dfn_structured_delta_dnn
895.0,4.232389892280176,-0.0009319288952140958,0.35290591981299524,3.815165283162094,34.15185879705888,5.4600000000000006e-05,chen2020_dfn_structured_delta_dnn
900.0,4.230482709479332,-0.000953591689467681,0.3540810538989617,3.8162074544594544,34.155297907384124,5.5700000000000005e-05,chen2020_dfn_structured_delta_dnn
905.0,4.228534242671502,-0.0009742337121400046,0.3552556467441482,3.8172481881416536,34.158619911088465,5.7900000000000005e-05,chen2020_dfn_structured_delta_dnn
910.0,4.226546553969918,-0.0009938446780076715,0.3564296874535843,3.8182875858474743,34.161825278434435,5.910000000000001e-05,chen2020_dfn_structured_delta_dnn
915.0,4.224521714360409,-0.0010124201506627184,0.35760316570757333,3.819325748912617,34.16491452878762,5.5700000000000005e-05,chen2020_dfn_structured_delta_dnn
920.0,4.222461793304455,-0.001029960892177606,0.358776071761269,3.8203627778245908,34.16788822982011,5.7700000000000007e-05,chen2020_dfn_structured_delta_dnn
925.0,4.220368849578179,-0.0010464722451367092,0.3599483964417074,3.821398771718516,34.17074699649231,5.4300000000000005e-05,chen2020_dfn_structured_delta_dnn
930.0,4.218244923274948,-0.0010619635508307135,0.3611201311426172,3.822433827918166,34.17349148984806,5.7900000000000005e-05,chen2020_dfn_structured_delta_dnn
935.0,4.216092028893487,-0.0010764476065043826,0.3622912678173098,3.823468041514126,34.17612241565172,5.56e-05,chen2020_dfn_structured_delta_dnn
940.0,4.21391214943072,-0.0010899401629889671,0.36346179896992936,3.8245015049835875,34.17864052289406,5.4900000000000006e-05,chen2020_dfn_structured_delta_dnn
945.0,4.211707231397598,-0.001102459463210026,0.36463171764531765,3.8255343078475823,34.18104660219382,6.43e-05,chen2020_dfn_structured_delta_dnn
950.0,4.209479180676402,-0.0011140258214530907,0.36580101741772775,3.826566536366005,34.18334148411742,5.4900000000000006e-05,chen2020_dfn_structured_delta_dnn
955.0,4.20722985914006,-0.0011246612423513325,0.3669696923786,3.8275982732654987,34.18552603743723,6.120000000000001e-05,chen2020_dfn_structured_delta_dnn
960.0,4.204961081956907,-0.0011343890781680965,0.368137737123588,3.828629597500516,34.18760116734808,5.56e-05,chen2020_dfn_structured_delta_dnn
965.0,4.202674615507749,-0.0011432337226415235,0.36930514673900683,3.829660584046328,34.18956781365699,5.910000000000001e-05,chen2020_dfn_structured_delta_dnn
970.0,4.200372175846667,-0.0011512203391148002,0.3704719167878531,3.8306913037209287,34.191426948963,5.72e-05,chen2020_dfn_structured_delta_dnn
975.0,4.198055427640966,-0.0011583746209645196,0.3716380432955311,3.831721823033589,34.19317957683768,5.55e-05,chen2020_dfn_structured_delta_dnn
980.0,4.195725983531009,-0.0011647225816574514,0.37280352273540085,3.8327522040598074,34.19482673001863,5.3700000000000004e-05,chen2020_dfn_structured_delta_dnn
985.0,4.1933854038550935,-0.0011702903722262126,0.3739683520142495,3.83378250434015,34.196369468624425,5.61e-05,chen2020_dfn_structured_delta_dnn
990.0,4.191035196689548,-0.0011751041236612858,0.37513252845777434,3.8348127768020843,34.197808878401815,5.5900000000000004e-05,chen2020_dfn_structured_delta_dnn
995.0,4.188676818158295,-0.001179189812176018,0.3762960497961516,3.835843069701294,34.19914606900721,5.5e-05,chen2020_dfn_structured_delta_dnn
1000.0,4.186311672971693,-0.0011825731445684329,0.37745891414975485,3.8368734265851634,34.20038217233298,5.4800000000000004e-05,chen2020_dfn_structured_delta_dnn
1005.0,4.183941115157359,-0.0011852794622282947,0.3786211200150764,3.8379038862707278,34.2015183408804,5.3500000000000006e-05,chen2020_dfn_structured_delta_dnn
1010.0,4.18156644895053,-0.0011873336613663632,0.37978266625089596,3.838934482844567,34.202555746182725,5.3e-05,chen2020_dfn_structured_delta_dnn
1015.0,4.179188929815102,-0.001188760127679378,0.3809435520647334,3.839965245674453,34.20349557728292,5.58e-05,chen2020_dfn_structured_delta_dnn
1020.0,4.176809765569404,-0.0011895826839776746,0.38210377699961384,3.840996199438151,34.20433903926602,5.78e-05,chen2020_dfn_structured_delta_dnn
1025.0,4.174430117594488,-0.0011898245489286863,0.38326334092116787,3.842027364166152,34.20508735184961,5.53e-05,chen2020_dfn_structured_delta_dnn
1030.0,4.172051102104987,-0.0011895083057736344,0.38442224400508596,3.8430587552968705,34.20574174803164,5.25e-05,chen2020_dfn_structured_delta_dnn
1035.0,4.169673791465597,-0.0011886558795136115,0.3855804867249375,3.844090383745269,34.206303472797515,5.7300000000000004e-05,chen2020_dfn_structured_delta_dnn
1040.0,4.16729921553811,-0.0011872885216315798,0.38673806984036463,3.8451222559810727,34.20677378188452,5.4000000000000005e-05,chen2020_dfn_structured_delta_dnn
1045.0,4.164928363046607,-0.0011854268010195734,0.38789499438565533,3.8461543741221464,34.207153940605394,5.8700000000000004e-05,chen2020_dfn_structured_delta_dnn
1050.0,4.162562182949443,-0.0011830906005738107,0.38905126165869686,3.8471867360337995,34.20744522272861,5.7600000000000004e-05,chen2020_dfn_structured_delta_dnn
1055.0,4.160201585809051,-0.001180299118289374,0.39020687321031056,3.848219335441226,34.207648909416605,5.69e-05,chen2020_dfn_structured_delta_dnn
1060.0,4.157847445151313,-0.0011770708724774814,0.3913618308339637,3.8492521620494147,34.207766288217556,5.2900000000000005e-05,chen2020_dfn_structured_delta_dnn
1065.0,4.155500598808534,-0.0011734237099609302,0.39251613655585493,3.85028520167611,34.20779865211421,5.22e-05,chen2020_dfn_structured_delta_dnn
1070.0,4.153161850239634,-0.0011693748174653185,0.39366979262536606,3.851318436387472,34.207747298623815,5.83e-05,chen2020_dfn_structured_delta_dnn
1075.0,4.150831969823928,-0.001164940734828146,0.39482280150587257,3.8523518446479765,34.207613528951185,6.0200000000000006e-05,chen2020_dfn_structured_delta_dnn
1080.0,4.148511696124165,-0.0011601373703649664,0.3959751658659071,3.8533854014758715,34.207398647190644,5.92e-05,chen2020_dfn_structured_delta_dnn
1085.0,4.146201737116501,-0.0011549800174046054,0.3971268885706617,3.8544190786063828,34.207103959578774,6.15e-05,chen2020_dfn_structured_delta_dnn
1090.0,4.143902771384385,-0.0011494833723332265,0.39827797267382403,3.855452844665139,34.20673077379308,5.3700000000000004e-05,chen2020_dfn_structured_delta_dnn
1095.0,4.141615449275272,-0.001143661553177855,0.3994284214097338,3.8564866653464343,34.206280398297,5.66e-05,chen2020_dfn_structured_delta_dnn
1100.0,4.139340394018608,-0.0011375281189743847,0.40057823818585003,3.8575205036016404,34.205754141729585,5.36e-05,chen2020_dfn_structured_delta_dnn
1105.0,4.137078202804132,-0.0011310960896040445,0.40172742657551785,3.8585543198330106,34.20515331233838,5.39e-05,chen2020_dfn_structured_delta_dnn
1110.0,4.1348294478200796,-0.0011243779658487996,0.4028759903110235,3.8595880720972344,34.204479217452956,5.44e-05,chen2020_dfn_structured_delta_dnn
1115.0,4.132594677251205,-0.0011173857494745643,0.40402393327692654,3.8606217163143635,34.20373316300055,5.6800000000000005e-05,chen2020_dfn_structured_delta_dnn
1120.0,4.130374416236082,-0.001110130963599798,0.40517125950365884,3.8616552064865575,34.20291645305912,5.58e-05,chen2020_dfn_structured_delta_dnn
1125.0,4.128169167784551,-0.0011026246726152378,0.40631797316137674,3.8626884949212785,34.202030389449476,5.25e-05,chen2020_dfn_structured_delta_dnn
1130.0,4.125979413655107,-0.0010948775022194823,0.40746407855405875,3.8637215324649423,34.2010762713644,5.5100000000000004e-05,chen2020_dfn_structured_delta_dnn
1135.0,4.123805615192855,-0.0010868996591291702,0.4086095801138345,3.864754268744366,34.20005539503228,5.45e-05,chen2020_dfn_structured_delta_dnn
1140.0,4.121648214129002,-0.0010787009503168132,0.409754482395537,3.865786652410307,34.19896905341835,7.31e-05,chen2020_dfn_structured_delta_dnn
1145.0,4.119507633341575,-0.0010702908023937918,0.41089879007146524,3.866818631397643,34.19781853595822,6.610000000000001e-05,chen2020_dfn_structured_delta_dnn
1150.0,4.117384277579082,-0.0010616782801405322,0.41204250792634833,3.86785015318543,34.19660512832502,5.9000000000000004e-05,chen2020_dfn_structured_delta_dnn
1155.0,4.115278534147521,-0.0010528721048305156,0.4131856408525004,3.8688811650688564,34.19533011223069,6.450000000000001e-05,chen2020_dfn_structured_delta_dnn
1160.0,4.113190773561091,-0.001043880672382591,0.4143281938451563,3.869911614436014,34.1939947652599,5.66e-05,chen2020_dfn_structured_delta_dnn
1165.0,4.1111213501576325,-0.001034712070993593,0.41547017199797787,3.8709414490563194,34.19260036073575,5.81e-05,chen2020_dfn_structured_delta_dnn
1170.0,4.109070602679687,-0.001025374098329701,0.41661158049872227,3.8719706173708848,34.19114816761805,5.9300000000000005e-05,chen2020_dfn_structured_delta_dnn
1175.0,4.107038854821693,-0.0010158742784575625,0.4177524246250617,3.872999068793189,34.189639450432594,6.35e-05,chen2020_dfn_structured_delta_dnn
1180.0,4.105026415744389,-0.0010062198782436194,0.41889270974054627,3.874026754015382,34.188075469235855,5.8200000000000005e-05,chen2020_dfn_structured_delta_dnn
1185.0,4.103033580555824,-0.0009964179240463666,0.4200324412907006,3.8750536253194303,34.18645747960858,5.33e-05,chen2020_dfn_structured_delta_dnn
1190.0,4.101060630761481,-0.0009864752171618307,0.4211716247992455,3.8760796368935337,34.18478673268379,6.53e-05,chen2020_dfn_structured_delta_dnn
1195.0,4.099107834682683,-0.0009763983496832163,0.4223102658644352,3.877104745151363,34.183064475208425,6.13e-05,chen2020_dfn_structured_delta_dnn
1200.0,4.097175447844018,-0.00096619371998935,0.42344837015550296,3.878128909054544,34.18129194963893,5.8700000000000004e-05,chen2020_dfn_structured_delta_dnn
1205.0,4.095263713330328,-0.0009558675479647283,0.42458594340920575,3.8791520904319725,34.17947039426957,5.83e-05,chen2020_dfn_structured_delta_dnn
1210.0,4.093372862114236,-0.0009454258897295675,0.42572299142645975,3.8801742542998934,34.17760104339965,5.8200000000000005e-05,chen2020_dfn_structured_delta_dnn
1215.0,4.091503113352916,-0.0009348746530170593,0.4268595200690577,3.8811953691715266,34.175685127533086,5.5400000000000005e-05,chen2020_dfn_structured_delta_dnn
1220.0,4.089654674656527,-0.000924219611344701,0.4279955352564623,3.8822154073636908,34.173723873618485,5.86e-05,chen2020_dfn_structured_delta_dnn
1225.0,4.087827742326489,-0.0009134664190910136,0.42913104296266413,3.8832343452830553,34.1717185053252,7.620000000000001e-05,chen2020_dfn_structured_delta_dnn
1230.0,4.086022501565262,-0.0009026206257424785,0.43026604921309897,3.8842521636958756,34.169670243359974,5.95e-05,chen2020_dfn_structured_delta_dnn
1235.0,4.084239126656786,-0.0008916876905669668,0.43140056008161476,3.8852688479748947,34.16758030582281,5.25e-05,chen2020_dfn_structured_delta_dnn
1240.0,4.0824777811183255,-0.0008806729969090266,0.43253458168748105,3.886284388310533,34.16544990860331,6.32e-05,chen2020_dfn_structured_delta_dnn
1245.0,4.080738617823727,-0.0008695818664841704,0.43366812019243217,3.8872987798868635,34.163280265819026,5.5e-05,chen2020_dfn_structured_delta_dnn
1250.0,4.079021779098006,-0.0008584195737121325,0.4348011817977372,3.8883120230068244,34.16107259029326,7.25e-05,chen2020_dfn_structured_delta_dnn
1255.0,4.077327396784335,-0.000847191359521382,0.4359337727412884,3.889324123164503,34.15882809407583,0.000105,chen2020_dfn_structured_delta_dnn
1260.0,4.075655592282666,-0.0008359024455252273,0.4370658992947003,3.890335091048737,34.15654798900141,6.81e-05,chen2020_dfn_structured_delta_dnn
1265.0,4.074006476562019,-0.0008245580471945568,0.43819756776041197,3.891344942474505,34.15423348728592,5.5700000000000005e-05,chen2020_dfn_structured_delta_dnn
1270.0,4.072380150146683,-0.0008131633868984078,0.439328784468786,3.8923536982296936,34.15188580215852,6.0700000000000005e-05,chen2020_dfn_structured_delta_dnn
1275.0,4.070776703077344,-0.0008017237064417149,0.44045955577519635,3.8933613838280294,34.14950614852262,5.45e-05,chen2020_dfn_structured_delta_dnn
1280.0,4.069196214849724,-0.000790244278309038,0.4415898880570991,3.894368029165094,34.147095743642524,5.78e-05,chen2020_dfn_structured_delta_dnn
1285.0,4.067638754332262,-0.0007787304161434583,0.4427197877110802,3.8953736680662976,34.14465580784565,5.3200000000000006e-05,chen2020_dfn_structured_delta_dnn
1290.0,4.066104379666629,-0.0007671874833327097,0.44384926114987655,3.896378337729497,34.142187565233826,5.78e-05,chen2020_dfn_structured_delta_dnn
1295.0,4.064593138153747,-0.0007556209002517189,0.4449783147993637,3.897382078060301,34.13969224438824,5.6000000000000006e-05,chen2020_dfn_structured_delta_dnn
1300.0,4.0631050661311505,-0.0007440361485951397,0.44610695509551124,3.8983849309038074,34.137171079056884,6.7e-05,chen2020_dfn_structured_delta_dnn
1305.0,4.061640188846228,-0.0007324387734375937,0.44723518848130184,3.899386939185714,34.13462530880662,5.33e-05,chen2020_dfn_structured_delta_dnn
1310.0,4.060198520332096,-0.0007208343819149476,0.4483630214036163,3.900388145975915,34.13205617962012,5.8500000000000006e-05,chen2020_dfn_structured_delta_dnn
1315.0,4.058780063294005,-0.000709228637960968,0.44949046031008677,3.9013885934919115,34.12946494441968,5.5400000000000005e-05,chen2020_dfn_structured_delta_dnn
1320.0,4.057384809013357,-0.000697627253499089,0.4506175116459239,3.9023883220730005,34.12685286349051,5.7e-05,chen2020_dfn_structured_delta_dnn
1325.0,4.056012737280076,-0.0006860359742667521,0.45174418185072396,3.903387369153948,34.12422120478476,5.8e-05,chen2020_dfn_structured_delta_dnn
1330.0,4.054663816361077,-0.0006744605617696187,0.45287047735526864,3.904385768267846,34.12157124407935,5.2000000000000004e-05,chen2020_dfn_structured_delta_dnn
1335.0,4.053338003015449,-0.0006629067699177593,0.45399640457832846,3.905383548121387,34.11890426496416,5.3400000000000004e-05,chen2020_dfn_structured_delta_dnn
1340.0,4.0520352425661335,-0.0006513803167841892,0.45512196992348575,3.9063807317757293,34.11622155864194,5.92e-05,chen2020_dfn_structured_delta_dnn
1345.0,4.050755469035779,-0.0006398868525124279,0.4562471797759957,3.907377335967165,34.11352442352057,5.97e-05,chen2020_dfn_structured_delta_dnn
1350.0,4.049498605354966,-0.0006284319231347202,0.4573720404997055,3.908373370603485,34.11081416458563,5.520000000000001e-05,chen2020_dfn_structured_delta_dnn
1355.0,4.048264563648156,-0.0006170209317079567,0.4584965584340521,3.909368838452509,34.108092092545974,5.6800000000000005e-05,chen2020_dfn_structured_delta_dnn
1360.0,4.047053245600905,-0.0006056590976823983,0.4596207398911635,3.9103637350473357,34.10535952275404,5.380000000000001e-05,chen2020_dfn_structured_delta_dnn
1365.0,4.045864542908421,-0.0005943514162273233,0.46074459115308253,3.911358048807099,34.10261777390855,5.8500000000000006e-05,chen2020_dfn_structured_delta_dnn
1370.0,4.04469833780307,-0.0005831026187623212,0.4618681184691389,3.9123517613705174,34.09986816655601,6.25e-05,chen2020_dfn_structured_delta_dnn
1375.0,4.043554503655054,-0.000571917136364064,0.4629913280534875,3.91334484812553,34.09711202141847,5.5700000000000005e-05,chen2020_dfn_structured_delta_dnn
1380.0,4.0424329056361294,-0.0005607990682518493,0.4641142260828309,3.914337278903988,34.09435065757583,5.5e-05,chen2020_dfn_structured_delta_dnn
1385.0,4.041333401435716,-0.0005497521555902773,0.46523681869434075,3.9153290188142664,34.09158539054522,5.72e-05,chen2020_dfn_structured_delta_dnn
1390.0,4.04025584201323,-0.0005387797633759073,0.4663591119837889,3.916320029153766,34.088817530296865,8.43e-05,chen2020_dfn_structured_delta_dnn
1395.0,4.039200072371477,-0.000527884869910511,0.4674811120038921,3.9173102683714642,34.08604837925395,5.7300000000000004e-05,chen2020_dfn_structured_delta_dnn
1400.0,4.038165932332928,-0.0005170700653558957,0.4686028247628735,3.918299693022898,34.083279230320386,5.520000000000001e-05,chen2020_dfn_structured_delta_dnn
1405.0,4.037153257301903,-0.0005063375587837649,0.4697242562232351,3.919288258676415,34.08051136497761,5.2400000000000007e-05,chen2020_dfn_structured_delta_dnn
1410.0,4.036161878996989,-0.0004956891930553708,0.4708454123007342,3.920275920734302,34.07774605149092,5.7100000000000006e-05,chen2020_dfn_structured_delta_dnn
1415.0,4.035191626138249,-0.0004851264674279321,0.47196629886355035,3.921262635134831,34.07498454325497,5.56e-05,chen2020_dfn_structured_delta_dnn
1420.0,4.034242325078053,-0.0004746505657431399,0.4730869217316276,3.922248358917458,34.072228077300565,5.45e-05,chen2020_dfn_structured_delta_dnn
1425.0,4.0333138003676225,-0.00046426238857094626,0.4742072866761742,3.923233050640571,34.069477872980826,6.09e-05,chen2020_dfn_structured_delta_dnn
1430.0,4.032405875252829,-0.0004539625885811027,0.4753273994193,3.924216670649715,34.06673513083649,9.070000000000001e-05,chen2020_dfn_structured_delta_dnn
1435.0,4.031518372100252,-0.00044375160541559877,0.47644726563377227,3.9251991812115135,34.06400103164151,6.83e-05,chen2020_dfn_structured_delta_dnn
1440.0,4.030651112753974,-0.00043362970031818326,0.4775668909428705,3.9261805465310364,34.06127673561406,5.7e-05,chen2020_dfn_structured_delta_dnn
1445.0,4.029803918829737,-0.00042359698745425556,0.4786862809203233,3.9271607326752127,34.05856338177597,5.67e-05,chen2020_dfn_structured_delta_dnn
1450.0,4.0289766119541115,-0.0004136534614059273,0.47980544109031054,3.928139707439864,34.055862087436765,5.3e-05,chen2020_dfn_structured_delta_dnn
1455.0,4.028169013958718,-0.0004037990196437691,0.4809243769275213,3.929117440183144,34.053173947775804,5.1500000000000005e-05,chen2020_dfn_structured_delta_dnn
1460.0,4.027380947040485,-0.0003940334795093925,0.48204309385725475,3.9300939016645096,34.05050003549724,6.0200000000000006e-05,chen2020_dfn_structured_delta_dnn
1465.0,4.02661223389815,-0.0003843565900945589,0.48316159725555985,3.931069063912389,34.04784140053158,6.35e-05,chen2020_dfn_structured_delta_dnn
1470.0,4.0258626978552146,-0.00037476803901298483,0.4842798924494085,3.9320429001385455,34.04519906976128,5.7100000000000006e-05,chen2020_dfn_structured_delta_dnn
1475.0,4.025132162977967,-0.00036526745486831214,0.48539798471690243,3.93301538472059,34.04257404675337,5.9300000000000005e-05,chen2020_dfn_structured_delta_dnn
1480.0,4.024420454194389,-0.00035585440681029645,0.48651587928751194,3.9339864932540913,34.039967311487146,6.0400000000000004e-05,chen2020_dfn_structured_delta_dnn
1485.0,4.023727397417605,-0.00034652840226273574,0.48763358134235024,3.934956202673593,34.03737982007266,6.03e-05,chen2020_dfn_structured_delta_dnn
1490.0,4.023052819673925,-0.00033728888463013806,0.48875109601448186,3.935924491434343,34.03481250445731,9.350000000000001e-05,chen2020_dfn_structured_delta_dnn
1495.0,4.022396549234965,-0.00032813523125718724,0.48986842838926936,3.936891339738634,34.032266272130926,0.000172,chen2020_dfn_structured_delta_dnn
1500.0,4.021758415747737,-0.0003190667544412662,0.49098558350475485,3.9378567297886553,34.02974200583668,5.6500000000000005e-05,chen2020_dfn_structured_delta_dnn
1505.0,4.021138250357729,-0.0003100827049421495,0.4921025663520764,3.9388206460385646,34.02724056330334,5.33e-05,chen2020_dfn_structured_delta_dnn
1510.0,4.0205358858170825,-0.00030118227943015663,0.4932193818759145,3.9397830754349386,34.024762777014416,6.16e-05,chen2020_dfn_structured_delta_dnn
1515.0,4.019951156569769,-0.0002923646319865636,0.4943360349749617,3.940744007611098,34.0223094540284,5.3700000000000004e-05,chen2020_dfn_structured_delta_dnn
1520.0,4.019383898806818,-0.0002836288890813443,0.495452530502408,3.9417034350315854,34.01988137586551,5.2900000000000005e-05,chen2020_dfn_structured_delta_dnn
1525.0,4.018833950484245,-0.0002749741682166462,0.4965688732664314,3.9426613530669092,34.01747929847022,5.380000000000001e-05,chen2020_dfn_structured_delta_dnn
1530.0,4.018301151299525,-0.0002663995986620926,0.49768506803068135,3.943617760001012,34.01510395225711,6.0700000000000005e-05,chen2020_dfn_structured_delta_dnn
1535.0,4.017785342623364,-0.0002579043437986872,0.4988011195147434,3.9445726567556045,34.01275603516808,5.86e-05,chen2020_dfn_structured_delta_dnn
1540.0,4.0172863706774065,-0.0002494859781551617,0.4999170323954871,3.94552604718466,34.01043622081386,6.16e-05,chen2020_dfn_structured_delta_dnn
1545.0,4.01680408311223,-0.00024114378726247665,0.5010328113074627,3.946477937919922,34.00814516425709,6.09e-05,chen2020_dfn_structured_delta_dnn
1550.0,4.016338325564742,-0.0002328787779538044,0.5021484608423419,3.9474283378086543,34.005883496069885,5.81e-05,chen2020_dfn_structured_delta_dnn
1555.0,4.015888944003102,-0.00022469078460102265,0.5032639855490094,3.9483772577417353,34.00365182270315,6.65e-05,chen2020_dfn_structured_delta_dnn
1560.0,4.015455785143316,-0.00021657943327929585,0.5043793899337714,3.949324710446038,34.0014507269035,5.36e-05,chen2020_dfn_structured_delta_dnn
1565.0,4.01503869629916,-0.0002085444251012647,0.5054946784605212,3.9502707102841326,33.9992807681478,5.42e-05,chen2020_dfn_structured_delta_dnn
1570.0,4.014637525085219,-0.00020058560966040861,0.5066098555508226,3.9512152730772225,33.99714248307379,5.7900000000000005e-05,chen2020_dfn_structured_delta_dnn
1575.0,4.014252119099587,-0.00019270299520152134,0.5077249255839058,3.95215841597457,33.99503638589607,6.450000000000001e-05,chen2020_dfn_structured_delta_dnn
1580.0,4.013882325619158,-0.00018489674232130549,0.5088398928965778,3.9531001573683344,33.99296296879345,6.81e-05,chen2020_dfn_structured_delta_dnn
1585.0,4.013527991316659,-0.00017716715310345243,0.5099547617830548,3.9540405168594566,33.990922702262594,5.4800000000000004e-05,chen2020_dfn_structured_delta_dnn
1590.0,4.013188961998593,-0.00016951466065656673,0.5110695364947211,3.95497951526529,33.988916035435864,6.0200000000000006e-05,chen2020_dfn_structured_delta_dnn
1595.0,4.012865082361316,-0.00016193982005435759,0.5121842212398213,3.9559171746652346,33.98694339636285,6.220000000000001e-05,chen2020_dfn_structured_delta_dnn
1600.0,4.01255619576241,-0.0001544433006808732,0.5132988201830886,3.9568535184719638,33.985005192264566,5.58e-05,chen2020_dfn_structured_delta_dnn
1605.0,4.012262144001087,-0.0001470258817207193,0.5144133374453111,3.9577885715077743,33.983101809763355,6.780000000000001e-05,chen2020_dfn_structured_delta_dnn
1610.0,4.011982767104453,-0.00013968844922601642,0.5155277771028401,3.9587222956672568,33.98122681791807,5.4900000000000006e-05,chen2020_dfn_structured_delta_dnn
1615.0,4.011721182884769,-0.00013079211058736329,0.5166421440980858,3.9596549189733667,33.97938746951189,5.31e-05,chen2020_dfn_structured_delta_dnn
1620.0,4.0114744943448555,-0.00012334427058247055,0.5177564425687372,3.960586396311588,33.97758411925213,5.31e-05,chen2020_dfn_structured_delta_dnn
1625.0,4.0112416967665085,-0.00011639878969899042,0.5188706763733946,3.9615167288320743,33.97581708035881,5.2300000000000004e-05,chen2020_dfn_structured_delta_dnn
1630.0,4.011022488184681,-0.00010960429135292715,0.5199848492867792,3.9624459364369486,33.974086641101735,5.2300000000000004e-05,chen2020_dfn_structured_delta_dnn
1635.0,4.010816774875683,-0.00010285665486148288,0.521098965057578,3.963374047526356,33.972393070217606,5.3200000000000006e-05,chen2020_dfn_structured_delta_dnn
1640.0,4.010624488331764,-9.614327225571095e-05,0.5222130274154481,3.9643010944818124,33.97073661832519,5.2400000000000007e-05,chen2020_dfn_structured_delta_dnn
1645.0,4.01044553146065,-8.9478435795598e-05,0.5233270400630761,3.965227111822717,33.969117518089604,5.4800000000000004e-05,chen2020_dfn_structured_delta_dnn
1650.0,4.010279772316035,-8.287957249764055e-05,0.5244410066664972,3.9661521354614884,33.96753598417911,5.31e-05,chen2020_dfn_structured_delta_dnn
1655.0,4.010127051462579,-7.636042687630962e-05,0.525554930847459,3.967076202389231,33.9659922133319,5.17e-05,chen2020_dfn_structured_delta_dnn
1660.0,4.009987190551886,-6.99304554606095e-05,0.5266688161781679,3.967999350502084,33.96448638456923,5.47e-05,chen2020_dfn_structured_delta_dnn
1665.0,4.009859998609886,-6.359597108585024e-05,0.5277826661777817,3.9689216184769713,33.96301865951392,5.78e-05,chen2020_dfn_structured_delta_dnn
1670.0,4.009745275798382,-5.736140581485971e-05,0.5288964843099478,3.969843045659079,33.96158918275489,6.32e-05,chen2020_dfn_structured_delta_dnn
1675.0,4.0096428153259795,-5.123023624620249e-05,0.5300102739808717,3.9707636719721826,33.96019808221848,5.5700000000000005e-05,chen2020_dfn_structured_delta_dnn
1680.0,4.009552404226552,-4.520554974440927e-05,0.5311240385376014,3.9716835378518978,33.95884546951817,6.26e-05,chen2020_dfn_structured_delta_dnn
1685.0,4.009473823532691,-3.9290346951048605e-05,0.5322377812663606,3.9726026842025073,33.95753144026651,5.92e-05,chen2020_dfn_structured_delta_dnn
1690.0,4.009406848170014,-3.348768135097435e-05,0.5333515053908522,3.9735211523837606,33.95625607434698,5.7300000000000004e-05,chen2020_dfn_structured_delta_dnn
1695.0,4.009351246748031,-2.7800710998615585e-05,0.5344652140705044,3.974438984212207,33.95501943614261,5.75e-05,chen2020_dfn_structured_delta_dnn
1700.0,4.009306781333705,-2.2232707166280896e-05,0.5355789103986526,3.9753562219798573,33.9538215747279,5.36e-05,chen2020_dfn_structured_delta_dnn
1705.0,4.009273207240756,-1.6787046475785772e-05,0.536692597400664,3.9762729084752566,33.9526625240328,6.35e-05,chen2020_dfn_structured_delta_dnn
1710.0,4.009250272841843,-1.1467199456993704e-05,0.537806278032009,3.9771890869979627,33.95154230298209,5.89e-05,chen2020_dfn_structured_delta_dnn
1715.0,4.009237719403039,-6.276719402231734e-06,0.5389199551762877,3.9781048013647835,33.950460915624205,5.66e-05,chen2020_dfn_structured_delta_dnn
1720.0,4.009235280932308,-1.2192353657236588e-06,0.5400336316432133,3.9790200958962956,33.949418351254394,5.44e-05,chen2020_dfn_structured_delta_dnn
1725.0,4.009242684036607,3.7015521496819304e-06,0.5411473101665567,3.9799350153828246,33.94841458453908,5.4600000000000006e-05,chen2020_dfn_structured_delta_dnn
1730.0,4.009259647783066,8.481873229604364e-06,0.542260993402052,3.980849605032576,33.94744957564592,5.0700000000000006e-05,chen2020_dfn_structured_delta_dnn
1735.0,4.009285883561349,1.3117889141767147e-05,0.5433746839252634,3.981763910399563,33.94652327038358,6.77e-05,chen2020_dfn_structured_delta_dnn
1740.0,4.00932109494553,1.760569209213747e-05,0.544488384229415,3.982677977298707,33.94563560034868,5.6800000000000005e-05,chen2020_dfn_structured_delta_dnn
1745.0,4.009364977557298,2.1941305887784868e-05,0.545602096723181,3.9835918517145115,33.944786483080975,5.55e-05,chen2020_dfn_structured_delta_dnn
1750.0,4.009417218931277,2.612068699553438e-05,0.5467158237284397,3.9845055797059867,33.943975822218874,5.92e-05,chen2020_dfn_structured_delta_dnn
1755.0,4.009477498387301,3.0139728021238987e-05,0.5478295674779917,3.985419207320196,33.94320350765486,0.0001162,chen2020_dfn_structured_delta_dnn
1760.0,4.009545486911533,3.399426212918888e-05,0.548943330113245,3.98633278051536,33.94246941567678,5.5400000000000005e-05,chen2020_dfn_structured_delta_dnn
1765.0,4.009620847053675,3.768007108906346e-05,0.550057113681871,3.9872463450973483,33.94177340910812,5.53e-05,chen2020_dfn_structured_delta_dnn
1770.0,4.009703232835597,4.119289098419854e-05,0.5511709201354364,3.9881599466752684,33.94111533742398,7.02e-05,chen2020_dfn_structured_delta_dnn
1775.0,4.009792289680396,4.452842242902433e-05,0.5522847513270144,3.9890736306360317,33.94049503684113,6.19e-05,chen2020_dfn_structured_delta_dnn
1780.0,4.009887654365348,4.7682342511790043e-05,0.5533986090087825,3.98998744213473,33.93991233038889,5.5400000000000005e-05,chen2020_dfn_structured_delta_dnn
1785.0,4.009988954995043,5.065031489093208e-05,0.5545124948296144,3.9909014260966416,33.93936702795622,5.3400000000000004e-05,chen2020_dfn_structured_delta_dnn
1790.0,4.010095810994616,5.342799983737434e-05,0.5556264103326684,3.9918156272280925,33.938858926317266,5.2400000000000007e-05,chen2020_dfn_structured_delta_dnn
1795.0,4.010207833121097,5.6011063299166164e-05,0.5567403569529797,3.9927300900329694,33.938387809139556,5.8700000000000004e-05,chen2020_dfn_structured_delta_dnn
1800.0,4.010324623489588,5.839518431183244e-05,0.5578543360150601,3.9936448588244007,33.93795344697833,5.2400000000000007e-05,chen2020_dfn_structured_delta_dnn
1805.0,4.010445775610982,6.05760607714223e-05,0.5589683487305075,3.994559977732256,33.937555597261394,5.2400000000000007e-05,chen2020_dfn_structured_delta_dnn
1810.0,4.010570874437834,6.25494135072513e-05,0.5600823961956293,3.995475490700983,33.93719400427159,5.14e-05,chen2020_dfn_structured_delta_dnn
1815.0,4.010699496413848,6.431098809572822e-05,0.5611964793890776,3.996391441475823,33.93686839912874,7.180000000000001e-05,chen2020_dfn_structured_delta_dnn
1820.0,4.0108312095246195,6.585655548119185e-05,0.5623105991695011,3.99730787357829,33.936578499776886,5.22e-05,chen2020_dfn_structured_delta_dnn
1825.0,4.010965573346553,6.718191106802607e-05,0.5634247562732085,3.998224830269362,33.936324010975966,5.39e-05,chen2020_dfn_structured_delta_dnn
1830.0,4.011102139093673,6.828287366589247e-05,0.5645389513118457,3.9991423545066507,33.936104624302516,5.5e-05,chen2020_dfn_structured_delta_dnn
1835.0,4.011240449660323,6.915528343526267e-05,0.5656531847700845,4.000060488895792,33.93592001815517,5.380000000000001e-05,chen2020_dfn_structured_delta_dnn
1840.0,4.011380039661494,6.979500069842492e-05,0.5667674570033239,4.00097927564014,33.93576985776514,5.64e-05,chen2020_dfn_structured_delta_dnn
1845.0,4.011520435471307,7.019790502188483e-05,0.5678817682353993,4.001898756494796,33.93565379520811,5.28e-05,chen2020_dfn_structured_delta_dnn
1850.0,4.011661155261448,7.035989518672237e-05,0.5689961185563053,4.002818972724881,33.935571469414526,5.53e-05,chen2020_dfn_structured_delta_dnn
1855.0,4.011801709041254,7.027689001887216e-05,0.570110507919928,4.003739965072414,33.93552250617455,5.39e-05,chen2020_dfn_structured_delta_dnn
1860.0,4.011941598701161,6.994483006733665e-05,0.5712249361417896,4.0046617737321775,33.93550651813587,6.0100000000000004e-05,chen2020_dfn_structured_delta_dnn
1865.0,4.012080318060133,6.935967959731393e-05,0.5723394028968063,4.005584438336636,33.935523104790605,5.2900000000000005e-05,chen2020_dfn_structured_delta_dnn
1870.0,4.012217352918079,6.85174290803725e-05,0.5734539077170613,4.006507997948688,33.93557185245129,5.44e-05,chen2020_dfn_structured_delta_dnn
1875.0,4.012352181112461,6.741409729282832e-05,0.5745684499895926,4.007432491060241,33.935652334216,5.25e-05,chen2020_dfn_structured_delta_dnn
1880.0,4.012484272577687,6.604573270907466e-05,0.5756830289541974,4.00835795559393,33.93576410992222,5.4800000000000004e-05,chen2020_dfn_structured_delta_dnn
1885.0,4.012613089405776,6.440841413352105e-05,0.5767976437012546,4.009284428905131,33.93590672609298,5.3e-05,chen2020_dfn_structured_delta_dnn
1890.0,4.012738085905201,6.249824979370766e-05,0.5779122931695616,4.010211947781695,33.93607971587568,5.3200000000000006e-05,chen2020_dfn_structured_delta_dnn
1895.0,4.012858708655791,6.031137536827158e-05,0.5790269761441882,4.011140548438228,33.93628259897815,8.03e-05,chen2020_dfn_structured_delta_dnn
1900.0,4.012974396556062,5.7843950199532035e-05,0.5801416912543427,4.012070266506541,33.93651488160418,5.5100000000000004e-05,chen2020_dfn_structured_delta_dnn
1905.0,4.0130845808602205,5.5092152135172157e-05,0.5812564369712483,4.013001137016518,33.936776056388396,7.33e-05,chen2020_dfn_structured_delta_dnn
1910.0,4.013188685203717,5.205217179521382e-05,0.582371211606027,4.0139331943725125,33.937065602335,5.27e-05,chen2020_dfn_structured_delta_dnn
1915.0,4.01328612561459,4.8720205474861444e-05,0.5834860133075865,4.014866472324375,33.937382984760404,5.39e-05,chen2020_dfn_structured_delta_dnn
1920.0,4.013376310509507,4.5092447489181176e-05,0.5846008400605059,4.015801003933813,33.93772765523693,5.2100000000000006e-05,chen2020_dfn_structured_delta_dnn
1925.0,4.013458640675419,4.116508297929977e-05,0.5857156896829158,4.016736821540025,33.93809905154046,5.4600000000000006e-05,chen2020_dfn_structured_delta_dnn
1930.0,4.0135325092356275,3.693428012091493e-05,0.58683055982437,4.017673956724809,33.93849659759752,5.55e-05,chen2020_dfn_structured_delta_dnn
1935.0,4.013597301601737,3.239618306627445e-05,0.5879454479637038,4.018612440279833,33.938919703430884,5.2100000000000006e-05,chen2020_dfn_structured_delta_dnn
1940.0,4.013652395411993,2.7546905135067412e-05,0.5890603514068738,4.01955230217607,33.93936776510168,5.2400000000000007e-05,chen2020_dfn_structured_delta_dnn
1945.0,4.01369716045659,2.2382522302133445e-05,0.5901752672847784,4.0204935715398005,33.939840164645716,5.22e-05,chen2020_dfn_structured_delta_dnn
1950.0,4.013730958590441,1.6899066927145157e-05,0.5912901925510535,4.021436276628393,33.94033627000226,5.5700000000000005e-05,chen2020_dfn_structured_delta_dnn
1955.0,4.0137531436335045,1.1092521532363175e-05,0.5924051239798407,4.022380444811732,33.940855434934804,5.3400000000000004e-05,chen2020_dfn_structured_delta_dnn
1960.0,4.013763061257966,4.958812230837495e-06,0.5935200581635234,4.023326102553345,33.94139699894146,5.44e-05,chen2020_dfn_structured_delta_dnn
1965.0,4.013760048861969,-1.5061979985464546e-06,0.5946349915104293,4.024273275395853,33.94196028715794,5.4900000000000006e-05,chen2020_dfn_structured_delta_dnn
1970.0,4.013743435427392,-8.30671728907495e-06,0.5957499202424925,4.025221987939123,33.94254461025088,5.36e-05,chen2020_dfn_structured_delta_dnn
1975.0,4.013712541360692,-1.5447033351045913e-05,0.5968648403928705,4.026172263823682,33.94314926430411,5.0900000000000004e-05,chen2020_dfn_structured_delta_dnn
1980.0,4.013666678314328,-2.2931523185998337e-05,0.5979797478035134,4.0271241257031685,33.943773530698536,5.2300000000000004e-05,chen2020_dfn_structured_delta_dnn
1985.0,4.01360514898668,-3.076466383367116e-05,0.5990946381226763,4.028077595219013,33.94441667598551,5.17e-05,chen2020_dfn_structured_delta_dnn
1990.0,4.013527246899045,-3.895104383722092e-05,0.6002095068023704,4.029032692965257,33.94507795175514,5.5900000000000004e-05,chen2020_dfn_structured_delta_dnn
1995.0,4.013432256147926,-4.7495375595285605e-05,0.6013243490957448,4.029989438455097,33.94575659450123,5.2300000000000004e-05,chen2020_dfn_structured_delta_dnn
2000.0,4.013319451130429,-5.6402508808228724e-05,0.6024391600543922,4.0309478500788485,33.946451825479244,5.5e-05,chen2020_dfn_structured_delta_dnn
2005.0,4.013188096243217,-6.567744370050699e-05,0.603553934525571,4.031907945062944,33.94716285056069,5.42e-05,chen2020_dfn_structured_delta_dnn
2010.0,4.01303744555298,-7.532534526122348e-05,0.6046686671493358,4.032869739426191,33.94788886007831,5.2400000000000007e-05,chen2020_dfn_structured_delta_dnn
2015.0,4.012866742439641,-8.535155687655616e-05,0.605783352355569,4.033833247934928,33.94862902866521,5.380000000000001e-05,chen2020_dfn_structured_delta_dnn
2020.0,4.012675219210563,-9.576161483160206e-05,0.6068979843609054,4.034798484058699,33.94938251508353,6.110000000000001e-05,chen2020_dfn_structured_delta_dnn
2025.0,4.012462096686075,-0.00010656126264735333,0.6080125571655405,4.035765459927061,33.95014846204157,5.6300000000000006e-05,chen2020_dfn_structured_delta_dnn
2030.0,4.012226583756041,-0.00011775646556166919,0.609127064549917,4.036734186285624,33.95092599599843,5.2400000000000007e-05,chen2020_dfn_structured_delta_dnn
2035.0,4.011967876906539,-0.00012935342547260031,0.6102415000712801,4.037704607975061,33.95171686274921,7.180000000000001e-05,chen2020_dfn_structured_delta_dnn
2040.0,4.011683787255667,-0.00014204482639090799,0.6113558566788512,4.038676757862938,33.952517406392246,5.5100000000000004e-05,chen2020_dfn_structured_delta_dnn
2045.0,4.011374332475874,-0.0001547273911314817,0.6124701273267612,4.039650665012241,33.95332669164475,5.67e-05,chen2020_dfn_structured_delta_dnn
2050.0,4.011039217202284,-0.000167557638363236,0.6135843048870951,4.0406263484603855,33.95414377897691,5.28e-05,chen2020_dfn_structured_delta_dnn
2055.0,4.01067784159374,-0.00018068780623842207,0.6146983820653157,4.041603819376012,33.95496771761884,5.25e-05,chen2020_dfn_structured_delta_dnn
2060.0,4.010289385549852,-0.0001942280243864558,0.6158123513390797,4.042583082615716,33.95579754060884,6.2e-05,chen2020_dfn_structured_delta_dnn
2065.0,4.009872903809304,-0.0002082408732837493,0.616926204923471,4.043564138464315,33.95663226193841,5.27e-05,chen2020_dfn_structured_delta_dnn
2070.0,4.009427399415599,-0.00022275220053702416,0.6180399347566421,4.044546984100782,33.957470875342096,6.15e-05,chen2020_dfn_structured_delta_dnn
2075.0,4.008951866665798,-0.0002377663793809992,0.6191535324973826,4.0455316145579,33.95831235407002,5.17e-05,chen2020_dfn_structured_delta_dnn
2080.0,4.008445307918481,-0.0002532793790747667,0.6202669895273599,4.046518023186492,33.95915565106799,5.5100000000000004e-05,chen2020_dfn_structured_delta_dnn
2085.0,4.007906733495565,-0.00026928721796704025,0.621380296953331,4.04750620175083,33.95999969918182,5.17e-05,chen2020_dfn_structured_delta_dnn
2090.0,4.007335153585248,-0.00028578996293937564,0.6224934456071047,4.048496140317523,33.96084341119581,5.45e-05,chen2020_dfn_structured_delta_dnn
2095.0,4.006729568437046,-0.0003027925833548051,0.6236064260427817,4.049487827058652,33.961685679661684,5.4800000000000004e-05,chen2020_dfn_structured_delta_dnn
2100.0,4.006088960192904,-0.0003203041330249179,0.6247192285317241,4.050481248053348,33.962525376541635,5.78e-05,chen2020_dfn_structured_delta_dnn
2105.0,4.005412287421679,-0.0003383363985223764,0.6258318430560079,4.051476387122114,33.96336135273168,5.8e-05,chen2020_dfn_structured_delta_dnn
2110.0,4.004698482073766,-0.00035690268911037215,0.6269442593010283,4.052473225699483,33.96419243750688,5.4000000000000005e-05,chen2020_dfn_structured_delta_dnn
2115.0,4.003946448039456,-0.00037601703487644134,0.6280564666477059,4.053471742740571,33.96501743793419,6.54e-05,chen2020_dfn_structured_delta_dnn
2120.0,4.003155060465451,-0.0003956938076544181,0.6291684541645018,4.054471914638027,33.96583513826363,5.2400000000000007e-05,chen2020_dfn_structured_delta_dnn
2125.0,4.00232316521245,-0.000415947650488635,0.6302802105992831,4.055473715151351,33.96664429930553,5.5100000000000004e-05,chen2020_dfn_structured_delta_dnn
2130.0,4.001449578107322,-0.00043679358034232063,0.6313917243709796,4.0564771153263255,33.967443657788635,5.380000000000001e-05,chen2020_dfn_structured_delta_dnn
2135.0,4.000533083865301,-0.00045824715308639963,0.6325029835609423,4.057482083412175,33.96823192569178,5.3e-05,chen2020_dfn_structured_delta_dnn
2140.0,3.999572434692555,-0.00048032462331198955,0.6336139759039124,4.058488584767977,33.96900778954472,6.670000000000001e-05,chen2020_dfn_structured_delta_dnn
2145.0,3.998566348635791,-0.0005030430708140576,0.6347246887785335,4.059496581762178,33.96976990968926,5.3400000000000004e-05,chen2020_dfn_structured_delta_dnn
2150.0,3.9975135077539843,-0.0005264204895303326,0.635835109197354,4.060506033666052,33.9705169195002,6.36e-05,chen2020_dfn_structured_delta_dnn
2155.0,3.996412556165664,-0.0005504758497625883,0.6369452237962888,4.061516896541044,33.971247424560374,5.53e-05,chen2020_dfn_structured_delta_dnn
2160.0,3.9952620980014992,-0.0005752291455280445,0.6380550188235115,4.062529123124167,33.97196000179093,7.390000000000001e-05,chen2020_dfn_structured_delta_dnn
2165.0,3.994060695268415,-0.0006007014387948706,0.6391644801277528,4.063542662704997,33.972653198531304,5.61e-05,chen2020_dfn_structured_delta_dnn
2170.0,3.9928068656201696,-0.0006269149062531065,0.6402735931459805,4.064557461004412,33.973325531570424,5.6500000000000005e-05,chen2020_dfn_structured_delta_dnn
2175.0,3.9914990800205774,-0.000653892892992447,0.6413823428904308,4.0655734600426925,33.97397548612298,5.7600000000000004e-05,chen2020_dfn_structured_delta_dnn
2180.0,3.9901357602868193,-0.0006816599724592254,0.642490713934955,4.066590598007462,33.97460151475116,5.3e-05,chen2020_dfn_structured_delta_dnn
2185.0,3.988715276499179,-0.0007102420132456544,0.6435986904006492,4.067608809116853,33.97520203622855,5.41e-05,chen2020_dfn_structured_delta_dnn
2190.0,3.9872359442661107,-0.0007396662514262409,0.6447062559407232,4.068628023474298,33.9757754343409,5.95e-05,chen2020_dfn_structured_delta_dnn
2195.0,3.9856960218364152,-0.0007699613670024696,0.6458133937245667,4.0696481669212945,33.97632005662399,0.00012670000000000002,chen2020_dfn_structured_delta_dnn
2200.0,3.984093707048696,-0.0008011575652681069,0.6469200864209692,4.0706691608805725,33.97683421303253,6.03e-05,chen2020_dfn_structured_delta_dnn
2205.0,3.9824271341105053,-0.0008332866619642498,0.6480263161804443,4.071690922195062,33.97731617453752,0.00024440000000000003,chen2020_dfn_structured_delta_dnn
2210.0,3.9806943701982593,-0.0008663821728968624,0.6491320646166104,4.072713362960883,33.97776417165045,7.180000000000001e-05,chen2020_dfn_structured_delta_dnn
2215.0,3.978893411867402,-0.0009004794088171009,0.6502373127865737,4.073736390349925,33.97817639286836,5.9800000000000003e-05,chen2020_dfn_structured_delta_dnn
2220.0,3.97702218126333,-0.0009356155750413486,0.651342041170258,4.074759906429604,33.978550983037394,5.69e-05,chen2020_dfn_structured_delta_dnn
2225.0,3.9750785221216214,-0.0009718298768034983,0.652446229648625,4.07578380796887,33.97888604162904,7.6e-05,chen2020_dfn_structured_delta_dnn
2230.0,3.9730601955466365,-0.0010091636300735285,0.6535498574807213,4.076807986241121,33.979179620927425,7.41e-05,chen2020_dfn_structured_delta_dnn
2235.0,3.970964875555121,-0.0010476603790589012,0.6546529032794866,4.07783232681822,33.979429724122554,0.0001045,chen2020_dfn_structured_delta_dnn
2240.0,3.968790144371657,-0.0010873660202860846,0.6557553449862565,4.078856709349839,33.97963430330174,8.010000000000001e-05,chen2020_dfn_structured_delta_dnn
2245.0,3.9665334874637557,-0.0011283289327855273,0.6568571598438854,4.079881007341634,33.979791257339855,8.44e-05,chen2020_dfn_structured_delta_dnn
2250.0,3.964192288300131,-0.001170600116504883,0.6579583243684132,4.0809050879163635,33.979898429679395,8.230000000000001e-05,chen2020_dfn_structured_delta_dnn
2255.0,3.9617638228180243,-0.0012142333377931913,0.6590588143191961,4.0819288115676216,33.979953605996286,5.97e-05,chen2020_dfn_structured_delta_dnn
2260.0,3.959245253583446,-0.001259285282946665,0.6601586046674136,4.0829520319027095,33.97995451174654,5.9300000000000005e-05,chen2020_dfn_structured_delta_dnn
2265.0,3.956633623627243,-0.0013058157203069687,0.6612576695628657,4.0839745953712585,33.97989880958818,6e-05,chen2020_dfn_structured_delta_dnn
2270.0,3.953925849939057,-0.0013538876713231618,0.6623559822989599,4.084996340982318,33.97978409667206,5.92e-05,chen2020_dfn_structured_delta_dnn
2275.0,3.9511187166007273,-0.0014035675908410372,0.6634535152757933,4.086017100007336,33.97960790179735,5.5700000000000005e-05,chen2020_dfn_structured_delta_dnn
2280.0,3.948208867538781,-0.0014549255575718179,0.6645502399612209,4.087036695670471,33.97936768242437,5.7600000000000004e-05,chen2020_dfn_structured_delta_dnn
2285.0,3.9451927988755027,-0.0015080354748149283,0.6656461268497974,4.088054942819386,33.97906082153855,7.000000000000001e-05,chen2020_dfn_structured_delta_dnn
2290.0,3.942066850857021,-0.0015629752819660836,0.6667411454194799,4.089071169954716,33.9786845374731,5.95e-05,chen2020_dfn_structured_delta_dnn
2295.0,3.9388272399966593,-0.0016198068468484816,0.6678352640972568,4.090085768579005,33.97823607020234,6.050000000000001e-05,chen2020_dfn_structured_delta_dnn
2300.0,3.935469975307885,-0.0016786339210769219,0.6689284502015088,4.091098478466863,33.97771257508674,7.37e-05,chen2020_dfn_structured_delta_dnn
2305.0,3.93199086594964,-0.001739556433785816,0.6700206698864949,4.092109053849029,33.97711111360428,5.67e-05,chen2020_dfn_structured_delta_dnn
2310.0,3.928385525169906,-0.0018026723425357827,0.671111888087931,4.093117248135748,33.976428651868446,6.7e-05,chen2020_dfn_structured_delta_dnn
2315.0,3.9246493653661494,-0.0018680820749096272,0.6722020684671993,4.09412280891304,33.97566205733841,5.64e-05,chen2020_dfn_structured_delta_dnn
2320.0,3.9207775882460716,-0.0019358909783978584,0.6732911733528232,4.095125475418308,33.97480809495079,5.7100000000000006e-05,chen2020_dfn_structured_delta_dnn
2325.0,3.9167651724534958,-0.0020062105878698167,0.6743791636785047,4.096124976971376,33.97386342288854,5.94e-05,chen2020_dfn_structured_delta_dnn
2330.0,3.9126068600342445,-0.0020791592056215724,0.6754659989174031,4.097121031841402,33.97282458804267,5.7900000000000005e-05,chen2020_dfn_structured_delta_dnn
2335.0,3.908297142375264,-0.0021548621648018185,0.6765516370125072,4.098113346329995,33.97168802119046,5.8800000000000006e-05,chen2020_dfn_structured_delta_dnn
2340.0,3.9038302457821037,-0.0022334520102882394,0.6776360343030022,4.099101613956024,33.970450031906296,5.84e-05,chen2020_dfn_structured_delta_dnn
2345.0,3.8992001166271324,-0.0023150687133804415,0.6787191454465098,4.100085514694934,33.969106803210934,8.78e-05,chen2020_dfn_structured_delta_dnn
2350.0,3.894400405927498,-0.002399859956999928,0.6798009233370453,4.101064714225236,33.96765438596316,6.64e-05,chen2020_dfn_structured_delta_dnn
2355.0,3.8894244532165803,-0.0024879814890242935,0.6808813190184942,4.10203886317319,33.96608869299274,6.790000000000001e-05,chen2020_dfn_structured_delta_dnn
2360.0,3.8842652696062903,-0.0025795975269551352,0.6819602815933848,4.1030075963394586,33.96440549297671,5.7100000000000006e-05,chen2020_dfn_structured_delta_dnn
2365.0,3.878915519969066,-0.002674881198176049,0.6830377581267096,4.103970531890463,33.96260040404832,5.69e-05,chen2020_dfn_structured_delta_dnn
2370.0,3.873367504197253,-0.0027740150013805254,0.6841136935445421,4.104927270518484,33.960668887143015,6.0400000000000004e-05,chen2020_dfn_structured_delta_dnn
2375.0,3.8676131375081573,-0.0028771912838716496,0.6851880305271834,4.105877394559824,33.95860623907237,0.0001112,chen2020_dfn_structured_delta_dnn
2380.0,3.8616439297777494,-0.002984612727395919,0.686260709396566,4.106820467069222,33.95640758532886,6.21e-05,chen2020_dfn_structured_delta_dnn
2385.0,3.8554509638926517,-0.003096492839178566,0.6873316679976474,4.107756030844797,33.95406787261646,5.8e-05,chen2020_dfn_structured_delta_dnn
2390.0,3.849024873125037,-0.003213056440672435,0.6884008415735156,4.108683607402657,33.95158186111138,6.230000000000001e-05,chen2020_dfn_structured_delta_dnn
2395.0,3.8423558175504184,-0.0033345401463473756,0.6894681626339462,4.109602695902917,33.948944116453504,5.69e-05,chen2020_dfn_structured_delta_dnn
2400.0,3.8354334595550883,-0.0034611928191291552,0.6905335608171558,4.110512772015909,33.946149001476385,5.6300000000000006e-05,chen2020_dfn_structured_delta_dnn
2405.0,3.828246938513517,-0.003593275985725175,0.6915969627445208,4.111413286741689,33.943190667682586,5.81e-05,chen2020_dfn_structured_delta_dnn
2410.0,3.820784844765262,-0.0037310641872137507,0.6926582918680666,4.1123036651761815,33.94006304648104,9.83e-05,chen2020_dfn_structured_delta_dnn
2415.0,3.813035193083701,-0.0038748452335224393,0.6937174683105899,4.11318330522796,33.93675984020621,5.5700000000000005e-05,chen2020_dfn_structured_delta_dnn
2420.0,3.8049853959156685,-0.004024920318423164,0.6947744086983443,4.114051576297076,33.933274512946696,5.83e-05,chen2020_dfn_structured_delta_dnn
2425.0,3.796622236785899,-0.004181603937626899,0.6958290259863403,4.114907817920279,33.92960028122309,5.94e-05,chen2020_dfn_structured_delta_dnn
2430.0,3.7879318444107315,-0.004345223534718723,0.6968812292764545,4.115751338402305,33.92573010457011,5.7100000000000006e-05,chen2020_dfn_structured_delta_dnn
2435.0,3.778899668263825,-0.004516118775778566,0.6979309236287501,4.116581413449497,33.92165667609095,5.6000000000000006e-05,chen2020_dfn_structured_delta_dnn
2440.0,3.7695104565988413,-0.004694640321594168,0.6989780098666942,4.117397284836512,33.9173724130809,5.4300000000000005e-05,chen2020_dfn_structured_delta_dnn
2445.0,3.7597482382718495,-0.004881147928560869,0.7000223843773253,4.118198159149503,33.912869447845935,6.0200000000000006e-05,chen2020_dfn_structured_delta_dnn
2450.0,3.7495963101469028,-0.005076007657914383,0.7010639389079217,4.118983206648828,33.908139618879375,6.76e-05,chen2020_dfn_structured_delta_dnn
2455.0,3.7390372324374503,-0.005279587908675665,0.7021025603613766,4.1197515603341035,33.90317446261679,0.0001431,chen2020_dfn_structured_delta_dnn
2460.0,3.728052835063412,-0.005492253910696854,0.7031381305933387,4.120501877007179,33.89796527486391,6.2e-05,chen2020_dfn_structured_delta_dnn
2465.0,3.716624215406405,-0.005714372026816517,0.7041705262087294,4.12123375800692,33.89250283121254,5.8700000000000004e-05,chen2020_dfn_structured_delta_dnn
2470.0,3.70473187173198,-0.005946241918218187,0.7051996183953216,4.121946177733857,33.886777734635245,6.03e-05,chen2020_dfn_structured_delta_dnn
2475.0,3.692355658910685,-0.006188185398815771,0.706225272745019,4.122638096989096,33.88078026210434,6.42e-05,chen2020_dfn_structured_delta_dnn
2480.0,3.6794749324846867,-0.006440452260274565,0.7072473491151535,4.123308451070218,33.87450036732986,5.86e-05,chen2020_dfn_structured_delta_dnn
2485.0,3.6660687038175412,-0.006703214730480189,0.7082657015328807,4.12395614878287,33.86792768644659,5.6300000000000006e-05,chen2020_dfn_structured_delta_dnn
2490.0,3.652115849591994,-0.006976540298226197,0.7092801781577674,4.124580075727842,33.86105154878368,5.58e-05,chen2020_dfn_structured_delta_dnn
2495.0,3.637595396816805,-0.007260353955953869,0.7102906213235498,4.125179100883903,33.85386099448192,6.21e-05,chen2020_dfn_structured_delta_dnn
2500.0,3.6224869039227543,-0.0075543901504316335,0.7112968676857506,4.1257520865964,33.84634480099214,5.6300000000000006e-05,chen2020_dfn_structured_delta_dnn
2505.0,3.6067709617660713,-0.007858132821572383,0.7122987485084634,4.126297751554248,33.83849152800593,6.19e-05,chen2020_dfn_structured_delta_dnn
2510.0,3.5904298399008576,-0.008170742756838323,0.713296090130658,4.126815177767083,33.83028952416498,0.0001011,chen2020_dfn_structured_delta_dnn
2515.0,3.573448326659758,-0.0084909606706014,0.7142887146658413,4.127303296744825,33.82172707002718,8.38e-05,chen2020_dfn_structured_delta_dnn
2520.0,3.5558147435532517,-0.008817020024063482,0.715276440983495,4.127758186671508,33.8127925709544,6.15e-05,chen2020_dfn_structured_delta_dnn
2525.0,3.5375221944270696,-0.009146529617742094,0.7162590860375025,4.128182708659329,33.803473812811774,5.6200000000000004e-05,chen2020_dfn_structured_delta_dnn
2530.0,3.5185703601465184,-0.009476200779250932,0.7172364666930989,4.1285758248949875,33.79375949894256,5.9600000000000005e-05,chen2020_dfn_structured_delta_dnn
2535.0,3.498966902639657,-0.009802042668251798,0.7182084019438323,4.12893692822026,33.783638746351414,5.6800000000000005e-05,chen2020_dfn_structured_delta_dnn
2540.0,3.478729772392305,-0.010118910475869658,0.7191747157694968,4.129265774780366,33.77310132473991,6.120000000000001e-05,chen2020_dfn_structured_delta_dnn
2545.0,3.4578894738743937,-0.010420526421762943,0.7201352406233508,4.129562525782485,33.76213792813496,9.630000000000001e-05,chen2020_dfn_structured_delta_dnn
2550.0,3.436491449543953,-0.010699420427840778,0.7210898215815574,4.129827816498542,33.750740487657026,6.170000000000001e-05,chen2020_dfn_structured_delta_dnn
2555.0,3.41459837296469,-0.010946975550257698,0.7220383211296033,4.1300628348089035,33.738902522861565,5.910000000000001e-05,chen2020_dfn_structured_delta_dnn
2560.0,3.392292078940739,-0.011153609503140705,0.7229806244848646,4.130269397885208,33.72661952259625,6.09e-05,chen2020_dfn_structured_delta_dnn
2565.0,3.369674766361427,-0.011309138398484797,0.7239166452532982,4.130450015084207,33.71388933892632,5.3200000000000006e-05,chen2020_dfn_structured_delta_dnn
2570.0,3.346869039939818,-0.011403357469561226,0.724846331097726,4.130607923421913,33.70071256941378,5.92e-05,chen2020_dfn_structured_delta_dnn
2575.0,3.324016339753022,-0.011426847412736474,0.7257696689698796,4.1307470808772475,33.687092894912155,5.5900000000000004e-05,chen2020_dfn_structured_delta_dnn
2580.0,3.3012733806735435,-0.011371969728518061,0.7266866893534,4.130872103709999,33.67303733385222,5.7600000000000004e-05,chen2020_dfn_structured_delta_dnn
2585.0,3.2788064188653556,-0.011233953461619262,0.7275974689141961,4.130988138145525,33.65855637202651,5.13e-05,chen2020_dfn_structured_delta_dnn
2590.0,3.2567834860921994,-0.011011911474505531,0.7285021309936661,4.131100664763391,33.643663931410345,4.69e-05,chen2020_dfn_structured_delta_dnn
2595.0,3.2353651470090017,-0.010709578968159938,0.729400843534502,4.131215245159373,33.6283771539409,9.350000000000001e-05,chen2020_dfn_structured_delta_dnn
2600.0,3.214694749625366,-0.010335566704742338,0.7302938142982868,4.131337232928242,33.61271599599547,5.9800000000000003e-05,chen2020_dfn_structured_delta_dnn
2605.0,3.1948894271227175,-0.009902984964270334,0.7311812835835988,4.131471481393452,33.596702653724606,7.070000000000001e-05,chen2020_dfn_structured_delta_dnn
2610.0,3.176033148346627,-0.009428418758125612,0.7320635150136952,4.131622085218455,33.58036086349978,5.5900000000000004e-05,chen2020_dfn_structured_delta_dnn
2615.0,3.158172845632368,-0.008930388754544327,0.7329407852485931,4.131792189724326,33.563715139801275,4.75e-05,chen2020_dfn_structured_delta_dnn
2620.0,3.1413181169334985,-0.008427563863061871,0.733813373614408,4.131983890531027,33.54679002032651,5.6300000000000006e-05,chen2020_dfn_structured_delta_dnn
2625.0,3.125444348369113,-0.007937050947537827,0.734681552600066,4.1321982299698234,33.529609383235936,5.03e-05,chen2020_dfn_structured_delta_dnn
2630.0,3.1104985212250957,-0.007473052683554138,0.7355455799670728,4.132435280217511,33.51219588603476,5.27e-05,chen2020_dfn_structured_delta_dnn
2635.0,3.0964066085328232,-0.007046072949620119,0.7364056929138877,4.132694290652398,33.49457055406555,5.31e-05,chen2020_dfn_structured_delta_dnn
2640.0,3.0830813939974373,-0.00666270585544293,0.7372621044122203,4.132973871128405,33.476752524352776,5.5e-05,chen2020_dfn_structured_delta_dnn
2645.0,3.0704297233042106,-0.006325919727255103,0.7381150015575825,4.1332750063809565,33.45876227182208,6.38e-05,chen2020_dfn_structured_delta_dnn
2650.0,3.058357297011526,-0.006036286459502382,0.7389645452511969,4.133591880783393,33.440612090440766,5.7100000000000006e-05,chen2020_dfn_structured_delta_dnn
2655.0,3.0467767927719263,-0.005790316831067066,0.739810872138078,4.133922626805466,33.42231511436586,5.56e-05,chen2020_dfn_structured_delta_dnn
2660.0,3.0356070679755303,-0.005584920464518139,0.7406540963236267,4.134265180213703,33.40388274198972,6.8e-05,chen2020_dfn_structured_delta_dnn
2665.0,3.024776208079489,-0.005415482888176337,0.7414943119369821,4.134617642872401,33.385325076602044,8.11e-05,chen2020_dfn_structured_delta_dnn
2670.0,3.0142217209544566,-0.0052772925525138015,0.7423315957483584,4.134977897064335,33.36665034521087,5.9900000000000006e-05,chen2020_dfn_structured_delta_dnn
2675.0,3.003890602131585,-0.005165605356385439,0.7431660098045062,4.1353441732927205,33.34786582543734,5.25e-05,chen2020_dfn_structured_delta_dnn
2680.0,2.9937383132741515,-0.005076188028805384,0.7439976037804156,4.1357148615888075,33.32897778415253,4.7900000000000006e-05,chen2020_dfn_structured_delta_dnn
2685.0,2.9837279294864865,-0.005005233691059596,0.7448264170941618,4.1360885210187295,33.30999163313368,4.89e-05,chen2020_dfn_structured_delta_dnn
2690.0,2.9738290644951575,-0.004949472911479902,0.7456524807231882,4.136463874178658,33.290912064727706,4.97e-05,chen2020_dfn_structured_delta_dnn
2695.0,2.9640168292677025,-0.004906156977696696,0.7464758187313182,4.1368397957503,33.27174316770453,4.83e-05,chen2020_dfn_structured_delta_dnn
2700.0,2.954270867195091,-0.0048730196080338795,0.7472964495277613,4.137215297932524,33.25248852447788,0.0001049,chen2020_dfn_structured_delta_dnn
2705.0,2.944574497880428,-0.004848222643223599,0.7481143868882835,4.137589514779208,33.23315129156299,5.78e-05,chen2020_dfn_structured_delta_dnn
2710.0,2.9349139778594417,-0.004830297576613962,0.7489296407710221,4.137962154493925,33.213735529935036,6.08e-05,chen2020_dfn_structured_delta_dnn
2715.0,2.9252775002448215,-0.0048182760936503755,0.7497422178544234,4.138331947807865,33.194242527014694,6.0100000000000004e-05,chen2020_dfn_structured_delta_dnn
2720.0,2.915655809156494,-0.004810882659125604,0.7505521222458558,4.13869836033909,33.17467449491943,5.92e-05,chen2020_dfn_structured_delta_dnn
2725.0,2.9060405809352257,-0.004807651150855408,0.7513593557405601,4.139060889877914,33.15503341749934,7.02e-05,chen2020_dfn_structured_delta_dnn
2730.0,2.8964245026451434,-0.004808076195087219,0.752163918102406,4.13941907939614,33.13532107546615,4.9300000000000006e-05,chen2020_dfn_structured_delta_dnn
2735.0,2.8868009336865446,-0.004811821615996914,0.7529658072506522,4.139772510649467,33.11553906520555,4.86e-05,chen2020_dfn_structured_delta_dnn
2740.0,2.87716364989851,-0.004818679189716346,0.753765019375624,4.140120796969454,33.09568881236174,5.95e-05,chen2020_dfn_structured_delta_dnn
2745.0,2.8675066226739845,-0.0048285511376515156,0.7545615489930335,4.140463575880215,33.07577158083228,4.78e-05,chen2020_dfn_structured_delta_dnn
2750.0,2.857823827599855,-0.004841435363645508,0.7553553889451444,4.140800501986537,33.055788477778094,4.85e-05,chen2020_dfn_structured_delta_dnn
2755.0,2.8481090760886474,-0.004857413957946588,0.756146530355169,4.1411312402600196,33.035740455159385,4.52e-05,chen2020_dfn_structured_delta_dnn
2760.0,2.8383558650679634,-0.004876644168202826,0.7569349625399101,4.141455459719189,33.01562830820865,4.9600000000000006e-05,chen2020_dfn_structured_delta_dnn
2765.0,2.8285572409882196,-0.004899351240254257,0.757720672884629,4.141772827484276,32.995452671189184,6.8e-05,chen2020_dfn_structured_delta_dnn
2770.0,2.8187056753876587,-0.0049258226395017535,0.7585036466833477,4.142083003168455,32.975214010729246,5.66e-05,chen2020_dfn_structured_delta_dnn
2775.0,2.808792950043756,-0.004956403257776354,0.7592838669472487,4.142385633576765,32.95491261698277,5.84e-05,chen2020_dfn_structured_delta_dnn
2780.0,2.798810050370823,-0.004991491290364136,0.7600613141834628,4.142680347679202,32.93454859283918,5.7300000000000004e-05,chen2020_dfn_structured_delta_dnn
2785.0,2.7887470662281353,-0.005031534530926418,0.7608359661463041,4.142966751847715,32.914121841387725,5.55e-05,chen2020_dfn_structured_delta_dnn
2790.0,2.7785930997099997,-0.005077026880774771,0.7616077975628901,4.143244425337199,32.893632051826614,4.7900000000000006e-05,chen2020_dfn_structured_delta_dnn
2795.0,2.7683361798249986,-0.0051285049045917686,0.7623767798350636,4.143512916012677,32.87307868400882,5.8e-05,chen2020_dfn_structured_delta_dnn
2800.0,2.757963184254149,-0.0051865442913560655,0.7631428807195785,4.143771736329949,32.85246095181185,5.0900000000000004e-05,chen2020_dfn_structured_delta_dnn
2805.0,2.74745976862864,-0.005251756095015325,0.763906063988642,4.14402035956641,32.83177780553211,5.6000000000000006e-05,chen2020_dfn_structured_delta_dnn
2810.0,2.736810303996498,-0.005324782640571624,0.7646662890730855,4.144258216335537,32.8110279135073,6.47e-05,chen2020_dfn_structured_delta_dnn
2815.0,2.725997823370538,-0.005406292984081629,0.7654235106906884,4.144484691403386,32.79020964319659,7.55e-05,chen2020_dfn_structured_delta_dnn
2820.0,2.7150039784704196,-0.005496977816352389,0.7661776784624856,4.1446986770751995,32.76931948836159,5.910000000000001e-05,chen2020_dfn_structured_delta_dnn
2825.0,2.7038092486262846,-0.005597423379235855,0.766928736587104,4.1449000197977774,32.748356665196866,5.61e-05,chen2020_dfn_structured_delta_dnn
2830.0,2.692392232386562,-0.005708570128915291,0.7676766233183225,4.145087901504277,32.72731853442343,4.63e-05,chen2020_dfn_structured_delta_dnn
2835.0,2.680730282140798,-0.005831041209141352,0.7684212706189173,4.1452614769989005,32.706202076900354,4.6e-05,chen2020_dfn_structured_delta_dnn
2840.0,2.6687993424808947,-0.005965540595516794,0.7691626037696064,4.145419854321238,32.68500387758479,6.560000000000001e-05,chen2020_dfn_structured_delta_dnn
2845.0,2.6565739704485667,-0.006112762151233353,0.7699005409836199,4.145562089625145,32.66372010989471,5.5100000000000004e-05,chen2020_dfn_structured_delta_dnn
2850.0,2.6440273892778516,-0.00627337288069213,0.7706349930361972,4.145687185512493,32.642346521676245,4.7900000000000006e-05,chen2020_dfn_structured_delta_dnn
2855.0,2.631131567911907,-0.006448000043683788,0.7713658629161728,4.1457940911305,32.620878423398324,5.0700000000000006e-05,chen2020_dfn_structured_delta_dnn
2860.0,2.617857328502687,-0.006637217165231302,0.7720930455074236,4.14588170359951,32.59931067914994,5.4800000000000004e-05,chen2020_dfn_structured_delta_dnn
2865.0,2.6041744849387696,-0.00684152852265707,0.7728164273087955,4.1459488706537195,32.577637701040715,6.790000000000001e-05,chen2020_dfn_structured_delta_dnn
2870.0,2.5900520154783035,-0.007061352093903628,0.7735358862019839,4.145994394511721,32.55585344763392,4.94e-05,chen2020_dfn_structured_delta_dnn
2875.0,2.5754582723635653,-0.007297001067196662,0.7742512912776404,4.14601703703513,32.5339514270799,4.5600000000000004e-05,chen2020_dfn_structured_delta_dnn
2880.0,2.5603612308511767,-0.0075486641330836934,0.7749625027306546,4.146015526255244,32.5119247056287,0.000143,chen2020_dfn_structured_delta_dnn
2885.0,2.544728779351766,-0.007816384928769904,0.7756693718360302,4.145988564341787,32.48976592220504,4.8e-05,chen2020_dfn_structured_delta_dnn
2890.0,2.528529051269196,-0.00810004118633828,0.7763717410169384,4.145934699592136,32.46746688861788,5.6200000000000004e-05,chen2020_dfn_structured_delta_dnn
2895.0,2.511730832544335,-0.008399306875954027,0.7770694440259786,4.145852782113073,32.445019867870656,4.88e-05,chen2020_dfn_structured_delta_dnn
2900.0,2.49430387463151,-0.008713699489262594,0.7777623062133762,4.145741486163358,32.42241637739738,4.5900000000000004e-05,chen2020_dfn_structured_delta_dnn
2905.0,2.4762194223498746,-0.00904247258929769,0.7784501449418066,4.145599513706373,32.3996476374474,4.7300000000000005e-05,chen2020_dfn_structured_delta_dnn
2910.0,2.4574506622866354,-0.009384655529622199,0.779132770125775,4.1454229554509485,32.376698138459915,5.22e-05,chen2020_dfn_structured_delta_dnn
2915.0,2.437973601856849,-0.009738838096473579,0.7798099850151797,4.145213932094969,32.353564901962784,5.33e-05,chen2020_dfn_structured_delta_dnn
2920.0,2.417766425086519,-0.010103932206072086,0.7804815867999261,4.144971001134152,32.33023866461059,5.5700000000000005e-05,chen2020_dfn_structured_delta_dnn
2925.0,2.3968109218415745,-0.010478135075040695,0.7811473676115487,4.144692980647752,32.306710107699985,4.8700000000000005e-05,chen2020_dfn_structured_delta_dnn
2930.0,2.3750927048097163,-0.010859535382350516,0.7818071155851071,4.144378847917041,32.28296994931645,5.0600000000000003e-05,chen2020_dfn_structured_delta_dnn
2935.0,2.352601540214743,-0.01124605638393894,0.7824606160129443,4.1440277239560634,32.25900903434376,7.6e-05,chen2020_dfn_structured_delta_dnn
2940.0,2.329331629372339,-0.011635480480305938,0.7831076525766588,4.14363887439756,32.23481842614933,5.7100000000000006e-05,chen2020_dfn_structured_delta_dnn
2945.0,2.305281802629651,-0.012025493016612931,0.7837480086329448,4.143211714592739,32.21038949884928,4.9600000000000006e-05,chen2020_dfn_structured_delta_dnn
2950.0,2.28045561414202,-0.012413731859595933,0.7843814685257621,4.142745814828482,32.18571402830878,5.27e-05,chen2020_dfn_structured_delta_dnn
2955.0,2.2548613409849976,-0.012797835228790522,0.7850078188982579,4.142240904124381,32.16078428000236,4.88e-05,chen2020_dfn_structured_delta_dnn
2960.0,2.2285119076981896,-0.013175478981859112,0.7856268499837297,4.1416968723784695,32.135593092205795,4.91e-05,chen2020_dfn_structured_delta_dnn
2965.0,2.201424780663465,-0.013544391698609992,0.7862383568672473,4.141113771645728,32.110133953696334,5.1200000000000004e-05,chen2020_dfn_structured_delta_dnn
2970.0,2.1736219072420053,-0.013902332298524223,0.7868421407303701,4.14049181841404,32.08440107627149,4.57e-05,chen2020_dfn_structured_delta_dnn
2975.0,2.145129813878548,-0.014247010543427807,0.7874380101231143,4.13983140008073,32.05838946402213,5.16e-05,chen2020_dfn_structured_delta_dnn
2980.0,2.1159800273810796,-0.01457592541640329,0.7880257823529423,4.139133090485645,32.03209498350583,5.3400000000000004e-05,chen2020_dfn_structured_delta_dnn
2985.0,2.086210046567999,-0.014886089873447084,0.7886052851436556,4.138397681515277,32.00551444185112,4.5400000000000006e-05,chen2020_dfn_structured_delta_dnn
2990.0,2.0558651692177077,-0.01517360308241733,0.7891763588017718,4.137626240462665,31.978645683468812,5.520000000000001e-05,chen2020_dfn_structured_delta_dnn
2995.0,2.0250015706972615,-0.015433024413711971,0.7897388592380765,4.136820206085881,31.951487720505952,4.9600000000000006e-05,chen2020_dfn_structured_delta_dnn
3000.0,1.9936911264450772,-0.0156565012726827,0.7902926623287555,4.135981539902506,31.92404091732692,5.4800000000000004e-05,chen2020_dfn_structured_delta_dnn
3005.0,1.9620285418700747,-0.015832615084381385,0.7908376702570529,4.135112952396582,31.896307254665714,7.000000000000001e-05,chen2020_dfn_structured_delta_dnn
3010.0,1.9301413315757339,-0.015944956300330437,0.791373820626935,4.134218224536054,31.86829070333073,5.7700000000000007e-05,chen2020_dfn_structured_delta_dnn
3015.0,1.8982029342457658,-0.01597055633608757,0.7919010992197811,4.133302639041686,31.839997737557894,5.2300000000000004e-05,chen2020_dfn_structured_delta_dnn
3020.0,1.8664485083622424,-0.01587854728404481,0.7924195571387707,4.132373515539545,31.811438008747075,6.08e-05,chen2020_dfn_structured_delta_dnn
3025.0,1.8351913544563097,-0.015629849578711386,0.7929293325150085,4.131440797060205,31.7826251722268,4.7600000000000005e-05,chen2020_dfn_structured_delta_dnn
3030.0,1.8048350785087406,-0.015179303693846458,0.7934306755923722,4.130517549417165,31.75357780083931,4.77e-05,chen2020_dfn_structured_delta_dnn
3035.0,1.7758726307641108,-0.014482236265462967,0.7939239735453621,4.12962010863648,31.72432022033979,5.7400000000000006e-05,chen2020_dfn_structured_delta_dnn
3040.0,1.7488597617410588,-0.013507255899681048,0.7944097679236235,4.128767485789839,31.694882972576238,5.27e-05,chen2020_dfn_structured_delta_dnn
3045.0,1.7243514238650972,-0.012254782374274131,0.7948887544302529,4.12797963496462,31.66530250807739,4.83e-05,chen2020_dfn_structured_delta_dnn
3050.0,1.7028014399003935,-0.010775409005216119,0.7953617548302253,4.127274501405328,31.635619745966608,4.9300000000000006e-05,chen2020_dfn_structured_delta_dnn
3055.0,1.6844505345189749,-0.009175710194237907,0.7958296577564805,4.126664486539793,31.60587744246584,4.52e-05,chen2020_dfn_structured_delta_dnn
3060.0,1.6692528178140356,-0.007599004616938798,0.7962933390947622,4.126153761559824,31.576116858449097,4.7000000000000004e-05,chen2020_dfn_structured_delta_dnn
3065.0,1.6568879149922953,-0.00618253018268311,0.7967535857378155,4.125737915922607,31.54637469677357,4.85e-05,chen2020_dfn_structured_delta_dnn
3070.0,1.6468606020542276,-0.005013698478679163,0.797211047016164,4.125406236938938,31.51668124811158,4.6800000000000006e-05,chen2020_dfn_structured_delta_dnn
3075.0,1.638634330924681,-0.00411315876019247,0.7976662232191987,4.125147701652452,31.48706887525873,4.85e-05,chen2020_dfn_structured_delta_dnn
3080.0,1.6317334198488704,-0.0034504692313008234,0.79811948250249,4.1249460575066,31.45754662109897,4.7000000000000004e-05,chen2020_dfn_structured_delta_dnn
3085.0,1.6257837450379653,-0.002974846180930024,0.798571089098334,4.124790464237063,31.428127917080417,7.82e-05,chen2020_dfn_structured_delta_dnn
3090.0,1.620511162186127,-0.002636297533381682,0.7990212310878301,4.12467234779131,31.398823832890628,4.66e-05,chen2020_dfn_structured_delta_dnn
3095.0,1.615720221969017,-0.00239547469052781,0.7994700422605991,4.1245841927191735,31.36963891587783,4.9000000000000005e-05,chen2020_dfn_structured_delta_dnn
3100.0,1.6112724022963567,-0.002223913502660213,0.7999176179279036,4.124520555128271,31.340578087742756,5.27e-05,chen2020_dfn_structured_delta_dnn
