scenario_id,scenario_kind,initial_soc,ambient_temperature_c,capacity_multiplier,resistance_multiplier,time_constant_multiplier,heat_capacity_multiplier,thermal_resistance_multiplier,heat_gain_multiplier,soc_bias,temperature_bias_c,polarization_fast_bias_v,polarization_slow_bias_v,noise_scale,controller,controller_declared_complete,completion_success,physical_safe,teacher_feasible,charge_time_min,final_true_soc,terminal_true_soc_error,maximum_voltage_v,maximum_temperature_c,maximum_current_a,maximum_current_change_a,optimization_count,optimizer_success_fraction,fallback_count,mean_solve_time_ms,maximum_solve_time_ms,required_optimizer_success_fraction,maximum_allowed_fallback_count,voltage_limit_exceeded,temperature_limit_exceeded,current_limit_exceeded,current_change_limit_exceeded,active_voltage_constraint_count,active_voltage_constraint_fraction,active_temperature_constraint_count,active_temperature_constraint_fraction,active_current_upper_constraint_count,active_current_upper_constraint_fraction,active_current_change_constraint_count,active_current_change_constraint_fraction,infeasibility_reasons
corner_cold_resistive,directed_corner,0.1,15.0,1.0,1.2,1.2,1.0,1.0,1.0,0.0,0.0,-0.005,-0.005,1.0,nominal_mpc,True,True,False,False,44.083333333333336,0.8022235370156638,0.0022235370156638,4.1865972392878135,33.87453116073899,10.0,6.76058390927369,149,0.8859060402684564,17,960.5961127515104,4730.735099998128,0.95,0,False,False,False,True,71,0.4765100671140939,97,0.6510067114093959,8,0.0536912751677852,53,0.3557046979865771,current_change_violation;optimizer_success_fraction;mpc_fallback
corner_cold_resistive,directed_corner,0.1,15.0,1.0,1.2,1.2,1.0,1.0,1.0,0.0,0.0,-0.005,-0.005,1.0,oracle_mpc,True,True,False,False,44.41666666666666,0.8010861047311214,0.0010861047311213,4.152490996625159,33.74299916041943,10.0,6.230536266126139,134,0.9253731343283582,10,739.3894850751736,4589.407300001767,0.95,0,False,False,False,True,69,0.5149253731343284,81,0.6044776119402985,7,0.0522388059701492,34,0.2537313432835821,current_change_violation;optimizer_success_fraction;mpc_fallback
corner_hot_resistive_optimistic,directed_corner,0.1,30.0,0.9,1.2,1.0,0.85,1.2,1.1,0.005,-0.5,-0.005,-0.005,1.0,nominal_mpc,False,False,False,False,60.0,0.5331809203334636,-0.2668190796665364,3.930582661297195,34.65378349494783,6.528393566290857,3.74569676147804,205,0.6,82,1753.3774478046903,7144.567099996493,0.95,0,False,False,False,True,0,0.0,205,1.0,0,0.0,76,0.3707317073170731,target_not_reached;current_change_violation;optimizer_success_fraction;mpc_fallback
corner_hot_resistive_optimistic,directed_corner,0.1,30.0,0.9,1.2,1.0,0.85,1.2,1.1,0.005,-0.5,-0.005,-0.005,1.0,oracle_mpc,False,False,False,False,60.0,0.5686121870581766,-0.2313878129418234,3.9393867435924936,34.40327660793239,5.447229388717648,2.8139582452011447,178,0.7584269662921348,43,1129.2867938199165,6712.564300003578,0.95,0,False,False,False,True,1,0.0056179775280898,178,1.0,0,0.0,42,0.2359550561797752,target_not_reached;current_change_violation;optimizer_success_fraction;mpc_fallback
corner_observer_optimistic,directed_corner,0.3,25.0,1.0,1.0,1.0,1.0,1.0,1.0,0.005,-0.5,-0.005,-0.005,1.0,nominal_mpc,True,True,False,False,37.16666666666666,0.7948609302307993,-0.0051390697692007,4.145202463665768,34.2440085584997,9.999999999999998,4.987292204741474,118,0.8728813559322034,15,1020.7557499999308,7246.326000000408,0.95,0,False,False,False,True,46,0.3898305084745763,90,0.7627118644067796,2,0.0169491525423728,36,0.3050847457627119,current_change_violation;optimizer_success_fraction;mpc_fallback
corner_observer_optimistic,directed_corner,0.3,25.0,1.0,1.0,1.0,1.0,1.0,1.0,0.005,-0.5,-0.005,-0.005,1.0,oracle_mpc,True,True,False,False,37.16666666666666,0.7948609302307993,-0.0051390697692007,4.145202463665768,34.2440085584997,9.999999999999998,4.987292204741474,118,0.8728813559322034,15,1016.007760169502,4767.44769999641,0.95,0,False,False,False,True,46,0.3898305084745763,90,0.7627118644067796,2,0.0169491525423728,36,0.3050847457627119,current_change_violation;optimizer_success_fraction;mpc_fallback
corner_observer_pessimistic,directed_corner,0.3,25.0,1.0,1.0,1.0,1.0,1.0,1.0,-0.005,0.5,0.005,0.005,1.0,nominal_mpc,True,True,False,False,40.083333333333336,0.8021160890029344,0.0021160890029343,4.143349283621974,33.35005618755169,9.572709447538733,4.649852270717373,129,0.8682170542635659,17,1119.743176744398,6738.336399997934,0.95,0,False,False,False,True,48,0.3720930232558139,102,0.7906976744186046,0,0.0,41,0.3178294573643411,current_change_violation;optimizer_success_fraction;mpc_fallback
corner_observer_pessimistic,directed_corner,0.3,25.0,1.0,1.0,1.0,1.0,1.0,1.0,-0.005,0.5,0.005,0.005,1.0,oracle_mpc,True,True,False,False,40.083333333333336,0.8021160890029344,0.0021160890029343,4.143349283621974,33.35005618755169,9.572709447538733,4.649852270717373,129,0.8682170542635659,17,1174.1911542638884,7159.230999997817,0.95,0,False,False,False,True,48,0.3720930232558139,102,0.7906976744186046,0,0.0,41,0.3178294573643411,current_change_violation;optimizer_success_fraction;mpc_fallback
lhs_000,latin_hypercube,0.1261787594640073,17.197093080890664,0.9251706122666652,1.1058862750601826,0.8497595631788353,0.921000016755584,0.9134428748621496,1.023286497566416,-0.0019167610650933,-0.1699547282144091,0.0041265247862589,-0.0008546257208345,1.0,nominal_mpc,True,True,False,False,38.16666666666666,0.8012742311339767,0.0012742311339766,4.160837872033598,34.01661752534032,10.0,6.428109751310772,117,0.9316239316239316,8,892.1321512818829,5266.817099996842,0.95,0,False,False,False,True,59,0.5042735042735043,72,0.6153846153846154,6,0.0512820512820512,31,0.2649572649572649,current_change_violation;optimizer_success_fraction;mpc_fallback
lhs_000,latin_hypercube,0.1261787594640073,17.197093080890664,0.9251706122666652,1.1058862750601826,0.8497595631788353,0.921000016755584,0.9134428748621496,1.023286497566416,-0.0019167610650933,-0.1699547282144091,0.0041265247862589,-0.0008546257208345,1.0,oracle_mpc,True,True,False,False,38.91666666666666,0.8008272129241437,0.0008272129241436,4.145194157819108,34.03076679002537,10.0,5.42540832232534,115,0.9391304347826088,7,827.9086634779284,3501.692300000286,0.95,0,False,False,False,True,62,0.5391304347826087,72,0.6260869565217392,5,0.0434782608695652,27,0.2347826086956521,current_change_violation;optimizer_success_fraction;mpc_fallback
lhs_001,latin_hypercube,0.1447699427665032,22.460928663984188,1.0811353138604347,1.0660024965447432,0.9959626592611058,0.8846940905885763,1.0794193022653285,1.007714679691327,-0.0004777844742882,-0.1138401732280546,-0.0006265000995984,-0.0017640630404429,1.0,nominal_mpc,True,True,False,False,53.083333333333336,0.7979158942528598,-0.0020841057471402,4.153812004062157,34.09962524309393,10.0,5.624969967426744,189,0.8253968253968254,33,1358.1132518519307,7247.729000002437,0.95,0,False,False,False,True,62,0.328042328042328,155,0.8201058201058201,2,0.0105820105820105,76,0.4021164021164021,current_change_violation;optimizer_success_fraction;mpc_fallback
lhs_001,latin_hypercube,0.1447699427665032,22.460928663984188,1.0811353138604347,1.0660024965447432,0.9959626592611058,0.8846940905885763,1.0794193022653285,1.007714679691327,-0.0004777844742882,-0.1138401732280546,-0.0006265000995984,-0.0017640630404429,1.0,oracle_mpc,True,True,False,False,53.083333333333336,0.7978330020211323,-0.0021669979788677,4.145454042666962,34.06441467881472,10.0,4.963405416804757,165,0.8545454545454545,24,1137.517153333421,7577.766000002157,0.95,0,False,False,False,True,49,0.296969696969697,131,0.793939393939394,2,0.0121212121212121,46,0.2787878787878788,current_change_violation;optimizer_success_fraction;mpc_fallback
lhs_002,latin_hypercube,0.2038654924119328,28.712054372962264,1.0569376857315438,0.8055939690477061,0.8179525606438596,1.1126136728699767,0.8448054285619114,0.9524780116663104,0.0028361644023803,0.0529482938760503,-0.0025449250853056,0.0034021572621895,1.0,nominal_mpc,True,True,False,False,51.66666666666666,0.7951088920386838,-0.0048911079613161,4.120630747340875,33.48086951652373,7.633405125552629,3.559919369333933,137,0.9343065693430656,9,721.2773927010618,4961.395700003777,0.95,0,False,False,False,True,25,0.1824817518248175,119,0.8686131386861314,0,0.0,16,0.1167883211678832,current_change_violation;optimizer_success_fraction;mpc_fallback
lhs_002,latin_hypercube,0.2038654924119328,28.712054372962264,1.0569376857315438,0.8055939690477061,0.8179525606438596,1.1126136728699767,0.8448054285619114,0.9524780116663104,0.0028361644023803,0.0529482938760503,-0.0025449250853056,0.0034021572621895,1.0,oracle_mpc,True,True,False,False,52.25,0.7956682101140509,-0.0043317898859491,4.137433987757962,33.774480368658025,9.070115818035951,4.880179200053466,171,0.8128654970760234,32,1430.5818701756584,8013.573299998825,0.95,0,False,False,False,True,32,0.1871345029239766,158,0.9239766081871345,0,0.0,56,0.327485380116959,current_change_violation;optimizer_success_fraction;mpc_fallback
lhs_003,latin_hypercube,0.2314004746366455,15.674735475846893,1.0016242407810003,1.1081289270466834,1.1065329898121432,1.1273397130178622,1.1460845641746835,1.0925201836937373,0.001314581596156,-0.0856540979569112,-0.0026777918543491,-0.0019726419469829,1.0,nominal_mpc,True,True,False,False,36.41666666666666,0.7997988600784884,-0.0002011399215116,4.1641955460561695,33.951291731546625,10.0,6.814168702725771,127,0.8740157480314961,16,946.9623425198575,6909.056500000588,0.95,0,False,False,False,True,79,0.6220472440944882,78,0.6141732283464567,8,0.0629921259842519,49,0.3858267716535433,current_change_violation;optimizer_success_fraction;mpc_fallback
lhs_003,latin_hypercube,0.2314004746366455,15.674735475846893,1.0016242407810003,1.1081289270466834,1.1065329898121432,1.1273397130178622,1.1460845641746835,1.0925201836937373,0.001314581596156,-0.0856540979569112,-0.0026777918543491,-0.0019726419469829,1.0,oracle_mpc,True,True,False,False,36.833333333333336,0.7995076728134871,-0.0004923271865129,4.146059079823356,33.79115067444216,10.0,5.215226928298233,106,0.9245283018867924,8,960.4303905661992,8043.4960999991745,0.95,0,False,False,False,True,69,0.6509433962264151,61,0.5754716981132075,6,0.0566037735849056,22,0.2075471698113207,current_change_violation;optimizer_success_fraction;mpc_fallback
lhs_004,latin_hypercube,0.2648662048659354,24.61416359309012,1.0922005136225077,0.8299152661582713,0.802528879960656,0.8707172957302043,0.9796503406775942,0.9171348082820054,-0.0037272022585634,0.2838616969362018,-0.00307299626899,-0.0036808200418728,1.0,nominal_mpc,True,True,False,False,39.25,0.8030993254666134,0.0030993254666134,4.136187555629937,33.31191588880195,9.999999999999996,4.854077981202878,112,0.9375,7,998.0125374998872,6916.911300002539,0.95,0,False,False,False,True,39,0.3482142857142857,86,0.7678571428571429,2,0.0178571428571428,22,0.1964285714285714,current_change_violation;optimizer_success_fraction;mpc_fallback
lhs_004,latin_hypercube,0.2648662048659354,24.61416359309012,1.0922005136225077,0.8299152661582713,0.802528879960656,0.8707172957302043,0.9796503406775942,0.9171348082820054,-0.0037272022585634,0.2838616969362018,-0.00307299626899,-0.0036808200418728,1.0,oracle_mpc,True,True,False,False,39.25,0.8034330546463204,0.0034330546463203,4.152020458275238,33.406836029260965,10.0,5.3616494597712165,132,0.8560606060606061,19,1423.41601287874,8171.322999995027,0.95,0,False,False,False,True,41,0.3106060606060606,110,0.8333333333333334,2,0.0151515151515151,47,0.3560606060606061,current_change_violation;optimizer_success_fraction;mpc_fallback
lhs_005,latin_hypercube,0.1340854501460514,23.42121088780709,0.995996841917262,0.9246413364161464,1.0318423347625656,0.9166086866800692,0.8574901118613376,1.0701103768067626,0.0033819004844784,0.1262817956394246,0.0019843867987156,0.0049131068423569,1.0,nominal_mpc,True,True,False,False,44.833333333333336,0.7974100940980742,-0.0025899059019258,4.132508219271454,33.663507364268185,9.999999999999998,5.712247240008963,127,0.9291338582677166,9,888.2285535431103,8528.065399994375,0.95,0,False,False,False,True,45,0.3543307086614173,96,0.7559055118110236,2,0.0157480314960629,24,0.1889763779527559,current_change_violation;optimizer_success_fraction;mpc_fallback
lhs_005,latin_hypercube,0.1340854501460514,23.42121088780709,0.995996841917262,0.9246413364161464,1.0318423347625656,0.9166086866800692,0.8574901118613376,1.0701103768067626,0.0033819004844784,0.1262817956394246,0.0019843867987156,0.0049131068423569,1.0,oracle_mpc,True,True,False,False,44.75,0.7977506706076235,-0.0022493293923765,4.137217732602892,33.8186472902208,10.0,5.173930013234581,141,0.8865248226950354,16,1248.0444226953523,8713.622000002943,0.95,0,False,False,False,True,47,0.3333333333333333,117,0.8297872340425532,2,0.0141843971631205,41,0.2907801418439716,current_change_violation;optimizer_success_fraction;mpc_fallback
lhs_006,latin_hypercube,0.2001079622328006,25.492845512217453,0.9907504658716132,0.8462242696075193,1.140882483497443,1.0358190519640698,1.0573497946450217,0.9800355033964891,-0.0023842940621607,-0.3765996556727307,0.000686222624075,-0.0032729925916809,1.0,nominal_mpc,True,True,False,False,42.583333333333336,0.8023537704849195,0.0023537704849194,4.138074657518086,34.15244872287674,10.0,4.649132954478191,132,0.8787878787878788,16,1189.9530537879896,7074.119700002484,0.95,0,False,False,False,True,35,0.2651515151515151,103,0.7803030303030303,1,0.0075757575757575,37,0.2803030303030303,current_change_violation;optimizer_success_fraction;mpc_fallback
lhs_006,latin_hypercube,0.2001079622328006,25.492845512217453,0.9907504658716132,0.8462242696075193,1.140882483497443,1.0358190519640698,1.0573497946450217,0.9800355033964891,-0.0023842940621607,-0.3765996556727307,0.000686222624075,-0.0032729925916809,1.0,oracle_mpc,True,True,False,False,42.5,0.8027606529776944,0.0027606529776943,4.147701853997648,34.1397436582478,10.0,4.971297701327764,137,0.8540145985401459,20,1316.3747970798383,7059.398599994893,0.95,0,False,False,False,True,36,0.2627737226277372,116,0.8467153284671532,2,0.0145985401459854,43,0.3138686131386861,current_change_violation;optimizer_success_fraction;mpc_fallback
lhs_007,latin_hypercube,0.1847941070989973,26.42479849223868,0.9012104664875864,0.9933638550800477,0.8092404308478457,0.9352660554268336,0.904909101222733,1.0421043582611285,-0.0018142764883305,0.3156588857669745,0.0009865417206055,-0.0014895457079963,1.0,nominal_mpc,True,True,False,False,47.0,0.802437145956383,0.002437145956383,4.14848251735798,33.496928877775446,8.868773962189373,4.732467282069026,154,0.8441558441558441,24,1509.819774026066,7311.60760000057,0.95,0,False,False,False,True,34,0.2207792207792207,130,0.8441558441558441,0,0.0,51,0.3311688311688311,current_change_violation;optimizer_success_fraction;mpc_fallback
lhs_007,latin_hypercube,0.1847941070989973,26.42479849223868,0.9012104664875864,0.9933638550800477,0.8092404308478457,0.9352660554268336,0.904909101222733,1.0421043582611285,-0.0018142764883305,0.3156588857669745,0.0009865417206055,-0.0014895457079963,1.0,oracle_mpc,True,True,False,False,47.333333333333336,0.8020019918709238,0.0020019918709237,4.148956463689284,33.51087962084989,8.825545185867146,4.860826994520683,172,0.8081395348837209,33,1618.5347343020285,7684.001799992984,0.95,0,False,False,False,True,40,0.2325581395348837,148,0.8604651162790697,0,0.0,72,0.4186046511627907,current_change_violation;optimizer_success_fraction;mpc_fallback
lhs_008,latin_hypercube,0.2850743526569496,25.247844139764343,1.013193552500972,0.9681719505898942,1.1514130570941534,1.0253018806427876,0.8900724529133812,0.9226733971656388,0.0010984207459157,-0.4967800521857332,0.0025964444747773,-0.0001355713399718,1.0,nominal_mpc,True,True,True,True,35.5,0.795604142018705,-0.004395857981295,4.1406268583856765,33.95018024864489,10.0,2.000000000000004,90,1.0,0,564.7712011109332,1690.3070999978809,0.95,0,False,False,False,False,34,0.3777777777777777,63,0.7,2,0.0222222222222222,5,0.0555555555555555,none
lhs_008,latin_hypercube,0.2850743526569496,25.247844139764343,1.013193552500972,0.9681719505898942,1.1514130570941534,1.0253018806427876,0.8900724529133812,0.9226733971656388,0.0010984207459157,-0.4967800521857332,0.0025964444747773,-0.0001355713399718,1.0,oracle_mpc,True,True,False,False,35.5,0.7957307707608989,-0.0042692292391011,4.143813010505504,34.11698638700764,10.0,5.150027697009056,110,0.9181818181818182,9,1249.8354627271924,7750.807000003988,0.95,0,False,False,False,True,45,0.4090909090909091,81,0.7363636363636363,2,0.0181818181818181,30,0.2727272727272727,current_change_violation;optimizer_success_fraction;mpc_fallback
lhs_009,latin_hypercube,0.2954608700331405,17.09773326519801,0.9344603649945196,0.8656171584085884,1.1686722467239663,0.9799287498108844,0.9553231346037476,0.9829224197694418,0.0046314053571494,0.3312648500799798,0.002448548021341,-0.0024527968539761,1.0,nominal_mpc,True,True,False,False,26.5,0.7966981491549524,-0.0033018508450476,4.1305488803544215,32.9633977175311,10.0,5.9573754961699965,71,0.9859154929577464,1,539.3370112676205,2124.6122000011383,0.95,0,False,False,False,True,55,0.7746478873239436,29,0.4084507042253521,8,0.1126760563380281,9,0.1267605633802817,current_change_violation;mpc_fallback
lhs_009,latin_hypercube,0.2954608700331405,17.09773326519801,0.9344603649945196,0.8656171584085884,1.1686722467239663,0.9799287498108844,0.9553231346037476,0.9829224197694418,0.0046314053571494,0.3312648500799798,0.002448548021341,-0.0024527968539761,1.0,oracle_mpc,True,True,False,False,24.75,0.7937268259290141,-0.0062731740709859,4.142241604000389,33.124581066146355,10.0,6.5688215928379785,70,0.9714285714285714,2,880.2737914285639,4089.052100003755,0.95,0,False,False,False,True,51,0.7285714285714285,27,0.3857142857142857,11,0.1571428571428571,13,0.1857142857142857,current_change_violation;mpc_fallback
lhs_010,latin_hypercube,0.1917080401700475,28.89290919230868,0.9235432616970743,0.8168596193054966,0.906537285223686,0.96677413374094,1.0220594621147512,0.9096934353432284,0.0041672134288331,-0.4315320858710706,0.0045065944428158,0.0047851286725165,1.0,nominal_mpc,True,True,False,False,48.583333333333336,0.7967893477085733,-0.0032106522914266,4.119883951455758,34.05854950577713,7.433938180827812,4.0114074972332965,134,0.9029850746268656,13,1006.37179552294,6982.750600000145,0.95,0,False,False,False,True,29,0.2164179104477611,118,0.8805970149253731,0,0.0,21,0.1567164179104477,current_change_violation;optimizer_success_fraction;mpc_fallback
lhs_010,latin_hypercube,0.1917080401700475,28.89290919230868,0.9235432616970743,0.8168596193054966,0.906537285223686,0.96677413374094,1.0220594621147512,0.9096934353432284,0.0041672134288331,-0.4315320858710706,0.0045065944428158,0.0047851286725165,1.0,oracle_mpc,True,True,False,False,50.583333333333336,0.7964257405295734,-0.0035742594704266,4.132412794456371,34.216536578063234,8.263115185775838,4.222832494922552,154,0.8181818181818182,28,1504.1396402595708,7828.82210000389,0.95,0,False,False,False,True,27,0.1753246753246753,138,0.8961038961038961,0,0.0,40,0.2597402597402597,current_change_violation;optimizer_success_fraction;mpc_fallback
lhs_011,latin_hypercube,0.1881504997616224,15.11203657233658,1.008881518529197,1.0047831617971454,0.9861601215768409,0.8562946388374155,1.0973840513925543,1.0548405031154722,-0.002163984699174,-0.3992962625745801,-0.0009167094393001,0.0024561766672019,1.0,nominal_mpc,True,True,False,False,37.25,0.8009057367116266,0.0009057367116265,4.143437549139993,34.34591668609154,10.0,6.428733818413644,120,0.9,12,1124.891192499308,7653.901999998197,0.95,0,False,False,False,True,60,0.5,71,0.5916666666666667,8,0.0666666666666666,38,0.3166666666666666,current_change_violation;optimizer_success_fraction;mpc_fallback
lhs_011,latin_hypercube,0.1881504997616224,15.11203657233658,1.008881518529197,1.0047831617971454,0.9861601215768409,0.8562946388374155,1.0973840513925543,1.0548405031154722,-0.002163984699174,-0.3992962625745801,-0.0009167094393001,0.0024561766672019,1.0,oracle_mpc,True,True,False,False,37.0,0.8021809526207095,0.0021809526207094,4.142761062947439,34.17584906864791,10.0,5.872791793661644,110,0.9363636363636364,7,1121.187699999758,7630.818199999339,0.95,0,False,False,False,True,51,0.4636363636363636,69,0.6272727272727273,6,0.0545454545454545,26,0.2363636363636363,current_change_violation;optimizer_success_fraction;mpc_fallback
lhs_012,latin_hypercube,0.2196424683029835,20.94254808338244,0.942525151998616,0.8765169112056466,0.9221522396613288,0.9535143752691166,0.9098969634644448,0.9332169507086998,0.0008863313198978,0.4247612321814347,0.0005459740865835,0.0029298805200118,1.0,nominal_mpc,True,True,True,True,33.25,0.805283395128696,0.0052833951286959,4.129235773309816,33.17934053404936,10.0,2.000000000000001,84,1.0,0,633.6615619043836,2713.721399995848,0.95,0,False,False,False,False,39,0.4642857142857143,49,0.5833333333333334,4,0.0476190476190476,5,0.0595238095238095,none
lhs_012,latin_hypercube,0.2196424683029835,20.94254808338244,0.942525151998616,0.8765169112056466,0.9221522396613288,0.9535143752691166,0.9098969634644448,0.9332169507086998,0.0008863313198978,0.4247612321814347,0.0005459740865835,0.0029298805200118,1.0,oracle_mpc,True,True,False,False,33.5,0.8051384035026588,0.0051384035026587,4.138582849559684,33.5324568292089,10.0,6.296239678925689,106,0.9339622641509434,7,1151.5165009432335,6801.652599999215,0.95,0,False,False,False,True,51,0.4811320754716981,68,0.6415094339622641,6,0.0566037735849056,32,0.3018867924528302,current_change_violation;optimizer_success_fraction;mpc_fallback
lhs_013,latin_hypercube,0.2619161548315484,17.483023870714703,1.0430609183839894,1.0565018895231435,1.0157099155524103,1.133508111460109,1.1311398342385568,0.909243232598036,0.0026650765084488,-0.109123157750941,-0.0047879517637172,-0.00255195707476,1.0,nominal_mpc,True,True,False,False,33.083333333333336,0.7969699624522869,-0.0030300375477131,4.153391952597655,33.7845174178746,10.0,5.584726837478383,96,0.9583333333333334,4,812.0664510411947,6571.395999999368,0.95,0,False,False,False,True,62,0.6458333333333334,53,0.5520833333333334,7,0.0729166666666666,20,0.2083333333333333,current_change_violation;mpc_fallback
lhs_013,latin_hypercube,0.2619161548315484,17.483023870714703,1.0430609183839894,1.0565018895231435,1.0157099155524103,1.133508111460109,1.1311398342385568,0.909243232598036,0.0026650765084488,-0.109123157750941,-0.0047879517637172,-0.00255195707476,1.0,oracle_mpc,True,True,False,False,33.166666666666664,0.7969754003500895,-0.0030245996499105,4.1475923609591,33.77345041589034,10.0,5.931885841691298,94,0.946808510638298,5,855.9424893615831,7376.86119999853,0.95,0,False,False,False,True,68,0.723404255319149,48,0.5106382978723404,8,0.0851063829787234,18,0.1914893617021276,current_change_violation;optimizer_success_fraction;mpc_fallback
lhs_014,latin_hypercube,0.2660204770554984,16.834726250340697,1.0708004778674836,0.8357300308815048,1.1567165763078384,0.9468050095798668,0.9201373804633411,0.9948039123259508,-0.0034772199940936,-0.4416742397043038,0.0003347640434958,-0.004433629744683,1.0,nominal_mpc,True,True,False,False,30.666666666666668,0.7999655163200892,-3.448367991087942e-05,4.136092679167913,33.886574604615,10.0,6.330277979135209,80,0.9875,1,667.6844425002855,2750.1215000011143,0.95,0,False,False,False,True,53,0.6625,35,0.4375,10,0.125,8,0.1,current_change_violation;mpc_fallback
lhs_014,latin_hypercube,0.2660204770554984,16.834726250340697,1.0708004778674836,0.8357300308815048,1.1567165763078384,0.9468050095798668,0.9201373804633411,0.9948039123259508,-0.0034772199940936,-0.4416742397043038,0.0003347640434958,-0.004433629744683,1.0,oracle_mpc,True,True,False,False,28.916666666666668,0.800819170521368,0.0008191705213679,4.153109977857921,34.18313198952876,10.0,6.937084493518666,86,0.9302325581395348,6,1037.0444162792917,7393.110299999535,0.95,0,False,False,False,True,51,0.5930232558139535,42,0.4883720930232558,12,0.1395348837209302,20,0.2325581395348837,current_change_violation;optimizer_success_fraction;mpc_fallback
lhs_015,latin_hypercube,0.1470050007765928,27.28581954923037,0.9737914906027598,1.051621832261186,1.1907977960377878,1.091601398976092,1.1392670859508534,1.0783624268161538,-0.0001999357942903,0.2233056738239838,-0.0004921065452453,0.003509972954744,1.0,nominal_mpc,False,False,False,False,60.0,0.7307168786154343,-0.0692831213845657,4.140396109826559,33.69013708461503,8.194152828528228,4.776847277061722,213,0.704225352112676,63,1724.9602295770944,7439.484300004551,0.95,0,False,False,False,True,26,0.1220657276995305,213,1.0,0,0.0,86,0.4037558685446009,target_not_reached;current_change_violation;optimizer_success_fraction;mpc_fallback
lhs_015,latin_hypercube,0.1470050007765928,27.28581954923037,0.9737914906027598,1.051621832261186,1.1907977960377878,1.091601398976092,1.1392670859508534,1.0783624268161538,-0.0001999357942903,0.2233056738239838,-0.0004921065452453,0.003509972954744,1.0,oracle_mpc,False,False,False,False,60.0,0.755828045293479,-0.044171954706521,4.1360438004026445,33.59326435846602,7.89467135642528,3.756758098081008,184,0.7880434782608695,39,1327.6622891301529,7830.3245000061,0.95,0,False,False,False,True,23,0.125,178,0.967391304347826,0,0.0,49,0.266304347826087,target_not_reached;current_change_violation;optimizer_success_fraction;mpc_fallback
lhs_016,latin_hypercube,0.2583983988085057,25.653841998313347,1.076807215387398,1.1398287594619028,0.8713004713064227,1.0606133700526668,0.8033360533703556,1.0150784201051912,0.0040242484885577,0.0804676747058078,-0.0035367823532941,0.0040010489249285,1.0,nominal_mpc,True,True,False,False,46.5,0.7941212569085246,-0.0058787430914754,4.152610077113696,33.7675754192766,9.335353489204095,4.222031400364095,129,0.9224806201550388,10,955.1452294572654,6995.006299999659,0.95,0,False,False,False,True,44,0.3410852713178294,97,0.751937984496124,0,0.0,21,0.1627906976744186,current_change_violation;optimizer_success_fraction;mpc_fallback
lhs_016,latin_hypercube,0.2583983988085057,25.653841998313347,1.076807215387398,1.1398287594619028,0.8713004713064227,1.0606133700526668,0.8033360533703556,1.0150784201051912,0.0040242484885577,0.0804676747058078,-0.0035367823532941,0.0040010489249285,1.0,oracle_mpc,True,True,False,False,48.75,0.7953617893149514,-0.0046382106850486,4.137748643495602,33.88343540946943,9.419996925637642,4.914218815170207,150,0.8666666666666667,20,1182.373624666846,7194.054799998412,0.95,0,False,False,False,True,52,0.3466666666666667,109,0.7266666666666667,0,0.0,41,0.2733333333333333,current_change_violation;optimizer_success_fraction;mpc_fallback
lhs_017,latin_hypercube,0.1721887020112486,26.156334656681828,0.910917524987172,1.121862825136953,1.133189679979666,0.9099434747926216,1.027773040508815,1.0496258238720122,0.0049921511131368,0.1807105070424545,0.0022827154099462,-0.0040954090410161,1.0,nominal_mpc,True,True,False,False,53.833333333333336,0.7927296883627489,-0.0072703116372511,4.156987667548869,33.53203566152283,9.102053823133769,4.509280156383484,191,0.774869109947644,43,1622.0672895289767,7264.038199995412,0.95,0,False,False,False,True,39,0.2041884816753926,169,0.8848167539267016,0,0.0,77,0.4031413612565445,current_change_violation;optimizer_success_fraction;mpc_fallback
lhs_017,latin_hypercube,0.1721887020112486,26.156334656681828,0.910917524987172,1.121862825136953,1.133189679979666,0.9099434747926216,1.027773040508815,1.0496258238720122,0.0049921511131368,0.1807105070424545,0.0022827154099462,-0.0040954090410161,1.0,oracle_mpc,True,True,False,False,53.0,0.7914487261916685,-0.0085512738083315,4.141536115435844,33.4338040739884,8.185076736558782,4.04039240496031,165,0.8424242424242424,26,1537.078076363744,7545.475300001271,0.95,0,False,False,False,True,40,0.2424242424242424,143,0.8666666666666667,0,0.0,47,0.2848484848484848,current_change_violation;optimizer_success_fraction;mpc_fallback
lhs_018,latin_hypercube,0.2719846866049106,20.17196674106481,0.9704631331431076,1.1679841307796552,1.0930992401653894,0.9434774294879946,1.0480502274870398,1.004961298538613,-0.0048111652493763,0.2689486733048457,0.0012379959610498,0.0044702876121207,1.0,nominal_mpc,True,True,False,False,37.0,0.8020591512297207,0.0020591512297206,4.1708309553431056,33.3528162673241,10.0,5.791651858806144,122,0.860655737704918,17,1227.5271852462329,6372.129100003804,0.95,0,False,False,False,True,59,0.4836065573770491,88,0.7213114754098361,4,0.0327868852459016,41,0.3360655737704918,current_change_violation;optimizer_success_fraction;mpc_fallback
lhs_018,latin_hypercube,0.2719846866049106,20.17196674106481,0.9704631331431076,1.1679841307796552,1.0930992401653894,0.9434774294879946,1.0480502274870398,1.004961298538613,-0.0048111652493763,0.2689486733048457,0.0012379959610498,0.0044702876121207,1.0,oracle_mpc,True,True,False,False,38.0,0.801899691758771,0.0018996917587709,4.146078176005031,33.22205501276181,10.0,5.049090616467985,107,0.9626168224299064,4,889.5884186912613,6733.3680000010645,0.95,0,False,False,False,True,53,0.4953271028037383,67,0.6261682242990654,2,0.0186915887850467,19,0.1775700934579439,current_change_violation;mpc_fallback
lhs_019,latin_hypercube,0.141632039811806,19.48186584963336,0.940079434248042,1.0438734209752925,1.0792667779065817,1.0531012287092614,0.9289218351658532,1.0184753439575442,-0.0037805787248938,-0.315801046284568,0.0034004474174345,-0.0007282731013107,1.0,nominal_mpc,True,True,False,False,38.5,0.802096153459709,0.0020961534597089,4.153842767155542,33.992859064654866,10.0,5.695868956110325,110,0.9363636363636364,7,1113.4618700004385,6353.5960000008345,0.95,0,False,False,False,True,50,0.4545454545454545,74,0.6727272727272727,5,0.0454545454545454,22,0.2,current_change_violation;optimizer_success_fraction;mpc_fallback
lhs_019,latin_hypercube,0.141632039811806,19.48186584963336,0.940079434248042,1.0438734209752925,1.0792667779065817,1.0531012287092614,0.9289218351658532,1.0184753439575442,-0.0037805787248938,-0.315801046284568,0.0034004474174345,-0.0007282731013107,1.0,oracle_mpc,True,True,False,False,38.5,0.8023270792570459,0.0023270792570458,4.14944865634412,33.9885707991718,10.0,5.63098662783259,112,0.9285714285714286,8,1176.9244874998808,9110.140899996622,0.95,0,False,False,False,True,53,0.4732142857142857,71,0.6339285714285714,5,0.0446428571428571,24,0.2142857142857142,current_change_violation;optimizer_success_fraction;mpc_fallback
lhs_020,latin_hypercube,0.2840958134994182,21.681944946373104,0.9281308062062747,0.9867268224540016,1.1871713141523297,1.0982282068841336,1.115667459895917,1.0019539041793244,-0.000917649817995,0.3552902640707848,-0.0049923234199117,-0.001308190158743,1.0,nominal_mpc,True,True,False,False,32.333333333333336,0.7992247511020398,-0.0007752488979602,4.150162714195777,33.44543453280541,10.0,5.514239262025303,107,0.8504672897196262,16,1530.2025252338046,7963.946399999259,0.95,0,False,False,False,True,51,0.4766355140186916,79,0.7383177570093458,4,0.0373831775700934,36,0.3364485981308411,current_change_violation;optimizer_success_fraction;mpc_fallback
lhs_020,latin_hypercube,0.2840958134994182,21.681944946373104,0.9281308062062747,0.9867268224540016,1.1871713141523297,1.0982282068841336,1.115667459895917,1.0019539041793244,-0.000917649817995,0.3552902640707848,-0.0049923234199117,-0.001308190158743,1.0,oracle_mpc,True,True,False,False,32.083333333333336,0.801337205758887,0.0013372057588869,4.150457705610298,33.2532366997612,10.0,5.166272276664791,100,0.9,10,1227.0724789996166,8056.188099995779,0.95,0,False,False,False,True,47,0.47,72,0.72,4,0.04,28,0.28,current_change_violation;optimizer_success_fraction;mpc_fallback
lhs_021,latin_hypercube,0.2292935668465565,21.46449446821299,0.9535885261913544,1.1727289005392154,0.8301440122752738,0.90536211068786,0.877289321043629,1.0679086191279266,-0.0044555180610031,0.0178421038241709,0.003200226729958,0.0021998246055162,1.0,nominal_mpc,True,True,False,False,39.833333333333336,0.8030139625366121,0.003013962536612,4.181293298942927,33.95651841392168,10.0,5.747545903479641,133,0.8646616541353384,18,1402.4268977444258,7668.111499995575,0.95,0,False,False,False,True,49,0.3684210526315789,94,0.706766917293233,3,0.0225563909774436,46,0.3458646616541353,current_change_violation;optimizer_success_fraction;mpc_fallback
lhs_021,latin_hypercube,0.2292935668465565,21.46449446821299,0.9535885261913544,1.1727289005392154,0.8301440122752738,0.90536211068786,0.877289321043629,1.0679086191279266,-0.0044555180610031,0.0178421038241709,0.003200226729958,0.0021998246055162,1.0,oracle_mpc,True,True,False,False,40.083333333333336,0.8017009326889604,0.0017009326889603,4.147623827539476,33.88244186025625,10.0,5.102042084556814,113,0.9292035398230089,8,1026.8742876105212,6822.454499997548,0.95,0,False,False,False,True,55,0.4867256637168141,75,0.6637168141592921,2,0.0176991150442477,20,0.1769911504424778,current_change_violation;optimizer_success_fraction;mpc_fallback
lhs_022,latin_hypercube,0.1788760671298753,21.32608271434539,0.9818304603007192,1.0958177988192823,1.1145970790505328,1.1024037007769034,0.8072645014937778,0.9566431846237256,0.0032281048882984,-0.1262005753825854,-0.0013416595499396,-0.004006113537347,1.0,nominal_mpc,True,True,False,False,39.25,0.8001370029407674,0.0001370029407673,4.15437974886388,33.74530187332034,10.0,4.032796036516597,103,0.9805825242718448,2,736.3538291263343,6797.886300002574,0.95,0,False,False,False,True,42,0.4077669902912621,63,0.6116504854368932,4,0.0388349514563106,10,0.0970873786407767,current_change_violation;mpc_fallback
lhs_022,latin_hypercube,0.1788760671298753,21.32608271434539,0.9818304603007192,1.0958177988192823,1.1145970790505328,1.1024037007769034,0.8072645014937778,0.9566431846237256,0.0032281048882984,-0.1262005753825854,-0.0013416595499396,-0.004006113537347,1.0,oracle_mpc,True,True,False,False,40.25,0.8003637852727677,0.0003637852727677,4.14475663387101,34.2400100865741,10.0,6.415757300616406,123,0.902439024390244,12,1055.3560943087316,6279.69860000303,0.95,0,False,False,False,True,61,0.4959349593495935,76,0.6178861788617886,5,0.040650406504065,32,0.2601626016260163,current_change_violation;optimizer_success_fraction;mpc_fallback
lhs_023,latin_hypercube,0.279712153661873,27.1446899473634,1.0937660323036609,0.8721678669612984,0.9012062074987884,0.9851149120067656,1.0166915795256066,1.0613180118262964,0.0007384778607524,0.1016370976926157,0.0029040407034664,-0.0002884262763881,1.0,nominal_mpc,True,True,False,False,49.083333333333336,0.7984035736332609,-0.0015964263667391,4.130646247531067,33.76396720886474,8.312171097968376,5.011447516658462,157,0.8343949044585988,26,1437.560989172105,8123.413300003449,0.95,0,False,False,False,True,36,0.2292993630573248,140,0.89171974522293,0,0.0,49,0.3121019108280254,current_change_violation;optimizer_success_fraction;mpc_fallback
lhs_023,latin_hypercube,0.279712153661873,27.1446899473634,1.0937660323036609,0.8721678669612984,0.9012062074987884,0.9851149120067656,1.0166915795256066,1.0613180118262964,0.0007384778607524,0.1016370976926157,0.0029040407034664,-0.0002884262763881,1.0,oracle_mpc,True,True,False,False,49.16666666666666,0.7980212435027139,-0.0019787564972861,4.143285478905909,33.7781482111746,8.490858154099094,4.305518520658633,162,0.8024691358024691,32,1586.9890814818198,8054.509699999471,0.95,0,False,False,False,True,34,0.2098765432098765,148,0.9135802469135802,0,0.0,55,0.3395061728395062,current_change_violation;optimizer_success_fraction;mpc_fallback
lhs_024,latin_hypercube,0.1053960880835764,22.55539216559796,1.036243493957854,0.8426001244345329,0.937818901247141,1.077825499761521,1.005000411620086,0.9537462747838156,-0.004907299988119,0.1584800730343694,0.0008920423091998,0.0041724483530236,1.0,nominal_mpc,True,True,False,False,45.91666666666666,0.8033000662813641,0.003300066281364,4.129402792502499,33.56009546222719,10.0,5.013560883802181,125,0.952,6,914.4893783997396,7658.533000001626,0.95,0,False,False,False,True,43,0.344,93,0.744,3,0.024,18,0.144,current_change_violation;mpc_fallback
lhs_024,latin_hypercube,0.1053960880835764,22.55539216559796,1.036243493957854,0.8426001244345329,0.937818901247141,1.077825499761521,1.005000411620086,0.9537462747838156,-0.004907299988119,0.1584800730343694,0.0008920423091998,0.0041724483530236,1.0,oracle_mpc,True,True,False,False,44.66666666666666,0.8041482948423951,0.004148294842395,4.141467517090939,33.705025532475176,10.0,6.198720840893127,137,0.8832116788321168,16,1163.8198503651902,7723.156699998071,0.95,0,False,False,False,True,41,0.2992700729927007,110,0.8029197080291971,4,0.0291970802919708,37,0.2700729927007299,current_change_violation;optimizer_success_fraction;mpc_fallback
lhs_025,latin_hypercube,0.1181681444088286,16.03793049679631,1.0725541320192105,1.1934171084092402,1.0973276956880995,0.961259603836368,0.9908634599450478,0.9982481914848093,-0.0012796287645606,-0.3378662678293515,-0.0003376397909297,-0.0033867559790081,1.0,nominal_mpc,True,True,False,False,47.25,0.8004752268680262,0.0004752268680261,4.184808757503219,34.1164221007683,10.0,6.397871781204604,157,0.89171974522293,17,1150.1036426751775,6440.022200004023,0.95,0,False,False,False,True,68,0.4331210191082802,100,0.6369426751592356,7,0.0445859872611464,54,0.3439490445859872,current_change_violation;optimizer_success_fraction;mpc_fallback
lhs_025,latin_hypercube,0.1181681444088286,16.03793049679631,1.0725541320192105,1.1934171084092402,1.0973276956880995,0.961259603836368,0.9908634599450478,0.9982481914848093,-0.0012796287645606,-0.3378662678293515,-0.0003376397909297,-0.0033867559790081,1.0,oracle_mpc,True,True,False,False,47.333333333333336,0.8000526180569854,5.261805698530964e-05,4.149607642705778,34.06724508119225,10.0,6.061467174918753,144,0.9097222222222222,13,1098.685049305661,5952.053100001649,0.95,0,False,False,False,True,69,0.4791666666666667,92,0.6388888888888888,5,0.0347222222222222,38,0.2638888888888889,current_change_violation;optimizer_success_fraction;mpc_fallback
lhs_026,latin_hypercube,0.1229531097778929,29.641133596815408,0.9610812910333578,0.9262684388590544,0.8675130400348059,1.0130322781801913,1.0340171547158907,1.0760489415235337,0.0023746043425826,-0.2339354327072949,-0.0042474046822693,0.0046340760624512,1.0,nominal_mpc,False,False,False,False,60.0,0.6689107503668703,-0.1310892496331297,4.03900697655621,33.9743979246864,6.925084453110525,3.5219225167931945,189,0.7407407407407407,49,1593.7065571427906,7328.284100003657,0.95,0,False,False,False,True,1,0.0052910052910052,189,1.0,0,0.0,56,0.2962962962962963,target_not_reached;current_change_violation;optimizer_success_fraction;mpc_fallback
lhs_026,latin_hypercube,0.1229531097778929,29.641133596815408,0.9610812910333578,0.9262684388590544,0.8675130400348059,1.0130322781801913,1.0340171547158907,1.0760489415235337,0.0023746043425826,-0.2339354327072949,-0.0042474046822693,0.0046340760624512,1.0,oracle_mpc,False,False,False,False,60.0,0.6714769335096488,-0.1285230664903512,4.0384082085086375,33.9387734241196,6.841742077677581,3.4723736588832668,188,0.75,47,1556.1920877656294,7096.253099996829,0.95,0,False,False,False,True,0,0.0,188,1.0,0,0.0,54,0.2872340425531915,target_not_reached;current_change_violation;optimizer_success_fraction;mpc_fallback
lhs_027,latin_hypercube,0.1716645035784565,22.734923807590047,0.9570051359440008,0.8572236068968055,0.8815263402549289,1.0428965004986546,1.1596184360279762,0.9392102657483504,-0.0017136365310096,0.2600013413207973,-0.0017490238201177,0.0030589848457792,1.0,nominal_mpc,True,True,False,False,39.5,0.7979772938694669,-0.0020227061305331,4.129116490772697,33.47584095197335,10.0,5.086462898756726,121,0.8925619834710744,13,1098.722414875813,6897.209000002476,0.95,0,False,False,False,True,43,0.3553719008264462,96,0.7933884297520661,3,0.024793388429752,32,0.2644628099173554,current_change_violation;optimizer_success_fraction;mpc_fallback
lhs_027,latin_hypercube,0.1716645035784565,22.734923807590047,0.9570051359440008,0.8572236068968055,0.8815263402549289,1.0428965004986546,1.1596184360279762,0.9392102657483504,-0.0017136365310096,0.2600013413207973,-0.0017490238201177,0.0030589848457792,1.0,oracle_mpc,True,True,False,False,39.41666666666666,0.7984891758975716,-0.0015108241024284,4.143096370367669,33.48869388307152,10.0,5.060129685043274,125,0.864,17,1097.17584000004,7100.129400001606,0.95,0,False,False,False,True,38,0.304,98,0.784,4,0.032,38,0.304,current_change_violation;optimizer_success_fraction;mpc_fallback
lhs_028,latin_hypercube,0.1988903796003818,18.30658870677393,1.0248841323337003,1.148793965313415,0.896253953413829,1.0882588417808354,1.08701519265265,1.0334124701824106,0.0022998725789072,0.197144380444358,0.0027859446795798,0.001014517550807,1.0,nominal_mpc,True,True,False,False,42.25,0.795036093983217,-0.004963906016783,4.165079912966955,33.5731811296002,10.0,5.785751974486924,148,0.8445945945945946,23,1295.5369797297888,7341.220700000122,0.95,0,False,False,False,True,65,0.4391891891891892,106,0.7162162162162162,5,0.0337837837837837,58,0.3918918918918919,current_change_violation;optimizer_success_fraction;mpc_fallback
lhs_028,latin_hypercube,0.1988903796003818,18.30658870677393,1.0248841323337003,1.148793965313415,0.896253953413829,1.0882588417808354,1.08701519265265,1.0334124701824106,0.0022998725789072,0.197144380444358,0.0027859446795798,0.001014517550807,1.0,oracle_mpc,True,True,False,False,42.16666666666666,0.795080331928996,-0.004919668071004,4.140828773247225,33.406134607123,10.0,4.97479252585264,126,0.9126984126984128,11,1091.6356230159831,6491.501099997549,0.95,0,False,False,False,True,57,0.4523809523809524,83,0.6587301587301587,4,0.0317460317460317,31,0.246031746031746,current_change_violation;optimizer_success_fraction;mpc_fallback
lhs_029,latin_hypercube,0.1558675049108427,16.492190021032656,1.0506152440303194,1.0075794728496186,1.0502644090304851,0.9281905451777784,0.8310034679371529,0.90392804416583,-0.0014188637127945,-0.3628091922314079,0.0038083266878005,-0.0028231778550778,1.0,nominal_mpc,True,True,True,True,37.75,0.8020592255093164,0.0020592255093163,4.14459166652014,33.59257794326542,10.0,2.0000000000000004,95,1.0,0,569.7605273687116,2550.682000000961,0.95,0,False,False,False,False,50,0.5263157894736842,46,0.4842105263157895,8,0.0842105263157894,5,0.0526315789473684,none
lhs_029,latin_hypercube,0.1558675049108427,16.492190021032656,1.0506152440303194,1.0075794728496186,1.0502644090304851,0.9281905451777784,0.8310034679371529,0.90392804416583,-0.0014188637127945,-0.3628091922314079,0.0038083266878005,-0.0028231778550778,1.0,oracle_mpc,True,True,False,False,37.833333333333336,0.8015574427176104,0.0015574427176103,4.145146881564143,34.147063352401936,10.0,7.139888923065061,114,0.9385964912280702,7,981.504677193267,7806.6786999988835,0.95,0,False,False,False,True,67,0.5877192982456141,59,0.5175438596491229,11,0.0964912280701754,29,0.2543859649122807,current_change_violation;optimizer_success_fraction;mpc_fallback
lhs_030,latin_hypercube,0.2183223442810382,28.17077798743258,1.054072629815687,0.9775646891225284,1.021572953366921,1.142035774286335,0.9459452240117284,0.9719529489021008,0.0037440771983004,0.4141163495130348,-0.0018796646427668,-0.0021944164612354,1.0,nominal_mpc,True,True,False,False,59.333333333333336,0.7935961510928335,-0.0064038489071664,4.140816253923334,33.24670372624428,7.7492024328675315,4.273564220334692,187,0.8021390374331551,37,1561.6701326199452,9634.2450000011,0.95,0,False,False,False,True,35,0.1871657754010695,168,0.8983957219251337,0,0.0,55,0.2941176470588235,current_change_violation;optimizer_success_fraction;mpc_fallback
lhs_030,latin_hypercube,0.2183223442810382,28.17077798743258,1.054072629815687,0.9775646891225284,1.021572953366921,1.142035774286335,0.9459452240117284,0.9719529489021008,0.0037440771983004,0.4141163495130348,-0.0018796646427668,-0.0021944164612354,1.0,oracle_mpc,False,False,False,False,60.0,0.793957428907389,-0.006042571092611,4.143487695753549,33.32168242605434,8.097367206304863,4.497836928049833,201,0.7562189054726368,49,1592.5577014920837,7891.560399999435,0.95,0,False,False,False,True,38,0.1890547263681592,184,0.9154228855721394,0,0.0,71,0.3532338308457711,target_not_reached;current_change_violation;optimizer_success_fraction;mpc_fallback
lhs_031,latin_hypercube,0.1573377667908426,19.08196353646673,0.9211505520444416,1.074742708041101,0.8418235118182568,1.0226238793840432,0.8327831894590005,1.0967936172403137,0.0046892040541253,0.1479511475902097,0.0049525340944344,0.0004728612871811,1.0,nominal_mpc,True,True,False,False,37.583333333333336,0.7930702487885979,-0.0069297512114021,4.152905080979482,33.41239746684069,10.0,5.63232528194781,107,0.9439252336448598,6,924.4881130839404,6466.828200005693,0.95,0,False,False,False,True,47,0.4392523364485981,67,0.6261682242990654,4,0.0373831775700934,21,0.1962616822429906,current_change_violation;optimizer_success_fraction;mpc_fallback
lhs_031,latin_hypercube,0.1573377667908426,19.08196353646673,0.9211505520444416,1.074742708041101,0.8418235118182568,1.0226238793840432,0.8327831894590005,1.0967936172403137,0.0046892040541253,0.1479511475902097,0.0049525340944344,0.0004728612871811,1.0,oracle_mpc,True,True,False,False,37.66666666666666,0.7926982817059369,-0.0073017182940631,4.139142960724664,33.51497168069773,10.0,5.654534802967989,111,0.927927927927928,8,1056.334810810956,7388.950799999293,0.95,0,False,False,False,True,53,0.4774774774774775,71,0.6396396396396397,4,0.036036036036036,25,0.2252252252252252,current_change_violation;optimizer_success_fraction;mpc_fallback
lhs_032,latin_hypercube,0.2348712853693673,28.4339301206276,0.9454892144294536,1.0195116235396622,0.9293550758461028,1.148485607093304,1.178798149659868,0.9704375105185126,0.0015609329352512,-0.1523422583041192,0.0003000291453198,0.0038187750446151,1.0,nominal_mpc,True,True,False,False,58.5,0.7992662798128826,-0.0007337201871174,4.140651364534019,33.92136674777685,7.748788309416687,3.924834321973097,184,0.7391304347826086,48,1687.429702174244,8562.03049999749,0.95,0,False,False,False,True,43,0.233695652173913,168,0.9130434782608696,0,0.0,54,0.2934782608695652,current_change_violation;optimizer_success_fraction;mpc_fallback
lhs_032,latin_hypercube,0.2348712853693673,28.4339301206276,0.9454892144294536,1.0195116235396622,0.9293550758461028,1.148485607093304,1.178798149659868,0.9704375105185126,0.0015609329352512,-0.1523422583041192,0.0003000291453198,0.0038187750446151,1.0,oracle_mpc,True,True,False,False,56.16666666666666,0.7991386166401137,-0.0008613833598863,4.138569904800957,33.86551033681436,7.777723346242928,3.8279912672933314,167,0.7784431137724551,37,1492.3374520960765,7652.342200002749,0.95,0,False,False,False,True,36,0.2155688622754491,155,0.9281437125748504,0,0.0,40,0.2395209580838323,current_change_violation;optimizer_success_fraction;mpc_fallback
lhs_033,latin_hypercube,0.1678789491163402,26.01535028958154,1.0121174506712112,0.9151913849576042,1.1037248901488184,0.8930999618995831,1.121627334179832,0.914378831175437,-0.004019366697813,-0.2103839726185857,0.0013952697955189,-0.0046690962268701,1.0,nominal_mpc,True,True,False,False,51.083333333333336,0.8027320911102963,0.0027320911102962,4.144015145110412,33.991005237951846,9.587778350584966,4.429600415676716,158,0.8481012658227848,24,1358.9028373416909,7058.722999994643,0.95,0,False,False,False,True,39,0.2468354430379747,133,0.8417721518987342,0,0.0,44,0.2784810126582278,current_change_violation;optimizer_success_fraction;mpc_fallback
lhs_033,latin_hypercube,0.1678789491163402,26.01535028958154,1.0121174506712112,0.9151913849576042,1.1037248901488184,0.8930999618995831,1.121627334179832,0.914378831175437,-0.004019366697813,-0.2103839726185857,0.0013952697955189,-0.0046690962268701,1.0,oracle_mpc,True,True,False,False,50.75,0.8030753215355046,0.0030753215355046,4.1533717291641965,34.03361106917649,9.911200182341132,4.677909288580658,165,0.8181818181818182,30,1466.2938654548436,7161.316900004749,0.95,0,False,False,False,True,42,0.2545454545454545,145,0.8787878787878788,1,0.006060606060606,53,0.3212121212121212,current_change_violation;optimizer_success_fraction;mpc_fallback
lhs_034,latin_hypercube,0.1370745202536765,26.632762770207165,1.0870410421315313,1.081881071339322,1.1302327633243974,0.9131572380719232,0.9733246721245232,0.9895895232425403,0.0042960687131519,0.0066221884708433,0.0015123922331544,-0.0034429075670295,1.0,nominal_mpc,False,False,False,False,60.0,0.7718192223458411,-0.0281807776541589,4.148272125912783,33.791341025610805,8.871029224428618,4.176870135420967,195,0.8205128205128205,35,1347.4093728207756,6957.348299998557,0.95,0,False,False,False,True,35,0.1794871794871795,178,0.9128205128205128,0,0.0,63,0.3230769230769231,target_not_reached;current_change_violation;optimizer_success_fraction;mpc_fallback
lhs_034,latin_hypercube,0.1370745202536765,26.632762770207165,1.0870410421315313,1.081881071339322,1.1302327633243974,0.9131572380719232,0.9733246721245232,0.9895895232425403,0.0042960687131519,0.0066221884708433,0.0015123922331544,-0.0034429075670295,1.0,oracle_mpc,False,False,False,False,60.0,0.7729445210739039,-0.0270554789260961,4.140965397690489,33.78532471552969,8.491358445382751,4.122817514052495,194,0.845360824742268,30,1398.797946391608,8692.36169999931,0.95,0,False,False,False,True,40,0.2061855670103092,176,0.9072164948453608,0,0.0,62,0.3195876288659793,target_not_reached;current_change_violation;optimizer_success_fraction;mpc_fallback
lhs_035,latin_hypercube,0.2705045723940097,29.886330079519823,0.9785021809011556,0.9600968963556864,0.9128218164156264,0.8769413442815674,1.1527803142822717,0.961617156643831,0.002011781778924,0.3636927158264831,-0.0046474260501695,0.0018833185746872,1.0,nominal_mpc,False,False,False,False,60.0,0.724628148484365,-0.075371851515635,4.106670684725289,33.60456709427024,6.262666774339948,3.903593816190512,197,0.6548223350253807,68,2233.83195888341,8316.451899998356,0.95,0,False,False,False,True,0,0.0,197,1.0,0,0.0,66,0.3350253807106599,target_not_reached;current_change_violation;optimizer_success_fraction;mpc_fallback
lhs_035,latin_hypercube,0.2705045723940097,29.886330079519823,0.9785021809011556,0.9600968963556864,0.9128218164156264,0.8769413442815674,1.1527803142822717,0.961617156643831,0.002011781778924,0.3636927158264831,-0.0046474260501695,0.0018833185746872,1.0,oracle_mpc,False,False,False,False,60.0,0.7278564053544322,-0.0721435946455678,4.10721458739672,33.55732640822141,6.0006510398335,3.5146322374061607,198,0.6616161616161617,67,2194.0364681819724,10075.43660000374,0.95,0,False,False,False,True,0,0.0,198,1.0,0,0.0,67,0.3383838383838384,target_not_reached;current_change_violation;optimizer_success_fraction;mpc_fallback
lhs_036,latin_hypercube,0.2446409344597883,18.74201095278477,0.9093060723947226,0.8544688546217905,0.861257930924231,1.0727994757583854,0.9863871997599026,1.0869829167790783,0.0002175991722008,-0.3471055391407477,0.0029706589411881,-0.0011039304447757,1.0,nominal_mpc,True,True,False,False,27.916666666666668,0.7967831149658063,-0.0032168850341937,4.128942509176169,34.04695252671165,10.0,4.821676979721372,79,0.9620253164556962,3,933.355550633252,6947.140200005379,0.95,0,False,False,False,True,44,0.5569620253164557,46,0.5822784810126582,7,0.0886075949367088,14,0.1772151898734177,current_change_violation;mpc_fallback
lhs_036,latin_hypercube,0.2446409344597883,18.74201095278477,0.9093060723947226,0.8544688546217905,0.861257930924231,1.0727994757583854,0.9863871997599026,1.0869829167790783,0.0002175991722008,-0.3471055391407477,0.0029706589411881,-0.0011039304447757,1.0,oracle_mpc,True,True,False,False,27.916666666666668,0.7975166577402457,-0.0024833422597543,4.1425723427312855,34.09057110901945,10.0,6.314489022746009,83,0.9518072289156626,4,1139.0011590359002,7083.856100005505,0.95,0,False,False,False,True,43,0.5180722891566265,51,0.6144578313253012,7,0.0843373493975903,20,0.2409638554216867,current_change_violation;mpc_fallback
lhs_037,latin_hypercube,0.2888756631624042,24.101700334672053,0.9342574956315632,1.1177883599323604,1.038084292016866,0.9976284366736256,0.8666459903852725,1.0819097750939923,0.0030048478116291,-0.4678969323937866,-0.0024049690055079,-0.0009694117114472,1.0,nominal_mpc,True,True,False,False,35.5,0.7956477102438516,-0.0043522897561484,4.155579566356662,34.18597228897482,10.0,5.28970406836688,114,0.8771929824561403,14,1333.6312596489224,7831.501200002094,0.95,0,False,False,False,True,41,0.3596491228070175,88,0.7719298245614035,2,0.0175438596491228,35,0.3070175438596491,current_change_violation;optimizer_success_fraction;mpc_fallback
lhs_037,latin_hypercube,0.2888756631624042,24.101700334672053,0.9342574956315632,1.1177883599323604,1.038084292016866,0.9976284366736256,0.8666459903852725,1.0819097750939923,0.0030048478116291,-0.4678969323937866,-0.0024049690055079,-0.0009694117114472,1.0,oracle_mpc,True,True,False,False,36.083333333333336,0.7944337298814247,-0.0055662701185753,4.141773963178087,34.18412418412257,9.999999999999996,4.873999246600341,109,0.926605504587156,8,986.9495733946678,7811.488500003179,0.95,0,False,False,False,True,45,0.4128440366972477,80,0.7339449541284404,1,0.0091743119266055,28,0.2568807339449541,current_change_violation;optimizer_success_fraction;mpc_fallback
lhs_038,latin_hypercube,0.1008382398056352,17.808809433140873,1.032348401300098,1.1762929665357258,1.0626842720953384,0.8528982542831697,1.0906390434377686,0.9029656316218244,0.0001405093941029,0.0361483663883183,-0.0011926948396495,0.0002346780723776,1.0,nominal_mpc,True,True,False,False,47.583333333333336,0.7973387712388398,-0.0026612287611602,4.171097600738696,34.09651006137281,10.0,6.450554203590012,163,0.8773006134969326,20,1178.4124539877955,8092.025400001148,0.95,0,False,False,False,True,63,0.3865030674846625,118,0.7239263803680982,5,0.0306748466257668,61,0.3742331288343558,current_change_violation;optimizer_success_fraction;mpc_fallback
lhs_038,latin_hypercube,0.1008382398056352,17.808809433140873,1.032348401300098,1.1762929665357258,1.0626842720953384,0.8528982542831697,1.0906390434377686,0.9029656316218244,0.0001405093941029,0.0361483663883183,-0.0011926948396495,0.0002346780723776,1.0,oracle_mpc,True,True,False,False,48.41666666666666,0.7988663681396129,-0.0011336318603871,4.144160004083732,33.95783990127253,10.0,5.701601317923592,141,0.9361702127659576,9,1234.2728134751417,7168.055199996161,0.95,0,False,False,False,True,63,0.4468085106382978,91,0.6453900709219859,4,0.0283687943262411,31,0.2198581560283688,current_change_violation;optimizer_success_fraction;mpc_fallback
lhs_039,latin_hypercube,0.2998292399487527,20.420473664676884,1.0041266125006385,1.0353982361978695,0.9880525666890618,0.880338978964447,0.8189723692673428,1.0527604514833169,-0.0025813430045762,-0.0364919893797456,0.00013183304108,0.0001467229296856,1.0,nominal_mpc,True,True,False,False,32.0,0.8000530928620562,5.309286205612551e-05,4.151590761928945,33.75551449870907,10.0,5.497951413807161,91,0.945054945054945,5,1191.8343571427272,6324.48000000295,0.95,0,False,False,False,True,48,0.5274725274725275,56,0.6153846153846154,4,0.0439560439560439,17,0.1868131868131868,current_change_violation;optimizer_success_fraction;mpc_fallback
lhs_039,latin_hypercube,0.2998292399487527,20.420473664676884,1.0041266125006385,1.0353982361978695,0.9880525666890618,0.880338978964447,0.8189723692673428,1.0527604514833169,-0.0025813430045762,-0.0364919893797456,0.00013183304108,0.0001467229296856,1.0,oracle_mpc,True,True,False,False,32.5,0.8000592278739405,5.9227873940415066e-05,4.148498786167725,33.93923476633992,10.0,5.58794690777512,97,0.9484536082474226,5,1205.858573196312,8527.640399996017,0.95,0,False,False,False,True,52,0.5360824742268041,60,0.6185567010309279,4,0.0412371134020618,23,0.2371134020618556,current_change_violation;optimizer_success_fraction;mpc_fallback
lhs_040,latin_hypercube,0.1938548507306456,20.766846088821573,0.9858810857286489,0.974989260979851,0.8202346980955096,0.9751416508210043,0.9636435530623024,0.9848708362980289,0.0038522905201007,0.3926681862418764,-0.0032033076562354,-0.0043531646215241,1.0,nominal_mpc,True,True,False,False,38.583333333333336,0.7951831698851579,-0.0048168301148421,4.14422985969035,33.29612203209701,10.0,5.711903655571325,119,0.907563025210084,11,1122.6662462186523,8070.205600000918,0.95,0,False,False,False,True,44,0.3697478991596639,86,0.7226890756302521,4,0.0336134453781512,32,0.2689075630252101,current_change_violation;optimizer_success_fraction;mpc_fallback
lhs_040,latin_hypercube,0.1938548507306456,20.766846088821573,0.9858810857286489,0.974989260979851,0.8202346980955096,0.9751416508210043,0.9636435530623024,0.9848708362980289,0.0038522905201007,0.3926681862418764,-0.0032033076562354,-0.0043531646215241,1.0,oracle_mpc,True,True,False,False,38.583333333333336,0.7952608516462794,-0.0047391483537206,4.14578309533351,33.32924920164688,10.0,5.93772033228601,127,0.8661417322834646,17,1590.436920472769,7791.979499997979,0.95,0,False,False,False,True,50,0.3937007874015748,95,0.7480314960629921,4,0.0314960629921259,43,0.3385826771653543,current_change_violation;optimizer_success_fraction;mpc_fallback
lhs_041,latin_hypercube,0.2136426153636317,15.248252998446368,1.049555902733748,1.0179636328459298,1.0058497827924011,0.8972967093567532,0.9621334953977512,1.0105401718543168,0.0004068252866249,0.4525401664659965,-0.000179191982701,-0.0030654725774329,1.0,nominal_mpc,True,True,False,False,35.416666666666664,0.7984176630247778,-0.0015823369752222,4.147582646529852,33.262547985726115,10.0,5.995988328160486,105,0.9428571428571428,6,991.580929523722,8180.112000001827,0.95,0,False,False,False,True,57,0.5428571428571428,56,0.5333333333333333,8,0.0761904761904762,24,0.2285714285714285,current_change_violation;optimizer_success_fraction;mpc_fallback
lhs_041,latin_hypercube,0.2136426153636317,15.248252998446368,1.049555902733748,1.0179636328459298,1.0058497827924011,0.8972967093567532,0.9621334953977512,1.0105401718543168,0.0004068252866249,0.4525401664659965,-0.000179191982701,-0.0030654725774329,1.0,oracle_mpc,True,True,False,False,35.416666666666664,0.7978617441567167,-0.0021382558432833,4.145461805398391,33.27032320781809,10.0,6.000439961509189,104,0.9423076923076924,6,1407.023109615693,7869.226199996774,0.95,0,False,False,False,True,57,0.5480769230769231,59,0.5673076923076923,7,0.0673076923076923,23,0.2211538461538461,current_change_violation;optimizer_success_fraction;mpc_fallback
lhs_042,latin_hypercube,0.2225890058211625,22.25920290422729,0.9139207374622382,1.041019947428666,0.832270007652078,0.9511210709817158,1.1050661824938994,0.9922455305991984,-0.0043140027643923,-0.0489174347127372,-0.0040630067480423,-0.0027577797080058,1.0,nominal_mpc,True,True,False,False,38.083333333333336,0.804158153883833,0.004158153883833,4.159358620805239,34.11247766777707,10.0,5.726321689986153,136,0.8455882352941176,21,1521.306370588183,7785.215000003518,0.95,0,False,False,False,True,55,0.4044117647058823,108,0.7941176470588235,3,0.0220588235294117,55,0.4044117647058823,current_change_violation;optimizer_success_fraction;mpc_fallback
lhs_042,latin_hypercube,0.2225890058211625,22.25920290422729,0.9139207374622382,1.041019947428666,0.832270007652078,0.9511210709817158,1.1050661824938994,0.9922455305991984,-0.0043140027643923,-0.0489174347127372,-0.0040630067480423,-0.0027577797080058,1.0,oracle_mpc,True,True,False,False,38.16666666666666,0.8037778197126886,0.0037778197126885,4.150509774678985,34.02601642565339,10.0,4.887689560673986,117,0.8888888888888888,13,1560.633383760712,8669.5561000015,0.95,0,False,False,False,True,47,0.4017094017094017,89,0.7606837606837606,2,0.017094017094017,31,0.2649572649572649,current_change_violation;optimizer_success_fraction;mpc_fallback
lhs_043,latin_hypercube,0.1398099264725791,19.80768441961005,0.9974226152565828,1.196623503130465,1.1471555731890692,1.0672923679224096,1.1649303235750552,0.9204046566343252,0.0004723413853804,0.3894622614906395,0.0039068732762112,-0.0004597639875237,1.0,nominal_mpc,True,True,False,False,48.25,0.7984498331144425,-0.0015501668855575,4.169193695979488,33.29819091395813,10.0,5.745074222750759,171,0.8304093567251462,29,1383.370712280472,7632.175299993833,0.95,0,False,False,False,True,73,0.4269005847953216,127,0.7426900584795322,4,0.023391812865497,69,0.4035087719298245,current_change_violation;optimizer_success_fraction;mpc_fallback
lhs_043,latin_hypercube,0.1398099264725791,19.80768441961005,0.9974226152565828,1.196623503130465,1.1471555731890692,1.0672923679224096,1.1649303235750552,0.9204046566343252,0.0004723413853804,0.3894622614906395,0.0039068732762112,-0.0004597639875237,1.0,oracle_mpc,True,True,False,False,48.25,0.7985691744225901,-0.0014308255774099,4.14503753584196,33.2427490690503,10.0,5.360886052511604,146,0.9178082191780822,12,1126.076058218892,7195.35100000212,0.95,0,False,False,False,True,61,0.4178082191780822,98,0.6712328767123288,3,0.0205479452054794,37,0.2534246575342466,current_change_violation;optimizer_success_fraction;mpc_fallback
lhs_044,latin_hypercube,0.2910427589372192,27.54520817632792,1.098690434273123,1.1624347532662584,1.0262262539141815,0.989855853874522,1.05445185599769,1.031174329458659,-0.0033751152192819,0.2166145072372126,-9.46387280083491e-05,-0.0017011328760954,1.0,nominal_mpc,False,False,False,False,60.0,0.7951458012427064,-0.0048541987572936,4.163392041289723,33.606176691012664,8.000000000000009,4.494854594212698,219,0.726027397260274,60,1438.9918643834903,7030.951700005971,0.95,0,False,False,False,True,49,0.2237442922374429,204,0.9315068493150684,0,0.0,93,0.4246575342465753,target_not_reached;current_change_violation;optimizer_success_fraction;mpc_fallback
lhs_044,latin_hypercube,0.2910427589372192,27.54520817632792,1.098690434273123,1.1624347532662584,1.0262262539141815,0.989855853874522,1.05445185599769,1.031174329458659,-0.0033751152192819,0.2166145072372126,-9.46387280083491e-05,-0.0017011328760954,1.0,oracle_mpc,False,False,False,False,60.0,0.8020829039947203,0.0020829039947202,4.148948700755001,33.59069189399059,7.395896373762301,3.956702552872663,190,0.7842105263157895,41,1732.3516315791685,10000.24680000206,0.95,0,False,False,False,True,49,0.2578947368421053,169,0.8894736842105263,0,0.0,57,0.3,target_not_reached;current_change_violation;optimizer_success_fraction;mpc_fallback
lhs_045,latin_hypercube,0.2552089263268604,25.01075792774888,0.9508274252908754,0.9513390313268044,0.8916072182659995,1.0808076256073265,0.9398909573141516,0.9626201515547174,0.0021835750071197,0.0658028916050366,-0.0038960370823883,0.0027643542456691,1.0,nominal_mpc,True,True,False,False,36.66666666666666,0.7966335058754139,-0.0033664941245861,4.1362063834035,33.57183660321741,9.946995282871116,4.555024472842896,107,0.9252336448598132,8,1021.1657859815724,6062.89800000377,0.95,0,False,False,False,True,38,0.3551401869158878,79,0.7383177570093458,1,0.0093457943925233,23,0.2149532710280373,current_change_violation;optimizer_success_fraction;mpc_fallback
lhs_045,latin_hypercube,0.2552089263268604,25.01075792774888,0.9508274252908754,0.9513390313268044,0.8916072182659995,1.0808076256073265,0.9398909573141516,0.9626201515547174,0.0021835750071197,0.0658028916050366,-0.0038960370823883,0.0027643542456691,1.0,oracle_mpc,True,True,False,False,36.66666666666666,0.79639456377524,-0.00360543622476,4.13954615314758,33.66441144159487,10.0,5.370309024468213,120,0.8666666666666667,16,1197.0407599996784,6351.087200004258,0.95,0,False,False,False,True,41,0.3416666666666667,95,0.7916666666666666,2,0.0166666666666666,40,0.3333333333333333,current_change_violation;optimizer_success_fraction;mpc_fallback
lhs_046,latin_hypercube,0.2416207198373232,29.28889748881336,1.0686724103268337,1.076877639833442,0.963439949184508,0.932056728135679,1.0380079839239826,0.930439425465234,-0.0007525622341855,0.4846114375123875,-0.0029102922258109,0.002506351654704,1.0,nominal_mpc,False,False,False,False,60.0,0.7075139953682074,-0.0924860046317926,4.107897877483706,33.452992500846186,6.712497538207593,3.879851174072929,206,0.6893203883495146,64,1424.3780349514586,7007.782300000031,0.95,0,False,False,False,True,0,0.0,206,1.0,0,0.0,77,0.3737864077669903,target_not_reached;current_change_violation;optimizer_success_fraction;mpc_fallback
lhs_046,latin_hypercube,0.2416207198373232,29.28889748881336,1.0686724103268337,1.076877639833442,0.963439949184508,0.932056728135679,1.0380079839239826,0.930439425465234,-0.0007525622341855,0.4846114375123875,-0.0029102922258109,0.002506351654704,1.0,oracle_mpc,False,False,False,False,60.0,0.7080226961951996,-0.0919773038048004,4.110622111080353,33.4211112516917,6.544036160008559,3.534577964855761,198,0.702020202020202,59,1443.9308843434371,5493.303900000001,0.95,0,False,False,False,True,1,0.005050505050505,198,1.0,0,0.0,67,0.3383838383838384,target_not_reached;current_change_violation;optimizer_success_fraction;mpc_fallback
lhs_047,latin_hypercube,0.1654298470925309,23.45611750429236,1.026673295959076,0.9085615168559308,1.172067064026022,1.1362632997409978,1.1734878134095592,0.9425174498497484,0.0017081478123918,-0.2616838751734078,-0.0010757111414557,0.0014140911585616,1.0,nominal_mpc,True,True,False,False,44.833333333333336,0.8003212712349689,0.0003212712349688,4.136005147219899,34.066788193170645,10.0,5.07065112487587,129,0.9069767441860463,12,996.89300775193,6216.913800000043,0.95,0,False,False,False,True,40,0.3100775193798449,103,0.7984496124031008,3,0.0232558139534883,26,0.2015503875968992,current_change_violation;optimizer_success_fraction;mpc_fallback
lhs_047,latin_hypercube,0.1654298470925309,23.45611750429236,1.026673295959076,0.9085615168559308,1.172067064026022,1.1362632997409978,1.1734878134095592,0.9425174498497484,0.0017081478123918,-0.2616838751734078,-0.0010757111414557,0.0014140911585616,1.0,oracle_mpc,True,True,False,False,44.583333333333336,0.80059100686164,0.0005910068616399,4.142249765323471,33.99708362270854,10.0,5.215472246123877,132,0.8863636363636364,15,927.8292333333316,5818.897300000117,0.95,0,False,False,False,True,37,0.2803030303030303,106,0.803030303030303,3,0.0227272727272727,31,0.2348484848484848,current_change_violation;optimizer_success_fraction;mpc_fallback
lhs_048,latin_hypercube,0.1767245702686954,22.012961515747584,0.9489233319423273,0.8961058076171474,0.9756922843132604,1.0654725948316863,0.8383810738688594,1.0625866779260065,0.0034571060382745,0.3007579615243344,-0.0040341835518143,0.0031838841825375,1.0,nominal_mpc,True,True,False,False,36.583333333333336,0.7965159308231444,-0.0034840691768556,4.129278148205556,33.31452031077321,10.0,5.033402722967985,95,0.9789473684210528,2,646.3791473684068,5513.517800000045,0.95,0,False,False,False,True,37,0.3894736842105263,66,0.6947368421052632,3,0.031578947368421,9,0.0947368421052631,current_change_violation;mpc_fallback
lhs_048,latin_hypercube,0.1767245702686954,22.012961515747584,0.9489233319423273,0.8961058076171474,0.9756922843132604,1.0654725948316863,0.8383810738688594,1.0625866779260065,0.0034571060382745,0.3007579615243344,-0.0040341835518143,0.0031838841825375,1.0,oracle_mpc,True,True,False,False,35.666666666666664,0.7943517984554296,-0.0056482015445704,4.1403866628383055,33.48745458420242,10.0,5.826738255550181,116,0.8793103448275862,14,1041.476002586233,5144.269399999985,0.95,0,False,False,False,True,48,0.4137931034482758,86,0.7413793103448276,5,0.043103448275862,38,0.3275862068965517,current_change_violation;optimizer_success_fraction;mpc_fallback
lhs_049,latin_hypercube,0.2067700007119461,17.832551146977043,1.01928047815018,1.1510218923644142,1.0448957272339503,1.1032804816532304,1.1341083458886676,1.0351492893162562,-0.0030586098938899,-0.1908840296066042,0.0021329181358729,0.0015835597129621,1.0,nominal_mpc,True,True,False,False,42.0,0.8017403656873219,0.0017403656873218,4.168799344393515,34.01548610447158,10.0,6.07874842262419,144,0.8333333333333334,24,1011.8197159722102,4812.632399999984,0.95,0,False,False,False,True,70,0.4861111111111111,98,0.6805555555555556,6,0.0416666666666666,54,0.375,current_change_violation;optimizer_success_fraction;mpc_fallback
lhs_049,latin_hypercube,0.2067700007119461,17.832551146977043,1.01928047815018,1.1510218923644142,1.0448957272339503,1.1032804816532304,1.1341083458886676,1.0351492893162562,-0.0030586098938899,-0.1908840296066042,0.0021329181358729,0.0015835597129621,1.0,oracle_mpc,True,True,False,False,41.833333333333336,0.802129574135251,0.0021295741352509,4.144107356243866,33.835818859869946,10.0,5.138857416227424,118,0.9322033898305084,8,655.8556974576401,5284.011200000123,0.95,0,False,False,False,True,58,0.4915254237288136,71,0.6016949152542372,4,0.0338983050847457,22,0.1864406779661017,current_change_violation;optimizer_success_fraction;mpc_fallback
lhs_050,latin_hypercube,0.1119228032033503,23.774355216511708,1.0887619461135942,1.125345745534724,1.178269005078783,1.0403169334126188,0.8165474521760127,1.0269427958527615,0.0025946858182652,0.4534529516965023,-0.0037196109038525,0.0043561744348658,1.0,nominal_mpc,True,True,False,False,56.16666666666666,0.7962985090928273,-0.0037014909071727,4.1565842864506255,33.227273911093064,10.0,4.667239802351307,169,0.893491124260355,18,930.7202591716056,5001.9664000001285,0.95,0,False,False,False,True,51,0.301775147928994,134,0.7928994082840237,2,0.0118343195266272,42,0.2485207100591716,current_change_violation;optimizer_success_fraction;mpc_fallback
lhs_050,latin_hypercube,0.1119228032033503,23.774355216511708,1.0887619461135942,1.125345745534724,1.178269005078783,1.0403169334126188,0.8165474521760127,1.0269427958527615,0.0025946858182652,0.4534529516965023,-0.0037196109038525,0.0043561744348658,1.0,oracle_mpc,True,True,False,False,57.91666666666666,0.798702593429275,-0.001297406570725,4.140036041265438,33.38462895802036,10.0,5.344963923472554,189,0.8571428571428571,27,1006.5323238095228,5056.482599999981,0.95,0,False,False,False,True,58,0.3068783068783068,148,0.783068783068783,2,0.0105820105820105,62,0.328042328042328,current_change_violation;optimizer_success_fraction;mpc_fallback
lhs_051,latin_hypercube,0.130365355212346,29.504250750914704,1.0826321606787372,1.0930118166148708,0.9373383323228256,0.970686576072146,1.1071931579352832,1.0190379287014115,-0.002224186078067,0.2399355194610988,-0.0016293773164663,0.0021462460603326,1.0,nominal_mpc,False,False,False,False,60.0,0.5430649822646807,-0.2569350177353193,3.935716193800182,33.63736737731322,6.619086927915453,3.537360456849785,197,0.6649746192893401,66,1440.781248223341,5412.964800000054,0.95,0,False,False,False,True,0,0.0,197,1.0,0,0.0,66,0.3350253807106599,target_not_reached;current_change_violation;optimizer_success_fraction;mpc_fallback
lhs_051,latin_hypercube,0.130365355212346,29.504250750914704,1.0826321606787372,1.0930118166148708,0.9373383323228256,0.970686576072146,1.1071931579352832,1.0190379287014115,-0.002224186078067,0.2399355194610988,-0.0016293773164663,0.0021462460603326,1.0,oracle_mpc,False,False,False,False,60.0,0.5591399311539298,-0.2408600688460702,3.943825526474377,33.59230682480309,6.041647535557988,3.1372196306761038,188,0.723404255319149,52,1288.6258643616927,10031.203200000164,0.95,0,False,False,False,True,0,0.0,188,1.0,0,0.0,55,0.2925531914893617,target_not_reached;current_change_violation;optimizer_success_fraction;mpc_fallback
lhs_052,latin_hypercube,0.2480890545497508,26.8153701954054,0.9762446424897924,0.9366714215504024,1.0719690805645925,0.993411907321083,0.8689494690186456,0.9493529615036902,-0.0004437904767089,-0.2852202484717384,0.0043288980385975,0.0017681205464985,1.0,nominal_mpc,True,True,False,False,39.083333333333336,0.7951556680721777,-0.0048443319278222,4.13824160981954,33.85116376378462,8.954683053657387,3.782760870050744,104,0.971153846153846,3,697.3979432692133,6067.140899999686,0.95,0,False,False,False,True,30,0.2884615384615384,85,0.8173076923076923,0,0.0,12,0.1153846153846153,current_change_violation;mpc_fallback
lhs_052,latin_hypercube,0.2480890545497508,26.8153701954054,0.9762446424897924,0.9366714215504024,1.0719690805645925,0.993411907321083,0.8689494690186456,0.9493529615036902,-0.0004437904767089,-0.2852202484717384,0.0043288980385975,0.0017681205464985,1.0,oracle_mpc,True,True,False,False,40.41666666666666,0.7970022450925734,-0.0029977549074265,4.143417236147664,34.02858042019665,9.918012767115323,4.733048442988726,127,0.8503937007874016,19,1052.6542078740017,4851.643500000137,0.95,0,False,False,False,True,43,0.3385826771653543,103,0.8110236220472441,1,0.0078740157480314,37,0.2913385826771653,current_change_violation;optimizer_success_fraction;mpc_fallback
lhs_053,latin_hypercube,0.1612386189740347,18.97263696763891,1.0307859306288385,0.9941381460929556,1.0605294524294786,1.1217108484369351,0.8835144049903574,1.0396493465274423,0.0017498256621159,-0.0754334779168055,-0.0020782352630871,-0.0020480485002468,1.0,nominal_mpc,True,True,False,False,39.25,0.7965251975927649,-0.0034748024072351,4.14415617511588,33.78054750913421,10.0,5.531605033181109,112,0.9375,7,831.1764955357189,5772.437399999944,0.95,0,False,False,False,True,53,0.4732142857142857,72,0.6428571428571429,6,0.0535714285714285,22,0.1964285714285714,current_change_violation;optimizer_success_fraction;mpc_fallback
lhs_053,latin_hypercube,0.1612386189740347,18.97263696763891,1.0307859306288385,0.9941381460929556,1.0605294524294786,1.1217108484369351,0.8835144049903574,1.0396493465274423,0.0017498256621159,-0.0754334779168055,-0.0020782352630871,-0.0020480485002468,1.0,oracle_mpc,True,True,False,False,39.0,0.7961837609858405,-0.0038162390141595,4.144990647738864,33.906394988315064,10.0,6.059816437073189,120,0.9166666666666666,10,887.1691450000071,5947.917899999993,0.95,0,False,False,False,True,58,0.4833333333333333,75,0.625,7,0.0583333333333333,33,0.275,current_change_violation;optimizer_success_fraction;mpc_fallback
lhs_054,latin_hypercube,0.1146377478183217,20.03076791488779,0.9663056957865496,0.9411452328480172,0.9542700972100232,0.8917688368592104,1.0648491287470407,1.046733102403048,-0.0041987267109831,-0.4821853895772097,0.004776146072042,0.0011966551583186,1.0,nominal_mpc,True,True,False,False,44.083333333333336,0.8059943916321104,0.0059943916321103,4.14001404808892,34.51879796831945,10.0,5.911687030533117,145,0.8827586206896552,17,950.146584137963,5835.337100000288,0.95,0,False,False,False,True,51,0.3517241379310344,106,0.7310344827586207,5,0.0344827586206896,48,0.3310344827586207,current_change_violation;optimizer_success_fraction;mpc_fallback
lhs_054,latin_hypercube,0.1146377478183217,20.03076791488779,0.9663056957865496,0.9411452328480172,0.9542700972100232,0.8917688368592104,1.0648491287470407,1.046733102403048,-0.0041987267109831,-0.4821853895772097,0.004776146072042,0.0011966551583186,1.0,oracle_mpc,True,True,False,False,44.083333333333336,0.8058535469957275,0.0058535469957274,4.144731440934937,34.356414228677565,10.0,5.418395949855802,129,0.9302325581395348,9,871.4101147286946,5482.221199999913,0.95,0,False,False,False,True,40,0.3100775193798449,96,0.7441860465116279,4,0.0310077519379844,28,0.2170542635658914,current_change_violation;optimizer_success_fraction;mpc_fallback
lhs_055,latin_hypercube,0.2504386684319857,16.381531570503952,0.9897222588333602,1.1332581919926918,0.853142534451756,1.04824529580544,1.1971595890829532,1.0588117056672397,-4.724882987749112e-05,-0.0036139329275414,-0.0014240562540411,0.0007228243300142,1.0,nominal_mpc,True,True,False,False,37.083333333333336,0.7999547946998748,-4.520530012519508e-05,4.169221951169804,33.74676958009301,10.0,6.807752907519077,126,0.8412698412698413,20,1011.5402738095196,7592.680200000359,0.95,0,False,False,False,True,73,0.5793650793650794,81,0.6428571428571429,6,0.0476190476190476,46,0.365079365079365,current_change_violation;optimizer_success_fraction;mpc_fallback
lhs_055,latin_hypercube,0.2504386684319857,16.381531570503952,0.9897222588333602,1.1332581919926918,0.853142534451756,1.04824529580544,1.1971595890829532,1.0588117056672397,-4.724882987749112e-05,-0.0036139329275414,-0.0014240562540411,0.0007228243300142,1.0,oracle_mpc,True,True,False,False,36.833333333333336,0.8016139318361728,0.0016139318361727,4.144310358245075,33.53939643353176,10.0,5.2016954569017,104,0.9326923076923076,7,784.7316692307712,5949.920200000179,0.95,0,False,False,False,True,65,0.625,63,0.6057692307692307,4,0.0384615384615384,19,0.1826923076923076,current_change_violation;optimizer_success_fraction;mpc_fallback
lhs_056,latin_hypercube,0.211501525735625,19.252502127302133,1.0461152169082606,0.8070213718868158,0.9455134383099872,1.0071862441914012,0.9316178398148576,0.9447549460460238,-0.0031482298570918,-0.2432991327150474,-0.0043881933258755,0.0013951318998095,1.0,nominal_mpc,True,True,True,True,33.916666666666664,0.8069227729659713,0.0069227729659712,4.132271710342879,33.44023535299947,10.0,2.0000000000000018,86,1.0,0,482.4691883720895,2379.606599999988,0.95,0,False,False,False,False,42,0.4883720930232558,47,0.5465116279069767,6,0.0697674418604651,5,0.0581395348837209,none
lhs_056,latin_hypercube,0.211501525735625,19.252502127302133,1.0461152169082606,0.8070213718868158,0.9455134383099872,1.0071862441914012,0.9316178398148576,0.9447549460460238,-0.0031482298570918,-0.2432991327150474,-0.0043881933258755,0.0013951318998095,1.0,oracle_mpc,True,True,False,False,33.583333333333336,0.8070099547029764,0.0070099547029763,4.147297538753447,33.75269052925425,10.0,6.332876781038732,99,0.9292929292929292,7,854.7862272727174,5634.739099999933,0.95,0,False,False,False,True,43,0.4343434343434343,58,0.5858585858585859,9,0.0909090909090909,23,0.2323232323232323,current_change_violation;optimizer_success_fraction;mpc_fallback
lhs_057,latin_hypercube,0.2392690028254715,27.978396175851834,1.0645690329587203,0.9044940857688896,1.0090968539410912,1.0319212854224615,0.8533389621402732,0.934709063291342,-0.00459239383223,-0.4169890459236418,0.004662207985568,-0.0047467459397289,1.0,nominal_mpc,True,True,False,False,47.833333333333336,0.8057857533526844,0.0057857533526843,4.142133793248511,34.01428383221054,8.140738989769213,4.134413458507424,130,0.9384615384615383,8,758.2512215384772,7003.503199999614,0.95,0,False,False,False,True,36,0.2769230769230769,104,0.8,0,0.0,19,0.1461538461538461,current_change_violation;optimizer_success_fraction;mpc_fallback
lhs_057,latin_hypercube,0.2392690028254715,27.978396175851834,1.0645690329587203,0.9044940857688896,1.0090968539410912,1.0319212854224615,0.8533389621402732,0.934709063291342,-0.00459239383223,-0.4169890459236418,0.004662207985568,-0.0047467459397289,1.0,oracle_mpc,True,True,False,False,47.75,0.8062807859505801,0.00628078595058,4.150965551486665,34.21024707825509,9.347599918808449,4.932810344394069,154,0.8311688311688312,26,1221.024174675322,5522.015900000042,0.95,0,False,False,False,True,42,0.2727272727272727,128,0.8311688311688312,0,0.0,49,0.3181818181818182,current_change_violation;optimizer_success_fraction;mpc_fallback
lhs_058,latin_hypercube,0.2755277646338174,23.044389651468776,0.9176556092321686,0.8854200831808519,0.8807784907770825,1.015797288470092,0.998588861069329,1.099008217097161,-0.00280990085772,-0.0181968771788915,0.0036191323822118,-0.0004716784070799,1.0,nominal_mpc,True,True,False,False,32.75,0.8005069954570959,0.0005069954570958,4.134006323285842,33.71091001944716,10.0,5.127299673648001,100,0.9,10,966.2158249999992,5611.359700000321,0.95,0,False,False,False,True,41,0.41,76,0.76,2,0.02,26,0.26,current_change_violation;optimizer_success_fraction;mpc_fallback
lhs_058,latin_hypercube,0.27552776463381745,23.044389651468776,0.9176556092321686,0.8854200831808519,0.8807784907770825,1.015797288470092,0.998588861069329,1.099008217097161,-0.0028099008577200596,-0.01819687717889157,0.003619132382211868,-0.0004716784070799857,1.0,oracle_mpc,True,True,False,False,32.0,0.8006459750147112,0.0006459750147111976,4.146719565686751,33.700634021513316,10.0,5.48180307174367,105,0.8666666666666667,14,1493.1507828571566,7038.686799999596,0.95,0,False,False,False,True,42,0.4,88,0.8380952380952381,2,0.01904761904761905,35,0.3333333333333333,current_change_violation;optimizer_success_fraction;mpc_fallback
lhs_059,latin_hypercube,0.18319143502419688,15.88197118029406,0.9055502389711158,1.0263665290731898,1.199294739696747,1.123254214929162,1.1875001356014143,1.0721182429861695,-0.0011562839595693946,-0.1778230311998869,0.0018065877314876301,0.0037207491354392707,1.0,nominal_mpc,True,True,False,False,34.916666666666664,0.8022262910658396,0.002226291065839603,4.146388916248514,34.013199540601896,10.0,6.318225783586709,112,0.8928571428571429,12,1259.3030830357382,6986.721400000533,0.95,0,False,False,False,True,61,0.5446428571428571,64,0.5714285714285714,8,0.07142857142857142,35,0.3125,current_change_violation;optimizer_success_fraction;mpc_fallback
lhs_059,latin_hypercube,0.18319143502419688,15.88197118029406,0.9055502389711158,1.0263665290731898,1.199294739696747,1.123254214929162,1.1875001356014143,1.0721182429861695,-0.0011562839595693946,-0.1778230311998869,0.0018065877314876301,0.0037207491354392707,1.0,oracle_mpc,True,True,False,False,34.916666666666664,0.8020341906656325,0.002034190665632485,4.142178780165223,33.940003034772026,10.0,5.382663488921756,98,0.9591836734693877,4,891.4145071428497,6518.110099999831,0.95,0,False,False,False,True,51,0.5204081632653061,54,0.5510204081632653,7,0.07142857142857142,17,0.17346938775510204,current_change_violation;mpc_fallback
lhs_060,latin_hypercube,0.152987183838897,18.078696290894218,1.0610888722332965,0.8919793997980536,1.0831951030676494,0.8604220471785841,0.8975450942757105,1.09049457587494,0.0010183293914052512,-0.30580368018440507,-0.002188001828466836,0.0008883790980242969,1.0,nominal_mpc,True,True,False,False,39.416666666666664,0.7967023482687362,-0.00329765173126384,4.13234792334927,34.229384237509386,10.0,6.044544112011415,110,0.9545454545454546,5,999.5307127272182,6646.513599999707,0.95,0,False,False,False,True,51,0.4636363636363636,67,0.6090909090909091,6,0.05454545454545454,19,0.17272727272727273,current_change_violation;mpc_fallback
lhs_060,latin_hypercube,0.152987183838897,18.078696290894218,1.0610888722332965,0.8919793997980536,1.0831951030676494,0.8604220471785841,0.8975450942757105,1.09049457587494,0.0010183293914052512,-0.30580368018440507,-0.002188001828466836,0.0008883790980242969,1.0,oracle_mpc,True,True,False,False,38.0,0.7956573059673148,-0.004342694032685279,4.147568904892519,34.36685502561954,10.0,6.037329684398664,115,0.9304347826086956,8,1217.8146000000197,6825.593600000502,0.95,0,False,False,False,True,51,0.4434782608695652,79,0.6869565217391305,7,0.06086956521739131,29,0.25217391304347825,current_change_violation;optimizer_success_fraction;mpc_fallback
lhs_061,latin_hypercube,0.11912893921242625,24.341279073285463,0.9644533341578444,0.8232535666821243,0.9566067307343168,1.112283935933388,1.0101586996656309,0.9250717278123226,0.004392992856599011,-0.2699424786518514,-0.003413201327026671,-0.0039042378822180465,1.0,nominal_mpc,True,True,False,False,40.833333333333336,0.795230924229403,-0.004769075770597042,4.131353313339929,33.74220322504532,10.0,4.415424196551889,113,0.9469026548672567,6,994.625058407037,6130.835799999659,0.95,0,False,False,False,True,34,0.3008849557522124,88,0.7787610619469026,2,0.017699115044247787,18,0.1592920353982301,current_change_violation;optimizer_success_fraction;mpc_fallback
lhs_061,latin_hypercube,0.11912893921242625,24.341279073285463,0.9644533341578444,0.8232535666821243,0.9566067307343168,1.112283935933388,1.0101586996656309,0.9250717278123226,0.004392992856599011,-0.2699424786518514,-0.003413201327026671,-0.0039042378822180465,1.0,oracle_mpc,True,True,False,False,40.583333333333336,0.7974639721652462,-0.002536027834753818,4.145339085534351,33.9591705590117,10.0,5.658099049840736,127,0.8740157480314961,16,1375.873347244102,6480.9485000005225,0.95,0,False,False,False,True,32,0.25196850393700787,106,0.8346456692913385,4,0.031496062992125984,36,0.28346456692913385,current_change_violation;optimizer_success_fraction;mpc_fallback
lhs_062,latin_hypercube,0.10889482165422903,24.399230280924854,1.0179109197523917,0.9438487939129521,0.9729634968011185,0.8650723443472835,1.1812799312198465,0.977512097426127,-0.001005262997195183,0.11772607057738904,0.0015740499226688945,0.00044722290578762345,1.0,nominal_mpc,True,True,False,False,57.416666666666664,0.8005986311739357,0.0005986311739356598,4.1385149423064265,33.66958036649972,9.999999999999988,5.061978834181855,198,0.8181818181818182,36,1166.045922727266,6180.17190000046,0.95,0,False,False,False,True,47,0.23737373737373738,170,0.8585858585858586,2,0.010101010101010102,75,0.3787878787878788,current_change_violation;optimizer_success_fraction;mpc_fallback
lhs_062,latin_hypercube,0.10889482165422903,24.399230280924854,1.0179109197523917,0.9438487939129521,0.9729634968011185,0.8650723443472835,1.1812799312198465,0.977512097426127,-0.001005262997195183,0.11772607057738904,0.0015740499226688945,0.00044722290578762345,1.0,oracle_mpc,True,True,False,False,57.333333333333336,0.8010915985953329,0.00109159859533281,4.143390397786321,33.58380696462159,9.78205350352255,4.7752630212784535,183,0.819672131147541,33,1220.3527245901569,6718.046299999514,0.95,0,False,False,False,True,42,0.22950819672131148,156,0.8524590163934426,0,0.0,56,0.30601092896174864,current_change_violation;optimizer_success_fraction;mpc_fallback
lhs_063,latin_hypercube,0.22737535575319126,27.76565522388301,1.0385049959677237,1.1854489006108482,1.1187740450764672,1.0044240556427906,1.0722797035894993,0.9683665399499566,-0.0029360669872723604,0.4701103302718942,0.003537053450779,-0.004946499924563096,1.0,nominal_mpc,False,False,False,False,60.0,0.7453144585999851,-0.054685541400014914,4.171103700238297,33.47606767038099,7.955559808016436,4.148826870937665,217,0.7050691244239631,64,1503.3023728110365,6485.228499999721,0.95,0,False,False,False,True,36,0.16589861751152074,216,0.9953917050691244,0,0.0,91,0.41935483870967744,target_not_reached;current_change_violation;optimizer_success_fraction;mpc_fallback
lhs_063,latin_hypercube,0.22737535575319126,27.76565522388301,1.0385049959677237,1.1854489006108482,1.1187740450764672,1.0044240556427906,1.0722797035894993,0.9683665399499566,-0.0029360669872723604,0.4701103302718942,0.003537053450779,-0.004946499924563096,1.0,oracle_mpc,False,False,False,False,60.0,0.7580462954628382,-0.04195370453716185,4.149007670263895,33.409130560180486,7.332849131703199,4.103074578931158,207,0.7246376811594203,57,1455.6401294685465,8491.13959999977,0.95,0,False,False,False,True,36,0.17391304347826086,204,0.9855072463768116,0,0.0,78,0.37681159420289856,target_not_reached;current_change_violation;optimizer_success_fraction;mpc_fallback
nominal,nominal,0.1,25.0,1.0,1.0,1.0,1.0,1.0,1.0,0.0,0.0,0.0,0.0,0.0,nominal_mpc,True,True,True,True,53.083333333333336,0.7995275104645643,-0.0004724895354357,4.1400000000000095,33.50000000238229,9.894715516470807,2.0000000000000018,131,1.0,0,247.3690244274788,1527.4693999963347,0.95,0,False,False,False,False,35,0.2671755725190839,108,0.8244274809160306,0,0.0,4,0.0305343511450381,none
nominal,nominal,0.1,25.0,1.0,1.0,1.0,1.0,1.0,1.0,0.0,0.0,0.0,0.0,0.0,oracle_mpc,True,True,True,True,53.083333333333336,0.7995275104645643,-0.0004724895354357,4.1400000000000095,33.50000000238229,9.894715516470807,2.0000000000000018,131,1.0,0,244.8247274809796,1491.3390000001527,0.95,0,False,False,False,False,35,0.2671755725190839,108,0.8244274809160306,0,0.0,4,0.0305343511450381,none
