scenario_id,scenario_kind,initial_soc,ambient_temperature_c,capacity_multiplier,resistance_multiplier,time_constant_multiplier,heat_capacity_multiplier,thermal_resistance_multiplier,heat_gain_multiplier,soc_bias,temperature_bias_c,polarization_fast_bias_v,polarization_slow_bias_v,noise_scale,controller_declared_complete,true_target_acceptable,completion_success,physical_safe,charge_time_min,final_true_soc,terminal_true_soc_error,maximum_voltage_v,maximum_temperature_c,maximum_current_a,maximum_current_change_a,material_intervention_fraction,mean_filter_correction_a
nominal,nominal,0.1,25.0,1.0,1.0,1.0,1.0,1.0,1.0,0.0,0.0,0.0,0.0,0.0,True,True,True,True,52.083333333333336,0.7995715707365821,-0.00042842926341790655,4.140009999999975,33.500009999999996,8.317028930444819,2.0,0.032,0.025718886402505848
corner_hot_resistive_optimistic,directed_corner,0.1,30.0,0.9,1.2,1.0,0.85,1.2,1.1,0.005,-0.5,-0.005,-0.005,1.0,False,False,False,False,60.0,0.5182960632752506,-0.28170393672474947,3.9406127481061834,34.77442136550512,9.020009833003757,6.409208810900393,0.5583333333333333,1.7158237043470856
corner_cold_resistive,directed_corner,0.1,15.0,1.0,1.2,1.2,1.0,1.0,1.0,0.0,0.0,-0.005,-0.005,1.0,True,True,True,True,58.166666666666664,0.8021097004498364,0.0021097004498363825,4.170320124211069,24.13372261060894,5.907230597829782,2.0,0.1332378223495702,0.15785048756685033
corner_observer_optimistic,directed_corner,0.3,25.0,1.0,1.0,1.0,1.0,1.0,1.0,0.005,-0.5,-0.005,-0.005,1.0,True,True,True,True,51.333333333333336,0.7960115583126364,-0.003988441687363675,4.151650258667848,30.366589876876134,8.276154315231548,2.0,0.4042207792207792,0.3045928582637919
corner_observer_pessimistic,directed_corner,0.3,25.0,1.0,1.0,1.0,1.0,1.0,1.0,-0.005,0.5,0.005,0.005,1.0,True,True,True,False,41.583333333333336,0.8021548727205496,0.0021548727205495943,4.145986978099198,33.356294051956965,8.253794338847555,4.848393780402061,0.2965931863727455,0.3918908829278376
lhs_000,latin_hypercube,0.12617875946400733,17.197093080890664,0.9251706122666651,1.1058862750601826,0.8497595631788353,0.9210000167555839,0.9134428748621495,1.023286497566416,-0.0019167610650933338,-0.1699547282144091,0.004126524786258933,-0.0008546257208345434,1.0,True,True,True,True,51.25,0.8022744244784181,0.00227442447841808,4.150688749650987,27.32925183859251,8.896388645952957,2.0,0.16585365853658537,0.1808456459576915
lhs_001,latin_hypercube,0.14476994276650326,22.460928663984188,1.0811353138604347,1.0660024965447432,0.9959626592611058,0.8846940905885763,1.0794193022653285,1.007714679691327,-0.00047778447428827205,-0.11384017322805468,-0.0006265000995984774,-0.0017640630404429196,1.0,True,True,True,False,54.0,0.7990228293449699,-0.000977170655030113,4.153336984105254,34.00047053070607,8.318568305935681,4.695154578007792,0.2993827160493827,0.4082603557425631
lhs_002,latin_hypercube,0.20386549241193286,28.712054372962264,1.0569376857315438,0.8055939690477061,0.8179525606438596,1.1126136728699767,0.8448054285619114,0.9524780116663104,0.0028361644023803647,0.05294829387605038,-0.0025449250853056215,0.0034021572621895308,1.0,True,True,True,False,52.916666666666664,0.7965719078718521,-0.003428092128147986,4.1284624708342585,33.74699908644432,8.024293073374249,5.719446447167812,0.46614173228346456,0.693121118224337
lhs_003,latin_hypercube,0.23140047463664554,15.674735475846893,1.0016242407810003,1.1081289270466834,1.1065329898121432,1.1273397130178622,1.1460845641746835,1.0925201836937373,0.0013145815961560217,-0.0856540979569112,-0.002677791854349131,-0.0019726419469829255,1.0,True,True,True,True,48.333333333333336,0.7998125158066347,-0.00018748419336533928,4.1551392392574575,24.734693400297648,5.820177043761314,2.0,0.14482758620689656,0.12044841351618374
lhs_004,latin_hypercube,0.2648662048659354,24.61416359309012,1.0922005136225075,0.8299152661582713,0.802528879960656,0.8707172957302043,0.9796503406775942,0.9171348082820054,-0.0037272022585634456,0.2838616969362018,-0.003072996268990007,-0.0036808200418728737,1.0,True,True,True,True,43.583333333333336,0.801170025682154,0.0011700256821539634,4.137159741990452,31.90527430257996,8.299918760048905,2.0000000000000004,0.2887189292543021,0.15939370238164305
lhs_005,latin_hypercube,0.1340854501460514,23.421210887807092,0.995996841917262,0.9246413364161465,1.0318423347625656,0.9166086866800691,0.8574901118613376,1.0701103768067626,0.0033819004844784653,0.12628179563942465,0.001984386798715613,0.004913106842356996,1.0,False,False,False,True,60.0,0.7229389475094107,-0.07706105249058937,4.0840176901576015,29.423777742487136,8.18298504738156,2.0,0.001388888888888889,0.0019418440536518508
lhs_006,latin_hypercube,0.20010796223280067,25.492845512217453,0.9907504658716133,0.8462242696075193,1.140882483497443,1.0358190519640698,1.0573497946450217,0.9800355033964893,-0.0023842940621607834,-0.37659965567273074,0.0006862226240750401,-0.003272992591680933,1.0,True,True,True,False,42.416666666666664,0.8033098233267696,0.0033098233267695454,4.142267562083367,34.21797220003563,8.320812292283385,5.5245125549003,0.4675834970530452,0.5337380202431582
lhs_007,latin_hypercube,0.18479410709899735,26.42479849223868,0.9012104664875864,0.9933638550800477,0.8092404308478457,0.9352660554268337,0.904909101222733,1.0421043582611285,-0.0018142764883305085,0.31565888576697454,0.0009865417206055627,-0.0014895457079963361,1.0,True,True,True,False,47.5,0.8006008544745757,0.0006008544745756961,4.14940954959625,33.536299819748535,8.230370280610455,7.092328588308805,0.4368421052631579,0.6890926869998424
lhs_008,latin_hypercube,0.2850743526569496,25.247844139764346,1.013193552500972,0.9681719505898942,1.1514130570941534,1.0253018806427876,0.8900724529133812,0.9226733971656388,0.0010984207459157347,-0.49678005218573323,0.0025964444747773197,-0.00013557133997184074,1.0,True,True,True,True,52.666666666666664,0.7967521401230776,-0.003247859876922443,4.137260422695687,29.486369636048234,8.289198302100907,2.0,0.3180379746835443,0.2611956753786958
lhs_009,latin_hypercube,0.2954608700331405,17.09773326519801,0.9344603649945196,0.8656171584085884,1.1686722467239665,0.9799287498108844,0.9553231346037476,0.9829224197694418,0.004631405357149408,0.33126485007997986,0.002448548021341093,-0.002452796853976159,1.0,True,True,True,True,36.833333333333336,0.7963388506717287,-0.0036611493282713292,4.136807909494912,23.396868469586128,5.54307977262323,2.0,0.1334841628959276,0.09938473992164695
lhs_010,latin_hypercube,0.1917080401700475,28.892909192308682,0.9235432616970745,0.8168596193054966,0.906537285223686,0.9667741337409399,1.0220594621147512,0.9096934353432284,0.004167213428833186,-0.4315320858710706,0.0045065944428158275,0.004785128672516583,1.0,True,True,True,False,51.583333333333336,0.7958513771171319,-0.004148622882868103,4.11848563576085,34.36733551712726,8.07437683083188,6.158873016125229,0.420032310177706,0.8162152392632871
lhs_011,latin_hypercube,0.18815049976162246,15.112036572336581,1.008881518529197,1.0047831617971454,0.9861601215768409,0.8562946388374155,1.0973840513925543,1.0548405031154722,-0.0021639846991740952,-0.3992962625745801,-0.0009167094393001188,0.0024561766672019326,1.0,True,True,True,True,50.166666666666664,0.8013788310148747,0.0013788310148746818,4.142645225332609,24.37531924998079,5.6286049486035035,2.0,0.16943521594684385,0.18974707392870332
lhs_012,latin_hypercube,0.21964246830298356,20.942548083382434,0.942525151998616,0.8765169112056466,0.9221522396613288,0.9535143752691166,0.9098969634644449,0.9332169507086998,0.0008863313198978796,0.4247612321814347,0.0005459740865835427,0.0029298805200118566,1.0,True,True,True,True,51.75,0.7993340068585113,-0.000665993141488741,4.131742539184467,25.06221518788022,4.944516173063598,2.0,0.0853462157809984,0.03387243697599451
lhs_013,latin_hypercube,0.2619161548315484,17.483023870714703,1.0430609183839894,1.0565018895231437,1.0157099155524103,1.1335081114601093,1.1311398342385568,0.9092432325980361,0.0026650765084488227,-0.10912315775094106,-0.004787951763717251,-0.0025519570747600056,1.0,True,True,True,True,46.666666666666664,0.7933523872292727,-0.00664761277072734,4.149775484496733,24.463888390939903,5.085304127232863,2.0,0.1125,0.08283811345599448
lhs_014,latin_hypercube,0.2660204770554984,16.834726250340697,1.0708004778674836,0.8357300308815048,1.1567165763078384,0.9468050095798667,0.9201373804633413,0.9948039123259508,-0.0034772199940936105,-0.44167423970430386,0.00033476404349589307,-0.004433629744683056,1.0,True,True,True,True,45.75,0.8010608054814706,0.0010608054814705836,4.139259020155522,23.134207140501267,4.549809324770437,2.0,0.151183970856102,0.10795974733786687
lhs_015,latin_hypercube,0.14700500077659284,27.28581954923037,0.9737914906027598,1.051621832261186,1.1907977960377878,1.091601398976092,1.1392670859508534,1.0783624268161538,-0.0001999357942903653,0.2233056738239838,-0.0004921065452453124,0.003509972954744066,1.0,False,False,False,False,60.0,0.7201029501697834,-0.07989704983021662,4.144140352329965,33.67091067276905,8.585565277661763,5.920828966085421,0.5,1.0928910419954017
lhs_016,latin_hypercube,0.2583983988085057,25.653841998313347,1.076807215387398,1.1398287594619028,0.8713004713064227,1.0606133700526668,0.8033360533703556,1.0150784201051912,0.00402424848855771,0.08046767470580785,-0.0035367823532941036,0.004001048924928581,1.0,False,True,False,True,60.0,0.7933238627398262,-0.006676137260173798,4.152155315539777,30.723266274623235,8.188995395216253,2.0000000000000004,0.5444444444444444,0.6134446056102595
lhs_017,latin_hypercube,0.17218870201124864,26.156334656681828,0.910917524987172,1.121862825136953,1.133189679979666,0.9099434747926217,1.027773040508815,1.0496258238720122,0.004992151113136838,0.1807105070424545,0.0022827154099462855,-0.004095409041016127,1.0,True,True,True,False,55.25,0.7955089477303399,-0.0044910522696601785,4.156893488946775,33.54990670960936,8.324367034017827,6.727767867742408,0.45701357466063347,0.8146262194429353
lhs_018,latin_hypercube,0.2719846866049106,20.171966741064814,0.9704631331431075,1.1679841307796552,1.0930992401653894,0.9434774294879946,1.0480502274870398,1.004961298538613,-0.0048111652493763825,0.26894867330484573,0.001237995961049833,0.004470287612120784,1.0,True,True,True,True,53.833333333333336,0.8041243256567739,0.004124325656773897,4.15165218324419,25.831003699296723,8.316537729746065,2.0,0.12229102167182662,0.07164246601817381
lhs_019,latin_hypercube,0.141632039811806,19.48186584963336,0.9400794342480421,1.0438734209752925,1.0792667779065817,1.0531012287092614,0.9289218351658532,1.0184753439575442,-0.0037805787248938417,-0.31580104628456807,0.0034004474174345175,-0.0007282731013107373,1.0,True,True,True,True,53.5,0.8059244290155358,0.005924429015535804,4.147118278704712,27.7334840154326,8.460392202776081,2.0,0.1261682242990654,0.09661214191546205
lhs_020,latin_hypercube,0.28409581349941826,21.681944946373104,0.9281308062062747,0.9867268224540016,1.1871713141523297,1.0982282068841336,1.1156674598959173,1.0019539041793244,-0.0009176498179950081,0.3552902640707848,-0.004992323419911786,-0.001308190158743013,1.0,True,True,True,True,54.083333333333336,0.8013582680648347,0.0013582680648346335,4.1460222040540495,25.523218452007605,7.233478933234249,2.0,0.01694915254237288,0.0054599581245965275
lhs_021,latin_hypercube,0.22929356684655658,21.46449446821299,0.9535885261913543,1.1727289005392154,0.8301440122752738,0.9053621106878601,0.877289321043629,1.0679086191279266,-0.004455518061003198,0.017842103824170952,0.0032002267299580537,0.002199824605516254,1.0,True,True,True,True,53.166666666666664,0.8052600088090659,0.0052600088090658526,4.158475178501985,29.030510040447574,8.330452650181286,2.0,0.09561128526645768,0.06602829328500497
lhs_022,latin_hypercube,0.1788760671298753,21.32608271434539,0.9818304603007191,1.0958177988192825,1.1145970790505328,1.1024037007769034,0.8072645014937778,0.9566431846237256,0.003228104888298459,-0.1262005753825854,-0.0013416595499396301,-0.004006113537347066,1.0,True,True,True,True,57.0,0.7998641713524393,-0.00013582864756078727,4.150851735778784,26.844916295064326,8.345005604358407,2.0,0.07309941520467836,0.05418085330459929
lhs_023,latin_hypercube,0.279712153661873,27.144689947363393,1.0937660323036609,0.8721678669612984,0.9012062074987884,0.9851149120067655,1.0166915795256066,1.0613180118262964,0.0007384778607524532,0.10163709769261575,0.0029040407034664735,-0.0002884262763881264,1.0,True,True,True,False,50.083333333333336,0.7984134282405543,-0.0015865717594457651,4.13673936387378,33.81074416034642,8.252782893723118,6.2507024496939945,0.480865224625624,0.7777309279090941
lhs_024,latin_hypercube,0.10539608808357649,22.555392165597958,1.036243493957854,0.8426001244345329,0.937818901247141,1.077825499761521,1.005000411620086,0.9537462747838156,-0.004907299988119037,0.1584800730343694,0.000892042309199835,0.004172448353023693,1.0,False,False,False,True,60.0,0.684189639725377,-0.11581036027462299,4.039046206643716,27.59461228865991,8.29350456371281,2.0,0.002777777777777778,0.0018665589631997627
lhs_025,latin_hypercube,0.11816814440882864,16.03793049679631,1.0725541320192105,1.1934171084092402,1.0973276956880995,0.9612596038363681,0.9908634599450478,0.9982481914848091,-0.0012796287645606445,-0.3378662678293515,-0.0003376397909297226,-0.0033867559790081714,1.0,False,True,False,True,60.0,0.798075983115458,-0.0019240168845420236,4.1660246023197125,26.756115935182258,8.937311386879056,2.0,0.1388888888888889,0.14260807105783457
lhs_026,latin_hypercube,0.12295310977789299,29.641133596815408,0.9610812910333578,0.9262684388590544,0.8675130400348059,1.0130322781801913,1.0340171547158907,1.0760489415235335,0.002374604342582672,-0.23393543270729494,-0.004247404682269364,0.004634076062451242,1.0,False,False,False,False,60.0,0.6522056119756179,-0.14779438802438216,4.083305394420072,34.026126535957296,8.312961576669899,5.549571681129763,0.24305555555555555,0.5118080876668081
lhs_027,latin_hypercube,0.17166450357845653,22.734923807590047,0.9570051359440009,0.8572236068968055,0.8815263402549289,1.0428965004986546,1.1596184360279762,0.9392102657483503,-0.001713636531009617,0.26000134132079733,-0.0017490238201177582,0.003058984845779264,1.0,False,False,False,True,60.0,0.7288717389271867,-0.07112826107281334,4.069919353580742,26.723948514977607,8.339878180612788,2.0,0.001388888888888889,0.0010319972329764263
lhs_028,latin_hypercube,0.1988903796003818,18.30658870677393,1.0248841323337003,1.148793965313415,0.896253953413829,1.0882588417808354,1.0870151926526501,1.0334124701824106,0.0022998725789072196,0.197144380444358,0.0027859446795798675,0.0010145175508070184,1.0,True,True,True,True,55.916666666666664,0.7963301690548199,-0.0036698309451801414,4.152010760943043,27.32016656344346,8.659022550990667,2.0,0.10283159463487332,0.05726516475439816
lhs_029,latin_hypercube,0.1558675049108427,16.492190021032656,1.0506152440303194,1.0075794728496186,1.0502644090304853,0.9281905451777785,0.8310034679371529,0.9039280441658301,-0.0014188637127945719,-0.36280919223140795,0.0038083266878005334,-0.002823177855077843,1.0,True,True,True,True,49.916666666666664,0.7996729186315691,-0.00032708136843095925,4.147721865853701,24.85107068877657,6.0281312926511506,2.0,0.18363939899833054,0.23764371676874607
lhs_030,latin_hypercube,0.21832234428103825,28.17077798743258,1.054072629815687,0.9775646891225285,1.021572953366921,1.142035774286335,0.9459452240117283,0.9719529489021009,0.00374407719830049,0.4141163495130348,-0.0018796646427668116,-0.0021944164612354455,1.0,False,False,False,False,60.0,0.7843909233503735,-0.015609076649626519,4.140870282093373,33.59255977817607,8.063845600381542,6.080554462087409,0.38472222222222224,0.7881238323430564
lhs_031,latin_hypercube,0.1573377667908426,19.08196353646673,0.9211505520444417,1.074742708041101,0.8418235118182568,1.0226238793840432,0.8327831894590005,1.0967936172403137,0.004689204054125386,0.14795114759020978,0.004952534094434442,0.0004728612871811519,1.0,True,True,True,True,50.833333333333336,0.7949598666196703,-0.005040133380329714,4.141302239212126,27.643363624246465,8.54956031203722,2.0,0.12131147540983607,0.11133800959749537
lhs_032,latin_hypercube,0.23487128536936733,28.433930120627593,0.9454892144294536,1.0195116235396622,0.9293550758461029,1.148485607093304,1.178798149659868,0.9704375105185126,0.0015609329352512967,-0.15234225830411924,0.00030002914531983196,0.0038187750446151162,1.0,False,True,False,False,60.0,0.7941028289989462,-0.0058971710010538025,4.142369775150295,33.91838107045852,8.022480515095896,6.585754728268547,0.4166666666666667,0.9591408705578011
lhs_033,latin_hypercube,0.16787894911634021,26.01535028958154,1.0121174506712112,0.9151913849576042,1.1037248901488184,0.8930999618995831,1.121627334179832,0.914378831175437,-0.004019366697813049,-0.21038397261858577,0.0013952697955189929,-0.004669096226870152,1.0,True,True,True,False,51.083333333333336,0.8030287464645326,0.00302874646453255,4.147528637598206,34.12507888203074,8.307773162696781,6.168636827626105,0.42414355628058725,0.6066389716436591
lhs_034,latin_hypercube,0.13707452025367658,26.632762770207165,1.0870410421315313,1.081881071339322,1.1302327633243974,0.9131572380719233,0.9733246721245231,0.9895895232425405,0.0042960687131519465,0.006622188470843393,0.0015123922331544137,-0.0034429075670295824,1.0,False,False,False,False,60.0,0.7585349657659161,-0.041465034234083986,4.14895537127224,33.86736457595492,8.631316771335651,6.674676683626018,0.48055555555555557,0.8934378371028288
lhs_035,latin_hypercube,0.2705045723940097,29.886330079519823,0.9785021809011556,0.9600968963556864,0.9128218164156264,0.8769413442815674,1.1527803142822715,0.961617156643831,0.002011781778924024,0.3636927158264831,-0.004647426050169529,0.0018833185746872805,1.0,False,False,False,False,60.0,0.7167874419257344,-0.08321255807426564,4.061288379537909,33.41265868047779,7.946100959139783,6.154597062068593,0.4027777777777778,1.0746493551460623
lhs_036,latin_hypercube,0.24464093445978832,18.742010952784774,0.9093060723947226,0.8544688546217905,0.861257930924231,1.0727994757583854,0.9863871997599026,1.0869829167790785,0.00021759917220082192,-0.3471055391407477,0.002970658941188117,-0.0011039304447757977,1.0,True,True,True,True,41.5,0.799197413021832,-0.0008025869781680406,4.132088698594574,25.05099667743653,5.541566223233222,2.0,0.09437751004016064,0.07348091563455149
lhs_037,latin_hypercube,0.2888756631624042,24.101700334672053,0.9342574956315631,1.1177883599323604,1.038084292016866,0.9976284366736257,0.8666459903852725,1.0819097750939923,0.0030048478116291707,-0.4678969323937866,-0.0024049690055079464,-0.0009694117114472231,1.0,True,True,True,True,50.666666666666664,0.7978310279215519,-0.002168972078448128,4.150267115937313,29.999043822662333,8.172536193722676,2.0,0.12335526315789473,0.08216187532128477
lhs_038,latin_hypercube,0.10083823980563528,17.808809433140873,1.032348401300098,1.1762929665357258,1.0626842720953384,0.8528982542831697,1.0906390434377686,0.9029656316218245,0.00014050939410297988,0.03614836638831831,-0.0011926948396495819,0.00023467807237761984,1.0,False,False,False,True,60.0,0.7665537358189968,-0.03344626418100327,4.155436915503916,27.185398440901636,7.732569952062587,2.0,0.05138888888888889,0.02157750513131276
lhs_039,latin_hypercube,0.29982923994875277,20.420473664676884,1.0041266125006383,1.0353982361978695,0.9880525666890618,0.880338978964447,0.8189723692673428,1.0527604514833169,-0.0025813430045762897,-0.03649198937974568,0.0001318330410800062,0.0001467229296856394,1.0,True,True,True,True,46.416666666666664,0.8037519682036472,0.0037519682036472046,4.150568479218172,26.203650063311088,8.315543317464615,2.0,0.11310592459605028,0.05079011067025705
lhs_040,latin_hypercube,0.19385485073064568,20.766846088821573,0.9858810857286487,0.974989260979851,0.8202346980955096,0.9751416508210045,0.9636435530623025,0.9848708362980287,0.003852290520100737,0.3926681862418764,-0.0032033076562354035,-0.004353164621524103,1.0,False,True,False,True,60.0,0.789798995207625,-0.010201004792375068,4.14343655670448,25.344331036039826,8.108152563277077,2.0,0.013888888888888888,0.004390469084987837
lhs_041,latin_hypercube,0.2136426153636317,15.248252998446368,1.049555902733748,1.0179636328459298,1.0058497827924013,0.8972967093567532,0.9621334953977513,1.0105401718543168,0.0004068252866249568,0.4525401664659965,-0.00017919198270108846,-0.003065472577432946,1.0,True,True,True,True,48.083333333333336,0.7991176580534195,-0.0008823419465805449,4.14759234270588,23.666929553181447,5.9225179554166125,2.0,0.18024263431542462,0.16763670299961617
lhs_042,latin_hypercube,0.22258900582116253,22.259202904227294,0.9139207374622382,1.0410199474286659,0.832270007652078,0.9511210709817158,1.1050661824938994,0.9922455305991984,-0.00431400276439232,-0.04891743471273724,-0.004063006748042325,-0.0027577797080058364,1.0,True,True,True,True,57.583333333333336,0.8013814869594087,0.001381486959408651,4.151556615712908,27.023844098663314,8.299706488853854,2.0,0.024602026049204053,0.006184951729564051
lhs_043,latin_hypercube,0.1398099264725791,19.807684419610055,0.9974226152565827,1.196623503130465,1.1471555731890692,1.0672923679224096,1.1649303235750552,0.9204046566343251,0.0004723413853804856,0.38946226149063956,0.003906873276211294,-0.0004597639875237279,1.0,True,True,True,True,59.083333333333336,0.7995588079953967,-0.0004411920046033524,4.155898759793636,29.39716736555444,8.46211206441539,2.0,0.10155148095909731,0.1072164449481068
lhs_044,latin_hypercube,0.2910427589372192,27.545208176327918,1.098690434273123,1.1624347532662584,1.0262262539141815,0.9898558538745219,1.0544518559976899,1.031174329458659,-0.003375115219281966,0.21661450723721265,-9.46387280083491e-05,-0.001701132876095409,1.0,False,True,False,False,60.0,0.7858567576942493,-0.014143242305750703,4.161195825286905,33.6289114843538,8.15216982810811,6.430431379199396,0.4513888888888889,0.9571314421100068
lhs_045,latin_hypercube,0.25520892632686043,25.01075792774888,0.9508274252908754,0.9513390313268044,0.8916072182659995,1.0808076256073265,0.9398909573141515,0.9626201515547174,0.0021835750071197103,0.0658028916050366,-0.0038960370823883667,0.002764354245669189,1.0,False,False,False,True,60.0,0.7525390633004423,-0.047460936699557754,4.122618025668685,28.49083783229401,8.166316008423868,2.0,0.07916666666666666,0.0320237277634262
lhs_046,latin_hypercube,0.24162071983732325,29.288897488813358,1.0686724103268337,1.0768776398334419,0.9634399491845081,0.932056728135679,1.0380079839239826,0.9304394254652341,-0.0007525622341855373,0.48461143751238756,-0.0029102922258109135,0.0025063516547040223,1.0,False,False,False,False,60.0,0.6852662657609466,-0.11473373423905342,4.154307853107407,33.54125459701627,8.07178570621918,5.895485270107888,0.48333333333333334,1.1927676354432604
lhs_047,latin_hypercube,0.16542984709253097,23.456117504292358,1.026673295959076,0.9085615168559308,1.172067064026022,1.1362632997409978,1.1734878134095592,0.9425174498497484,0.0017081478123918102,-0.26168387517340785,-0.0010757111414557482,0.001414091158561618,1.0,False,False,False,True,60.0,0.680755708520163,-0.11924429147983706,4.019015674168678,28.02259642006591,8.256504367588807,2.0,0.001388888888888889,0.0018462357727013644
lhs_048,latin_hypercube,0.17672457026869548,22.012961515747584,0.9489233319423271,0.8961058076171474,0.9756922843132603,1.0654725948316863,0.8383810738688594,1.0625866779260065,0.0034571060382745733,0.3007579615243344,-0.004034183551814351,0.0031838841825375516,1.0,False,False,False,True,60.0,0.764279150279397,-0.035720849720603076,4.117989452206806,26.670471233181807,8.367816199567544,2.0,0.001388888888888889,0.0007995707480735791
lhs_049,latin_hypercube,0.20677000071194618,17.832551146977043,1.01928047815018,1.1510218923644142,1.0448957272339503,1.1032804816532304,1.1341083458886676,1.0351492893162562,-0.0030586098938899875,-0.19088402960660422,0.0021329181358729077,0.0015835597129621381,1.0,True,True,True,True,55.916666666666664,0.8053963692896235,0.005396369289623504,4.15250257002546,27.287321776553647,8.77009491580938,2.0,0.12667660208643816,0.11237269847402867
lhs_050,latin_hypercube,0.11192280320335034,23.774355216511708,1.0887619461135942,1.125345745534724,1.178269005078783,1.0403169334126188,0.8165474521760127,1.0269427958527617,0.00259468581826521,0.45345295169650235,-0.0037196109038525444,0.004356174434865801,1.0,True,True,True,False,57.0,0.7989093651526096,-0.0010906348473904703,4.156427089156639,33.20268516852378,8.267023292549998,5.247534408142866,0.3435672514619883,0.4455417523215209
lhs_051,latin_hypercube,0.13036535521234605,29.504250750914704,1.0826321606787372,1.0930118166148708,0.9373383323228255,0.9706865760721461,1.1071931579352832,1.0190379287014117,-0.0022241860780670562,0.2399355194610988,-0.0016293773164663015,0.002146246060332607,1.0,False,False,False,False,60.0,0.5319579472861757,-0.2680420527138243,3.9899136096286467,33.70596675244198,9.014783013762766,6.613395724126316,0.5277777777777778,1.4161483253787357
lhs_052,latin_hypercube,0.24808905454975086,26.8153701954054,0.9762446424897923,0.9366714215504023,1.0719690805645925,0.993411907321083,0.8689494690186456,0.9493529615036902,-0.0004437904767089409,-0.28522024847173844,0.0043288980385975855,0.0017681205464985025,1.0,True,True,True,False,40.583333333333336,0.795934452490207,-0.004065547509793044,4.137965952461606,34.11560526779807,8.315072100252172,5.21090161659034,0.3347022587268994,0.44788892446290984
lhs_053,latin_hypercube,0.16123861897403471,18.97263696763891,1.0307859306288385,0.9941381460929557,1.0605294524294786,1.1217108484369351,0.8835144049903574,1.0396493465274423,0.0017498256621159307,-0.07543347791680555,-0.0020782352630871813,-0.002048048500246808,1.0,True,True,True,True,57.083333333333336,0.7941000503934765,-0.0058999496065235135,4.142672240774867,24.964219559980094,5.986696081947019,2.0,0.09927007299270073,0.06699758947474793
lhs_054,latin_hypercube,0.11463774781832174,20.03076791488779,0.9663056957865495,0.9411452328480172,0.9542700972100232,0.8917688368592104,1.0648491287470407,1.046733102403048,-0.004198726710983166,-0.4821853895772097,0.004776146072042005,0.001196655158318627,1.0,True,True,True,True,56.25,0.7988490072277541,-0.0011509927722459512,4.137779294944449,28.895486089983162,8.465889244963854,2.0,0.09185185185185185,0.0727419641004907
lhs_055,latin_hypercube,0.2504386684319857,16.381531570503952,0.9897222588333602,1.1332581919926918,0.853142534451756,1.04824529580544,1.1971595890829532,1.0588117056672397,-4.7248829877491114e-05,-0.0036139329275414744,-0.0014240562540411717,0.0007228243300142264,1.0,True,True,True,True,48.666666666666664,0.8021030289621875,0.002103028962187503,4.156208050182483,24.609973790994005,5.815620680101094,2.0,0.13184931506849315,0.11416858637919863
lhs_056,latin_hypercube,0.21150152573562503,19.252502127302133,1.0461152169082606,0.8070213718868158,0.9455134383099872,1.0071862441914012,0.9316178398148575,0.9447549460460238,-0.003148229857091862,-0.24329913271504744,-0.004388193325875595,0.0013951318998095784,1.0,True,True,True,True,54.083333333333336,0.8046553025476746,0.004655302547674545,4.1341901386452475,24.18242074885486,4.463178731393188,2.0,0.08320493066255778,0.06053658582998834
lhs_057,latin_hypercube,0.2392690028254715,27.978396175851834,1.0645690329587205,0.9044940857688896,1.0090968539410912,1.0319212854224615,0.8533389621402732,0.934709063291342,-0.004592393832230051,-0.41698904592364183,0.00466220798556801,-0.0047467459397289745,1.0,True,True,True,False,51.0,0.8077884381201326,0.007788438120132524,4.142030028965324,34.302764245613496,8.204837101526694,6.0111870942930965,0.45098039215686275,0.749832307911579
lhs_058,latin_hypercube,0.27552776463381745,23.044389651468776,0.9176556092321686,0.8854200831808519,0.8807784907770825,1.015797288470092,0.998588861069329,1.099008217097161,-0.0028099008577200596,-0.01819687717889157,0.003619132382211868,-0.0004716784070799857,1.0,True,True,True,True,47.166666666666664,0.8018022780611312,0.0018022780611312017,4.137865875114686,28.1717078839513,8.193989831469263,2.0,0.13957597173144876,0.056659053678335125
lhs_059,latin_hypercube,0.18319143502419688,15.88197118029406,0.9055502389711158,1.0263665290731898,1.199294739696747,1.123254214929162,1.1875001356014143,1.0721182429861695,-0.0011562839595693946,-0.1778230311998869,0.0018065877314876301,0.0037207491354392707,1.0,True,True,True,True,47.333333333333336,0.8036085540468444,0.0036085540468443478,4.139670140346967,24.616640182279816,5.89820328026852,2.0,0.15845070422535212,0.17428882108476262
lhs_060,latin_hypercube,0.152987183838897,18.078696290894218,1.0610888722332965,0.8919793997980536,1.0831951030676494,0.8604220471785841,0.8975450942757105,1.09049457587494,0.0010183293914052512,-0.30580368018440507,-0.002188001828466836,0.0008883790980242969,1.0,True,True,True,True,57.25,0.7983995115807961,-0.0016004884192039048,4.138865775273723,24.799419901475947,4.616025935356618,2.0,0.10334788937409024,0.06759959993925936
lhs_061,latin_hypercube,0.11912893921242625,24.341279073285463,0.9644533341578444,0.8232535666821243,0.9566067307343168,1.112283935933388,1.0101586996656309,0.9250717278123226,0.004392992856599011,-0.2699424786518514,-0.003413201327026671,-0.0039042378822180465,1.0,False,False,False,True,60.0,0.753611420945976,-0.04638857905402405,4.123290466742853,30.343077460593385,8.307054530575225,2.0,0.009722222222222222,0.004004160518991177
lhs_062,latin_hypercube,0.10889482165422903,24.399230280924854,1.0179109197523917,0.9438487939129521,0.9729634968011185,0.8650723443472835,1.1812799312198465,0.977512097426127,-0.001005262997195183,0.11772607057738904,0.0015740499226688945,0.00044722290578762345,1.0,True,True,True,False,57.0,0.8016993041276941,0.0016993041276940346,4.139420054979897,33.64087256431922,8.320670426439287,5.324169559913672,0.3713450292397661,0.6093784849569335
lhs_063,latin_hypercube,0.22737535575319126,27.76565522388301,1.0385049959677237,1.1854489006108482,1.1187740450764672,1.0044240556427906,1.0722797035894993,0.9683665399499566,-0.0029360669872723604,0.4701103302718942,0.003537053450779,-0.004946499924563096,1.0,False,False,False,False,60.0,0.7273539063842398,-0.07264609361576024,4.1335751889382175,33.496839517298085,8.511184321541695,6.48349134476017,0.5180555555555556,1.3402057729522607
