scenario_id,controller,time_s,true_soc,estimated_soc,charge_current_a,terminal_voltage_v,true_average_temperature_c,control_decision_updated,optimizer_success,prediction_feasible,used_fallback,solve_time_s,active_voltage_constraint,active_temperature_constraint,active_current_upper_constraint,active_current_change_constraint,source
lhs_029,nominal_mpc,0.0,0.1558675049108427,0.1558675049108427,0.0,3.415209255091547,16.492190021032656,False,True,True,False,0.0,False,False,False,False,phase5b0_nominal_mpc
lhs_029,nominal_mpc,5.0,0.15639629559678817,0.15492937980902524,2.0,3.4646093852292847,16.499038547396648,True,True,True,False,0.06502190000173869,False,False,False,True,phase5b0_nominal_mpc
lhs_029,nominal_mpc,10.0,0.1574538769686791,0.1552564262142344,3.9999999999999987,3.5192947347073074,16.52783207969493,True,True,True,False,0.3163088000001153,False,False,False,True,phase5b0_nominal_mpc
lhs_029,nominal_mpc,15.0,0.1590402490265155,0.15694832882628945,5.999999999999999,3.5784050343935783,16.59529004749521,True,True,True,False,0.2978847999984282,False,False,False,True,phase5b0_nominal_mpc
lhs_029,nominal_mpc,20.0,0.16115541177029738,0.1574273339534534,7.999999999999997,3.6412665156328674,16.71929632523846,True,True,True,False,0.1977377000002889,False,False,False,True,phase5b0_nominal_mpc
lhs_029,nominal_mpc,25.0,0.16379936520002472,0.1598613298280804,9.999999999999996,3.7073440483535838,16.918574184408403,True,True,True,False,0.18509540000377456,False,False,True,True,phase5b0_nominal_mpc
lhs_029,nominal_mpc,30.0,0.16644331862975206,0.16251223850859145,9.999999999999996,3.7268706458495813,17.128643764451827,True,True,True,False,0.03978060000372352,False,False,True,False,phase5b0_nominal_mpc
lhs_029,nominal_mpc,35.0,0.1690872720594794,0.16638325776063037,9.999999999999996,3.7436550607732566,17.34712410779134,False,True,True,False,0.0,False,False,False,False,phase5b0_nominal_mpc
lhs_029,nominal_mpc,40.0,0.17173122548920675,0.16854290572734656,9.999999999999996,3.758307316847316,17.572184798616842,False,True,True,False,0.0,False,False,False,False,phase5b0_nominal_mpc
lhs_029,nominal_mpc,45.0,0.1743751789189341,0.17134915184230587,9.999999999999996,3.771290768726423,17.802413913025433,False,True,True,False,0.0,False,False,False,False,phase5b0_nominal_mpc
lhs_029,nominal_mpc,50.0,0.17701913234866143,0.17367851463579345,9.999999999999996,3.782957457979866,18.036717916620844,False,True,True,False,0.0,False,False,False,False,phase5b0_nominal_mpc
lhs_029,nominal_mpc,55.0,0.17966308577838877,0.17730709511402776,9.999999999999996,3.7935749402564567,18.27424568407382,True,True,True,False,0.04671580000285758,False,False,True,False,phase5b0_nominal_mpc
lhs_029,nominal_mpc,60.0,0.1823070392081161,0.1802761302932564,9.999999999999996,3.8033466411973036,18.51433082205525,False,True,True,False,0.0,False,False,False,False,phase5b0_nominal_mpc
lhs_029,nominal_mpc,65.0,0.18495099263784345,0.18264131267275607,9.999999999999996,3.8124273022714235,18.756447880671573,False,True,True,False,0.0,False,False,False,False,phase5b0_nominal_mpc
lhs_029,nominal_mpc,70.0,0.1875949460675708,0.18463416590401976,9.999999999999996,3.8209347010736776,19.000179103600793,False,True,True,False,0.0,False,False,False,False,phase5b0_nominal_mpc
lhs_029,nominal_mpc,75.0,0.19023889949729814,0.1867344627601793,9.999999999999996,3.8289585448529655,19.24518917524772,False,True,True,False,0.0,False,False,False,False,phase5b0_nominal_mpc
lhs_029,nominal_mpc,80.0,0.19288285292702548,0.18853152640197665,10.0,3.836567219209997,19.49120603639716,True,True,True,False,1.3191512000048533,False,True,True,False,phase5b0_nominal_mpc
lhs_029,nominal_mpc,85.0,0.19552680635675282,0.19172588789205916,10.0,3.8438129093855715,19.738006305079068,False,True,True,False,0.0,False,False,False,False,phase5b0_nominal_mpc
lhs_029,nominal_mpc,90.0,0.19817075978648016,0.19402903941657987,10.0,3.850735486732287,19.985404192356594,False,True,True,False,0.0,False,False,False,False,phase5b0_nominal_mpc
lhs_029,nominal_mpc,95.0,0.2008147132162075,0.1972020212044931,10.0,3.857366792115923,20.233243070584482,False,True,True,False,0.0,False,False,False,False,phase5b0_nominal_mpc
lhs_029,nominal_mpc,100.0,0.20345866664593484,0.1996837900039519,10.0,3.863751536393283,20.481389054906636,False,True,True,False,0.0,False,False,False,False,phase5b0_nominal_mpc
lhs_029,nominal_mpc,105.0,0.20610262007566219,0.20407912438309903,9.999999999999998,3.8699185671366902,20.729726112955895,True,True,True,False,1.0990954999942915,False,True,True,False,phase5b0_nominal_mpc
lhs_029,nominal_mpc,110.0,0.20874657350538953,0.20711702801679835,9.999999999999998,3.8758862323755032,20.97815233471463,False,True,True,False,0.0,False,False,False,False,phase5b0_nominal_mpc
lhs_029,nominal_mpc,115.0,0.21139052693511687,0.20920550082454126,9.999999999999998,3.8816697227484673,21.22657708326526,False,True,True,False,0.0,False,False,False,False,phase5b0_nominal_mpc
lhs_029,nominal_mpc,120.0,0.2140344803648442,0.21225060333771162,9.999999999999998,3.887281815120005,21.474918814515217,False,True,True,False,0.0,False,False,False,False,phase5b0_nominal_mpc
lhs_029,nominal_mpc,125.0,0.21667843379457155,0.21544254862796872,9.999999999999998,3.8927334373615823,21.72310340508689,False,True,True,False,0.0,False,False,False,False,phase5b0_nominal_mpc
lhs_029,nominal_mpc,130.0,0.2193223872242989,0.21838734271059806,10.0,3.898034097424859,21.971062866340674,True,True,True,False,1.0296237000002293,False,True,True,False,phase5b0_nominal_mpc
lhs_029,nominal_mpc,135.0,0.22196634065402623,0.2217309153777107,10.0,3.903192209429465,22.21873435192191,False,True,True,False,0.0,False,False,False,False,phase5b0_nominal_mpc
lhs_029,nominal_mpc,140.0,0.22461029408375358,0.2235034125531158,10.0,3.908215341594338,22.466059388547556,False,True,True,False,0.0,False,False,False,False,phase5b0_nominal_mpc
lhs_029,nominal_mpc,145.0,0.22725424751348092,0.22595761584845578,10.0,3.913110404852024,22.712983276688227,False,True,True,False,0.0,False,False,False,False,phase5b0_nominal_mpc
lhs_029,nominal_mpc,150.0,0.22989820094320826,0.22719954906818496,10.0,3.917883796440839,22.959454620654412,False,True,True,False,0.0,False,False,False,False,phase5b0_nominal_mpc
lhs_029,nominal_mpc,155.0,0.2325421543729356,0.22975458740107008,10.0,3.922541509321549,23.20542495734891,True,True,True,False,1.1515215000035823,False,True,True,False,phase5b0_nominal_mpc
lhs_029,nominal_mpc,160.0,0.23518610780266294,0.2321809585860189,10.0,3.9270892156489685,23.450848460348006,False,True,True,False,0.0,False,False,False,False,phase5b0_nominal_mpc
lhs_029,nominal_mpc,165.0,0.23783006123239028,0.2349913555294438,10.0,3.931532330543689,23.695681701589475,False,True,True,False,0.0,False,False,False,False,phase5b0_nominal_mpc
lhs_029,nominal_mpc,170.0,0.24047401466211762,0.23880220397759655,10.0,3.935876060902941,23.939883457206953,False,True,True,False,0.0,False,False,False,False,phase5b0_nominal_mpc
lhs_029,nominal_mpc,175.0,0.24311796809184497,0.24121915963371748,10.0,3.940125442846724,24.18341454728382,False,True,True,False,0.0,False,False,False,False,phase5b0_nominal_mpc
lhs_029,nominal_mpc,180.0,0.2457619215215723,0.2441176433911039,10.0,3.94428537052816,24.42623770175369,True,True,True,False,0.4989971999966656,False,True,True,False,phase5b0_nominal_mpc
lhs_029,nominal_mpc,185.0,0.24840587495129965,0.24658257399114367,10.0,3.948360618379082,24.668317446537124,False,True,True,False,0.0,False,False,False,False,phase5b0_nominal_mpc
lhs_029,nominal_mpc,190.0,0.25104982838102696,0.24826672937459054,10.0,3.952355858362591,24.909620005417494,False,True,True,False,0.0,False,False,False,False,phase5b0_nominal_mpc
lhs_029,nominal_mpc,195.0,0.2536937818107543,0.25131443202045867,10.0,3.9562756734255453,25.15011321423186,False,True,True,False,0.0,False,False,False,False,phase5b0_nominal_mpc
lhs_029,nominal_mpc,200.0,0.25633773524048165,0.2535371033115291,10.0,3.960124568056454,25.3897664447672,False,True,True,False,0.0,False,False,False,False,phase5b0_nominal_mpc
lhs_029,nominal_mpc,205.0,0.25888422690696966,0.2561765799956376,9.631378668990559,3.9548986143896077,25.610948778810513,True,True,True,False,0.44846659999893745,False,True,False,False,phase5b0_nominal_mpc
lhs_029,nominal_mpc,210.0,0.2614307185734577,0.259909693549581,9.631378668990559,3.9577407041266115,25.83069397904335,False,True,True,False,0.0,False,False,False,False,phase5b0_nominal_mpc
lhs_029,nominal_mpc,215.0,0.2639772102399457,0.26419974294974247,9.631378668990559,3.9606807525969177,26.049110455898315,False,True,True,False,0.0,False,False,False,False,phase5b0_nominal_mpc
lhs_029,nominal_mpc,220.0,0.2665237019064337,0.2667395342660455,9.631378668990559,3.9636864648854697,26.266276418202047,False,True,True,False,0.0,False,False,False,False,phase5b0_nominal_mpc
lhs_029,nominal_mpc,225.0,0.2690701935729217,0.2695653963898801,9.631378668990559,3.9667342059889514,26.48224741198785,False,True,True,False,0.0,False,False,False,False,phase5b0_nominal_mpc
lhs_029,nominal_mpc,230.0,0.2715024862878715,0.2715964391107204,9.199453695372378,3.9592534769108867,26.676908594169554,True,True,True,False,0.42651029999979073,False,True,False,False,phase5b0_nominal_mpc
lhs_029,nominal_mpc,235.0,0.27393477900282126,0.2730489163620624,9.199453695372378,3.961310807670176,26.869853891948072,False,True,True,False,0.0,False,False,False,False,phase5b0_nominal_mpc
lhs_029,nominal_mpc,240.0,0.27636707171777103,0.2752415345253484,9.199453695372378,3.963554043810374,27.06124877627056,False,True,True,False,0.0,False,False,False,False,phase5b0_nominal_mpc
lhs_029,nominal_mpc,245.0,0.2787993644327208,0.2787649262443214,9.199453695372378,3.9659348960667815,27.251216872449124,False,True,True,False,0.0,False,False,False,False,phase5b0_nominal_mpc
lhs_029,nominal_mpc,250.0,0.28123165714767057,0.28069617298483857,9.199453695372378,3.9684174359092674,27.43985023171114,False,True,True,False,0.0,False,False,False,False,phase5b0_nominal_mpc
lhs_029,nominal_mpc,255.0,0.28354497036018583,0.28341417431375443,8.749447651026957,3.9599791092586853,27.606867712498794,True,True,True,False,0.4599895999999717,False,True,False,False,phase5b0_nominal_mpc
lhs_029,nominal_mpc,260.0,0.2858582835727011,0.2859304956042779,8.749447651026957,3.9615193614844117,27.772104492679844,False,True,True,False,0.0,False,False,False,False,phase5b0_nominal_mpc
lhs_029,nominal_mpc,265.0,0.28817159678521637,0.2875750915388021,8.749447651026957,3.963289195908318,27.935743897652777,False,True,True,False,0.0,False,False,False,False,phase5b0_nominal_mpc
lhs_029,nominal_mpc,270.0,0.29048490999773163,0.28930040559723275,8.749447651026957,3.965234069435803,28.097924751403568,False,True,True,False,0.0,False,False,False,False,phase5b0_nominal_mpc
lhs_029,nominal_mpc,275.0,0.2927982232102469,0.29214775083883493,8.749447651026957,3.967313164623109,28.25875222347552,False,True,True,False,0.0,False,False,False,False,phase5b0_nominal_mpc
lhs_029,nominal_mpc,280.0,0.2950550473089636,0.29351728717678804,8.535793684344249,3.964273859641691,28.40890366418371,True,True,True,False,0.1937848000015947,False,True,False,False,phase5b0_nominal_mpc
lhs_029,nominal_mpc,285.0,0.2973118714076803,0.2955240995217595,8.535793684344249,3.9660266152493016,28.557585194615633,False,True,True,False,0.0,False,False,False,False,phase5b0_nominal_mpc
lhs_029,nominal_mpc,290.0,0.299568695506397,0.29852435879562966,8.535793684344249,3.967932965325418,28.70491028469364,False,True,True,False,0.0,False,False,False,False,phase5b0_nominal_mpc
lhs_029,nominal_mpc,295.0,0.30182551960511367,0.29901634126036647,8.535793684344249,3.969949903667173,28.850965544100987,False,True,True,False,0.0,False,False,False,False,phase5b0_nominal_mpc
lhs_029,nominal_mpc,300.0,0.30408234370383036,0.3016535341605073,8.535793684344249,3.9720322195111106,28.99581726124177,False,True,True,False,0.0,False,False,False,False,phase5b0_nominal_mpc
lhs_029,nominal_mpc,305.0,0.30622118409916993,0.3035808434278245,8.089553966009635,3.9632517210573326,29.120400309961536,True,True,True,False,0.5063604000024498,False,True,False,False,phase5b0_nominal_mpc
lhs_029,nominal_mpc,310.0,0.3083600244945095,0.30587871918067044,8.089553966009635,3.964343211722914,29.243367326619392,False,True,True,False,0.0,False,False,False,False,phase5b0_nominal_mpc
lhs_029,nominal_mpc,315.0,0.31049886488984907,0.30800851128981555,8.089553966009635,3.965642402488617,29.36488311597249,False,True,True,False,0.0,False,False,False,False,phase5b0_nominal_mpc
lhs_029,nominal_mpc,320.0,0.31263770528518864,0.309919321475449,8.089553966009635,3.9670970801845526,29.485074217413526,False,True,True,False,0.0,False,False,False,False,phase5b0_nominal_mpc
lhs_029,nominal_mpc,325.0,0.3147765456805282,0.310645227170893,8.089553966009635,3.9686677044175416,29.604038170137656,False,True,True,False,0.0,False,False,False,False,phase5b0_nominal_mpc
lhs_029,nominal_mpc,330.0,0.3168771177590439,0.31471267833476374,7.944814968742944,3.966786953242589,29.715827481351784,True,True,True,False,0.15915900000254624,False,True,False,False,phase5b0_nominal_mpc
lhs_029,nominal_mpc,335.0,0.31897768983755964,0.31686060101307273,7.944814968742944,3.968161699276255,29.826366708503166,False,True,True,False,0.0,False,False,False,False,phase5b0_nominal_mpc
lhs_029,nominal_mpc,340.0,0.32107826191607536,0.3191179751517259,7.944814968742944,3.96964380897128,29.93574446295803,False,True,True,False,0.0,False,False,False,False,phase5b0_nominal_mpc
lhs_029,nominal_mpc,345.0,0.3231788339945911,0.32172023937011834,7.944814968742944,3.971206138114639,30.0440297219833,False,True,True,False,0.0,False,False,False,False,phase5b0_nominal_mpc
lhs_029,nominal_mpc,350.0,0.3252794060731068,0.32303345859956883,7.944814968742944,3.972828147769492,30.151276562596916,False,True,True,False,0.0,False,False,False,False,phase5b0_nominal_mpc
lhs_029,nominal_mpc,355.0,0.32734895152453597,0.3245067207908694,7.827465598146282,3.9716267302690262,30.252711881223547,True,True,True,False,0.17051389999687672,False,True,False,False,phase5b0_nominal_mpc
lhs_029,nominal_mpc,360.0,0.32941849697596515,0.3270887426297024,7.827465598146282,3.9730457543471225,30.35305961520218,False,True,True,False,0.0,False,False,False,False,phase5b0_nominal_mpc
lhs_029,nominal_mpc,365.0,0.3314880424273943,0.3287784609963909,7.827465598146282,3.9745378442890793,30.45238153256679,False,True,True,False,0.0,False,False,False,False,phase5b0_nominal_mpc
lhs_029,nominal_mpc,370.0,0.3335575878788235,0.3306065530118515,7.827465598146282,3.9760847994770687,30.55072636132062,False,True,True,False,0.0,False,False,False,False,phase5b0_nominal_mpc
lhs_029,nominal_mpc,375.0,0.3356271333302527,0.3324461268005511,7.827465598146282,3.977672853060659,30.648132922436005,False,True,True,False,0.0,False,False,False,False,phase5b0_nominal_mpc
lhs_029,nominal_mpc,380.0,0.33764321955800086,0.33430038877936585,7.625271326946577,3.974351295514364,30.73646635450219,True,True,True,False,0.1728607999975793,False,True,False,False,phase5b0_nominal_mpc
lhs_029,nominal_mpc,385.0,0.33965930578574904,0.33636251480846124,7.625271326946577,3.975511698224614,30.823707510696288,False,True,True,False,0.0,False,False,False,False,phase5b0_nominal_mpc
lhs_029,nominal_mpc,390.0,0.3416753920134972,0.33903219131709333,7.625271326946577,3.976774223722653,30.90993500676216,False,True,True,False,0.0,False,False,False,False,phase5b0_nominal_mpc
lhs_029,nominal_mpc,395.0,0.3436914782412454,0.3415261852943334,7.625271326946577,3.978114529834631,30.99521054583886,False,True,True,False,0.0,False,False,False,False,phase5b0_nominal_mpc
lhs_029,nominal_mpc,400.0,0.3457075644689936,0.344337018317762,7.625271326946577,3.979514167855317,31.07958298012435,False,True,True,False,0.0,False,False,False,False,phase5b0_nominal_mpc
lhs_029,nominal_mpc,405.0,0.34765948483441117,0.34657222856569636,7.3825822477474174,3.975029922617053,31.153514243950948,True,True,True,False,0.44082390000403393,False,True,False,False,phase5b0_nominal_mpc
lhs_029,nominal_mpc,410.0,0.34961140519982875,0.3486944917265073,7.3825822477474174,3.9759325512874537,31.226370823322707,False,True,True,False,0.0,False,False,False,False,phase5b0_nominal_mpc
lhs_029,nominal_mpc,415.0,0.35156332556524633,0.34980113565615906,7.3825822477474174,3.976964128433383,31.298245193337735,False,True,True,False,0.0,False,False,False,False,phase5b0_nominal_mpc
lhs_029,nominal_mpc,420.0,0.3535152459306639,0.3523466336781784,7.3825822477474174,3.9780947190516653,31.369209749477534,False,True,True,False,0.0,False,False,False,False,phase5b0_nominal_mpc
lhs_029,nominal_mpc,425.0,0.3554671662960815,0.3531831607480378,7.3825822477474174,3.9793016071096736,31.4393216242269,False,True,True,False,0.0,False,False,False,False,phase5b0_nominal_mpc
lhs_029,nominal_mpc,430.0,0.3574008041026727,0.3566340242162102,7.313433681737186,3.978878251003511,31.50594984382503,True,True,True,False,0.17131899999367306,False,True,False,False,phase5b0_nominal_mpc
lhs_029,nominal_mpc,435.0,0.35933444190926395,0.35821259620335455,7.313433681737186,3.980025813782347,31.57173950867208,False,True,True,False,0.0,False,False,False,False,phase5b0_nominal_mpc
lhs_029,nominal_mpc,440.0,0.3612680797158552,0.36071214006283125,7.313433681737186,3.981238532026059,31.636739227380204,False,True,True,False,0.0,False,False,False,False,phase5b0_nominal_mpc
lhs_029,nominal_mpc,445.0,0.3632017175224464,0.3627331709262422,7.313433681737186,3.9825020749502076,31.70098800178043,False,True,True,False,0.0,False,False,False,False,phase5b0_nominal_mpc
lhs_029,nominal_mpc,450.0,0.3651353553290376,0.3650195074266321,7.313433681737186,3.983805565282019,31.76451750549012,False,True,True,False,0.0,False,False,False,False,phase5b0_nominal_mpc
lhs_029,nominal_mpc,455.0,0.36703290018917434,0.36627097598597247,7.176922402647547,3.9818058654271784,31.822138458165323,True,True,True,False,0.14950900000258116,False,True,False,False,phase5b0_nominal_mpc
lhs_029,nominal_mpc,460.0,0.36893044504931105,0.367694005058992,7.176922402647547,3.982842049670387,31.8789557059751,False,True,True,False,0.0,False,False,False,False,phase5b0_nominal_mpc
lhs_029,nominal_mpc,465.0,0.37082798990944776,0.37055707246971165,7.176922402647547,3.983956314603142,31.935024208001646,False,True,True,False,0.0,False,False,False,False,phase5b0_nominal_mpc
lhs_029,nominal_mpc,470.0,0.3727255347695845,0.37231748801805553,7.176922402647547,3.985131621277692,31.99038775029249,False,True,True,False,0.0,False,False,False,False,phase5b0_nominal_mpc
lhs_029,nominal_mpc,475.0,0.3746230796297212,0.37358640772375856,7.176922402647547,3.9863550290012766,32.04508160439305,False,True,True,False,0.0,False,False,False,False,phase5b0_nominal_mpc
lhs_029,nominal_mpc,480.0,0.37649646753974764,0.3755200255050949,7.08555562652128,3.985384686917962,32.09569534815152,True,True,True,False,0.1519373000046471,False,True,False,False,phase5b0_nominal_mpc
lhs_029,nominal_mpc,485.0,0.3783698554497741,0.3780017406199323,7.08555562652128,3.9864600212679724,32.14560478387224,False,True,True,False,0.0,False,False,False,False,phase5b0_nominal_mpc
lhs_029,nominal_mpc,490.0,0.38024324335980053,0.3800077672981882,7.08555562652128,3.987598887042544,32.194853948303994,False,True,True,False,0.0,False,False,False,False,phase5b0_nominal_mpc
lhs_029,nominal_mpc,495.0,0.382116631269827,0.3816793644345836,7.08555562652128,3.9887879820751966,32.24347823951371,False,True,True,False,0.0,False,False,False,False,phase5b0_nominal_mpc
lhs_029,nominal_mpc,500.0,0.3839900191798534,0.382173994640024,7.08555562652128,3.9900171984466795,32.291506461403706,False,True,True,False,0.0,False,False,False,False,phase5b0_nominal_mpc
lhs_029,nominal_mpc,505.0,0.38584944159057033,0.3835635406761978,7.032735107246865,3.989988462973951,32.336995462878804,True,True,True,False,0.17665890000353102,False,True,False,False,phase5b0_nominal_mpc
lhs_029,nominal_mpc,510.0,0.38770886400128723,0.3845480238799081,7.032735107246865,3.991151141497092,32.38188191085858,False,True,True,False,0.0,False,False,False,False,phase5b0_nominal_mpc
lhs_029,nominal_mpc,515.0,0.38956828641200414,0.38607253844605904,7.032735107246865,3.9923581642038353,32.426196537071974,False,True,True,False,0.0,False,False,False,False,phase5b0_nominal_mpc
lhs_029,nominal_mpc,520.0,0.39142770882272104,0.38736130404993235,7.032735107246865,3.993600954543242,32.469964496803016,False,True,True,False,0.0,False,False,False,False,phase5b0_nominal_mpc
lhs_029,nominal_mpc,525.0,0.39328713123343795,0.3896647157991351,7.032735107246865,3.994872992174714,32.513206674905305,False,True,True,False,0.0,False,False,False,False,phase5b0_nominal_mpc
lhs_029,nominal_mpc,530.0,0.3951122803890189,0.39122161122086346,6.90310629173667,3.9930023871282168,32.55117098558451,True,True,True,False,0.15916139999899315,False,True,False,False,phase5b0_nominal_mpc
lhs_029,nominal_mpc,535.0,0.3969374295445999,0.3938253801653203,6.90310629173667,3.9940108884891576,32.58852141600988,False,True,True,False,0.0,False,False,False,False,phase5b0_nominal_mpc
lhs_029,nominal_mpc,540.0,0.39876257870018084,0.3961671016403156,6.90310629173667,3.995091459564686,32.62530445109332,False,True,True,False,0.0,False,False,False,False,phase5b0_nominal_mpc
lhs_029,nominal_mpc,545.0,0.4005877278557618,0.3978864290855113,6.90310629173667,3.9962288890767197,32.66155715219946,False,True,True,False,0.0,False,False,False,False,phase5b0_nominal_mpc
lhs_029,nominal_mpc,550.0,0.40241287701134276,0.3987088080978609,6.90310629173667,3.9974080713366784,32.69730939479861,False,True,True,False,0.0,False,False,False,False,phase5b0_nominal_mpc
lhs_029,nominal_mpc,555.0,0.4041858467123056,0.40048782041817954,6.7057523821275655,3.993797682881164,32.72546759808063,True,True,True,False,0.4459126999936416,False,True,False,False,phase5b0_nominal_mpc
lhs_029,nominal_mpc,560.0,0.4059588164132685,0.4023192542400438,6.7057523821275655,3.9945649378256243,32.752992694704375,False,True,True,False,0.0,False,False,False,False,phase5b0_nominal_mpc
lhs_029,nominal_mpc,565.0,0.40773178611423133,0.4043933111692469,6.7057523821275655,3.9954356065979546,32.77995082945028,False,True,True,False,0.0,False,False,False,False,phase5b0_nominal_mpc
lhs_029,nominal_mpc,570.0,0.4095047558151942,0.40564164078847414,6.7057523821275655,3.996386445521149,32.80639400008307,False,True,True,False,0.0,False,False,False,False,phase5b0_nominal_mpc
lhs_029,nominal_mpc,575.0,0.41127772551615704,0.40751979782296033,6.7057523821275655,3.997399780581455,32.8323634341321,False,True,True,False,0.0,False,False,False,False,phase5b0_nominal_mpc
lhs_029,nominal_mpc,580.0,0.4130439362512376,0.4098300476087462,6.680188520804217,3.9978376679078615,32.85698563731441,True,True,True,False,0.35636260000319453,False,True,False,False,phase5b0_nominal_mpc
lhs_029,nominal_mpc,585.0,0.41481014698631813,0.41204932646672343,6.680188520804217,3.9988781350924247,32.8811710394894,False,True,True,False,0.0,False,False,False,False,phase5b0_nominal_mpc
lhs_029,nominal_mpc,590.0,0.41657635772139867,0.4143863939800543,6.680188520804217,3.9999603796779652,32.90494787986673,False,True,True,False,0.0,False,False,False,False,phase5b0_nominal_mpc
lhs_029,nominal_mpc,595.0,0.4183425684564792,0.4162633794393483,6.680188520804217,4.001075939488013,32.92833920348489,False,True,True,False,0.0,False,False,False,False,phase5b0_nominal_mpc
lhs_029,nominal_mpc,600.0,0.42010877919155976,0.41794074745789234,6.680188520804217,4.002218363008724,32.95136407204684,False,True,True,False,0.0,False,False,False,False,phase5b0_nominal_mpc
lhs_029,nominal_mpc,605.0,0.4218539992147735,0.42041214634665486,6.600797138071105,4.001443374718013,32.97124892286495,True,True,True,False,0.3306501999977627,False,True,False,False,phase5b0_nominal_mpc
lhs_029,nominal_mpc,610.0,0.42359921923798727,0.4219583030350498,6.600797138071105,4.002437384043028,32.99072645716501,False,True,True,False,0.0,False,False,False,False,phase5b0_nominal_mpc
lhs_029,nominal_mpc,615.0,0.425344439261201,0.4230501451125271,6.600797138071105,4.003480094882178,33.00982800100845,False,True,True,False,0.0,False,False,False,False,phase5b0_nominal_mpc
lhs_029,nominal_mpc,620.0,0.4270896592844148,0.42565112197180294,6.600797138071105,4.004561486047211,33.02857882358772,False,True,True,False,0.0,False,False,False,False,phase5b0_nominal_mpc
lhs_029,nominal_mpc,625.0,0.42883487930762854,0.42769379193192797,6.600797138071105,4.005673923228131,33.04699956159471,False,True,True,False,0.0,False,False,False,False,phase5b0_nominal_mpc
lhs_029,nominal_mpc,630.0,0.4306004811700679,0.42968019551634357,6.677885633641601,4.008694624581697,33.067804147251245,True,True,True,False,0.6452561999976751,False,True,False,False,phase5b0_nominal_mpc
lhs_029,nominal_mpc,635.0,0.43236608303250723,0.43157528770359294,6.677885633641601,4.010036084482979,33.088379678294714,False,True,True,False,0.0,False,False,False,False,phase5b0_nominal_mpc
lhs_029,nominal_mpc,640.0,0.4341316848949466,0.43262076779117464,6.677885633641601,4.011362504153811,33.108719201415234,False,True,True,False,0.0,False,False,False,False,phase5b0_nominal_mpc
lhs_029,nominal_mpc,645.0,0.4358972867573859,0.43293218570754044,6.677885633641601,4.01267886713412,33.12881866151953,False,True,True,False,0.0,False,False,False,False,phase5b0_nominal_mpc
lhs_029,nominal_mpc,650.0,0.4376628886198253,0.4353327383678034,6.677885633641601,4.013988940967957,33.14867616561684,False,True,True,False,0.0,False,False,False,False,phase5b0_nominal_mpc
lhs_029,nominal_mpc,655.0,0.43936493817231076,0.43843309474226627,6.437517141370365,4.0094241675752444,33.159962061542096,True,True,True,False,0.1396896000005654,False,True,False,False,phase5b0_nominal_mpc
lhs_029,nominal_mpc,660.0,0.44106698772479624,0.44057413102054227,6.437517141370365,4.010158869637631,33.1707968704448,False,True,True,False,0.0,False,False,False,False,phase5b0_nominal_mpc
lhs_029,nominal_mpc,665.0,0.44276903727728173,0.4430074112997839,6.437517141370365,4.01099495331439,33.18124038633714,False,True,True,False,0.0,False,False,False,False,phase5b0_nominal_mpc
lhs_029,nominal_mpc,670.0,0.4444710868297672,0.4444773629117482,6.437517141370365,4.011909988850636,33.19133930946798,False,True,True,False,0.0,False,False,False,False,phase5b0_nominal_mpc
lhs_029,nominal_mpc,675.0,0.4461731363822527,0.44508275821097654,6.437517141370365,4.012886924068688,33.20113038036004,False,True,True,False,0.0,False,False,False,False,phase5b0_nominal_mpc
lhs_029,nominal_mpc,680.0,0.44783004622129985,0.44891953161569076,6.266789045592268,4.0097424460352755,33.204882249199414,True,True,True,False,0.786760700000741,False,True,False,False,phase5b0_nominal_mpc
lhs_029,nominal_mpc,685.0,0.449486956060347,0.4510708930650668,6.266789045592268,4.010402010812081,33.20823645354011,False,True,True,False,0.0,False,False,False,False,phase5b0_nominal_mpc
lhs_029,nominal_mpc,690.0,0.45114386589939415,0.4524098038684828,6.266789045592268,4.011164866219741,33.21125153558906,False,True,True,False,0.0,False,False,False,False,phase5b0_nominal_mpc
lhs_029,nominal_mpc,695.0,0.4528007757384413,0.4544862925729732,6.266789045592268,4.012008483671798,33.21397324726633,False,True,True,False,0.0,False,False,False,False,phase5b0_nominal_mpc
lhs_029,nominal_mpc,700.0,0.45445768557748845,0.4553474174089253,6.266789045592268,4.012915726264635,33.216437603347856,False,True,True,False,0.0,False,False,False,False,phase5b0_nominal_mpc
lhs_029,nominal_mpc,705.0,0.4561853089713701,0.45716653561691595,6.534242904799761,4.020406736900885,33.227682283721535,True,True,True,False,1.4181929000042146,False,True,False,False,phase5b0_nominal_mpc
lhs_029,nominal_mpc,710.0,0.45791293236525177,0.45782476479426837,6.534242904799761,4.022040405704057,33.23895650049771,False,True,True,False,0.0,False,False,False,False,phase5b0_nominal_mpc
lhs_029,nominal_mpc,715.0,0.45964055575913343,0.4588866550462988,6.534242904799761,4.023594787557263,33.250214035926554,False,True,True,False,0.0,False,False,False,False,phase5b0_nominal_mpc
lhs_029,nominal_mpc,720.0,0.4613681791530151,0.45998048744952613,6.534242904799761,4.025090413446846,33.26142067167692,False,True,True,False,0.0,False,False,False,False,phase5b0_nominal_mpc
lhs_029,nominal_mpc,725.0,0.46309580254689675,0.46071828881550264,6.534242904799761,4.026542856706675,33.272551254372544,False,True,True,False,0.0,False,False,False,False,phase5b0_nominal_mpc
lhs_029,nominal_mpc,730.0,0.4648116544489121,0.4625045188750927,6.489720593120709,4.026876324639707,33.282069021997486,True,True,True,False,0.3419194000016432,False,True,False,False,phase5b0_nominal_mpc
lhs_029,nominal_mpc,735.0,0.46652750635092743,0.4641372164942318,6.489720593120709,4.028169196722741,33.291439429703956,False,True,True,False,0.0,False,False,False,False,phase5b0_nominal_mpc
lhs_029,nominal_mpc,740.0,0.4682433582529428,0.4673765119189154,6.489720593120709,4.029465151667174,33.30066417621513,False,True,True,False,0.0,False,False,False,False,phase5b0_nominal_mpc
lhs_029,nominal_mpc,745.0,0.4699592101549581,0.46866446646979165,6.489720593120709,4.030764965291144,33.30974532750954,False,True,True,False,0.0,False,False,False,False,phase5b0_nominal_mpc
lhs_029,nominal_mpc,750.0,0.47167506205697346,0.4696693926450268,6.489720593120709,4.032069221539961,33.318685209050834,False,True,True,False,0.0,False,False,False,False,phase5b0_nominal_mpc
lhs_029,nominal_mpc,755.0,0.47334718933230263,0.4710566788973456,6.324344659510958,4.029338272231132,33.32191400046059,True,True,True,False,0.5065692000061972,False,True,False,False,phase5b0_nominal_mpc
lhs_029,nominal_mpc,760.0,0.4750193166076318,0.47147059921507545,6.324344659510958,4.03025940783776,33.324864078682,False,True,True,False,0.0,False,False,False,False,phase5b0_nominal_mpc
lhs_029,nominal_mpc,765.0,0.476691443882961,0.4726256570936304,6.324344659510958,4.031255422204874,33.32757729481462,False,True,True,False,0.0,False,False,False,False,phase5b0_nominal_mpc
lhs_029,nominal_mpc,770.0,0.47836357115829015,0.4743548014916814,6.324344659510958,4.032310231828906,33.330086265217986,False,True,True,False,0.0,False,False,False,False,phase5b0_nominal_mpc
lhs_029,nominal_mpc,775.0,0.4800356984336193,0.4759468081740584,6.324344659510958,4.033411615344053,33.332416582002026,False,True,True,False,0.0,False,False,False,False,phase5b0_nominal_mpc
lhs_029,nominal_mpc,780.0,0.4817548260436185,0.47778954294506315,6.5021100245949,4.038893356508008,33.34055552850326,True,True,True,False,1.2838969000004,False,True,False,False,phase5b0_nominal_mpc
lhs_029,nominal_mpc,785.0,0.4834739536536177,0.47844162296574844,6.5021100245949,4.040485263086631,33.34870961756019,False,True,True,False,0.0,False,False,False,False,phase5b0_nominal_mpc
lhs_029,nominal_mpc,790.0,0.48519308126361693,0.4813922880146838,6.5021100245949,4.0420274277191925,33.356848865425995,False,True,True,False,0.0,False,False,False,False,phase5b0_nominal_mpc
lhs_029,nominal_mpc,795.0,0.48691220887361614,0.4843196194382794,6.5021100245949,4.043533250480977,33.36495105986681,False,True,True,False,0.0,False,False,False,False,phase5b0_nominal_mpc
lhs_029,nominal_mpc,800.0,0.48863133648361534,0.48694072706615754,6.5021100245949,4.045012906158558,33.37299986014142,False,True,True,False,0.0,False,False,False,False,phase5b0_nominal_mpc
lhs_029,nominal_mpc,805.0,0.49023374827099886,0.4884096872841566,6.060665703740379,4.035687991019719,33.3663523975833,True,True,True,False,0.356254500002251,False,True,False,False,phase5b0_nominal_mpc
lhs_029,nominal_mpc,810.0,0.4918361600583824,0.49007986634895445,6.060665703740379,4.036085107523462,33.359265953945595,False,True,True,False,0.0,False,False,False,False,phase5b0_nominal_mpc
lhs_029,nominal_mpc,815.0,0.4934385718457659,0.49236136996882607,6.060665703740379,4.036659283370789,33.35183528085711,False,True,True,False,0.0,False,False,False,False,phase5b0_nominal_mpc
lhs_029,nominal_mpc,820.0,0.4950409836331494,0.49280124165333616,6.060665703740379,4.037370483040842,33.34413321207905,False,True,True,False,0.0,False,False,False,False,phase5b0_nominal_mpc
lhs_029,nominal_mpc,825.0,0.49664339542053293,0.4928590629076824,6.060665703740379,4.038188292332601,33.33621594333596,False,True,True,False,0.0,False,False,False,False,phase5b0_nominal_mpc
lhs_029,nominal_mpc,830.0,0.49834502062414443,0.49498481941183387,6.435912162745515,4.0482591995401584,33.34041328769986,True,True,True,False,1.7238821999999345,False,True,False,False,phase5b0_nominal_mpc
lhs_029,nominal_mpc,835.0,0.5000466458277559,0.4956946531419368,6.435912162745515,4.050121265303994,33.34479789363421,False,True,True,False,0.0,False,False,False,False,phase5b0_nominal_mpc
lhs_029,nominal_mpc,840.0,0.5017482710313674,0.4979182631654474,6.435912162745515,4.0518759779932925,33.349307382946435,False,True,True,False,0.0,False,False,False,False,phase5b0_nominal_mpc
lhs_029,nominal_mpc,845.0,0.5034498962349789,0.49955249171931704,6.435912162745515,4.053547801506837,33.3538948167001,False,True,True,False,0.0,False,False,False,False,phase5b0_nominal_mpc
lhs_029,nominal_mpc,850.0,0.5051515214385904,0.4998957170430933,6.435912162745515,4.055157084232594,33.35852493744436,False,True,True,False,0.0,False,False,False,False,phase5b0_nominal_mpc
lhs_029,nominal_mpc,855.0,0.5068137202545936,0.5026596418008977,6.286793092927469,4.053075376636527,33.35821647702876,True,True,True,False,0.3480386000010185,False,True,False,False,phase5b0_nominal_mpc
lhs_029,nominal_mpc,860.0,0.5084759190705967,0.504145848301122,6.286793092927469,4.054246838392467,33.357774236333036,False,True,True,False,0.0,False,False,False,False,phase5b0_nominal_mpc
lhs_029,nominal_mpc,865.0,0.5101381178865999,0.5057897419079647,6.286793092927469,4.05545462509565,33.35721910812952,False,True,True,False,0.0,False,False,False,False,phase5b0_nominal_mpc
lhs_029,nominal_mpc,870.0,0.5118003167026031,0.506648687004255,6.286793092927469,4.0566908690324,33.35656743847132,False,True,True,False,0.0,False,False,False,False,phase5b0_nominal_mpc
lhs_029,nominal_mpc,875.0,0.5134625155186062,0.508813422978695,6.286793092927469,4.057949607308579,33.355832115971694,False,True,True,False,0.0,False,False,False,False,phase5b0_nominal_mpc
lhs_029,nominal_mpc,880.0,0.5150867235338105,0.5103275931083253,6.143103720899098,4.055715115514484,33.350332920522554,True,True,True,False,0.34311950000119396,False,True,False,False,phase5b0_nominal_mpc
lhs_029,nominal_mpc,885.0,0.5167109315490147,0.5109665515745857,6.143103720899098,4.056663906449958,33.34464841983295,False,True,True,False,0.0,False,False,False,False,phase5b0_nominal_mpc
lhs_029,nominal_mpc,890.0,0.518335139564219,0.5120759643082881,6.143103720899098,4.057685067405487,33.33881824860008,False,True,True,False,0.0,False,False,False,False,phase5b0_nominal_mpc
lhs_029,nominal_mpc,895.0,0.5199593475794232,0.5141332073086442,6.143103720899098,4.058762507255375,33.33287306166317,False,True,True,False,0.0,False,False,False,False,phase5b0_nominal_mpc
lhs_029,nominal_mpc,900.0,0.5215835555946274,0.516536414748166,6.143103720899098,4.059884011413703,33.32683668720281,False,True,True,False,0.0,False,False,False,False,phase5b0_nominal_mpc
lhs_029,nominal_mpc,905.0,0.5231799860953152,0.5182303251519169,6.0380431922071764,4.058472998580209,33.31735753540432,True,True,True,False,0.49271959999896353,False,True,False,False,phase5b0_nominal_mpc
lhs_029,nominal_mpc,910.0,0.524776416596003,0.5203064837709432,6.0380431922071764,4.059406575511512,33.30773482092957,False,True,True,False,0.0,False,False,False,False,phase5b0_nominal_mpc
lhs_029,nominal_mpc,915.0,0.5263728470966909,0.5221647290493739,6.0380431922071764,4.060406701763554,33.29800375994271,False,True,True,False,0.0,False,False,False,False,phase5b0_nominal_mpc
lhs_029,nominal_mpc,920.0,0.5279692775973787,0.5239969658473925,6.0380431922071764,4.061458984323076,33.288191671477534,False,True,True,False,0.0,False,False,False,False,phase5b0_nominal_mpc
lhs_029,nominal_mpc,925.0,0.5295657080980665,0.5248993729468231,6.0380431922071764,4.062552490695864,33.27831986493334,False,True,True,False,0.0,False,False,False,False,phase5b0_nominal_mpc
lhs_029,nominal_mpc,930.0,0.5313051416204398,0.5264939242425425,6.578911348498043,4.076896309577602,33.2860839705874,True,True,True,False,2.220167699997546,False,True,False,False,phase5b0_nominal_mpc
lhs_029,nominal_mpc,935.0,0.5330445751428132,0.5281364004132267,6.578911348498043,4.079339419665328,33.29430936761528,False,True,True,False,0.0,False,False,False,False,phase5b0_nominal_mpc
lhs_029,nominal_mpc,940.0,0.5347840086651866,0.5291280414763307,6.578911348498043,4.0815772335425615,33.302874075653,False,True,True,False,0.0,False,False,False,False,phase5b0_nominal_mpc
lhs_029,nominal_mpc,945.0,0.53652344218756,0.5312281029937209,6.578911348498043,4.083659330080866,33.311685392662795,False,True,True,False,0.0,False,False,False,False,phase5b0_nominal_mpc
lhs_029,nominal_mpc,950.0,0.5382628757099334,0.5330384007913481,6.578911348498043,4.085623382171102,33.32067280844417,False,True,True,False,0.0,False,False,False,False,phase5b0_nominal_mpc
lhs_029,nominal_mpc,955.0,0.5400251503698635,0.5352368467119647,6.665301438807587,4.089609309756426,33.33272148425611,True,True,True,False,0.18307050000294112,True,True,False,False,phase5b0_nominal_mpc
lhs_029,nominal_mpc,960.0,0.5417874250297937,0.5374665265971308,6.665301438807587,4.091622549654202,33.344934230490914,False,True,True,False,0.0,False,False,False,False,phase5b0_nominal_mpc
lhs_029,nominal_mpc,965.0,0.5435496996897239,0.5400761002837422,6.665301438807587,4.0935484984401045,33.357257870868786,False,True,True,False,0.0,False,False,False,False,phase5b0_nominal_mpc
lhs_029,nominal_mpc,970.0,0.5453119743496541,0.5410966317193316,6.665301438807587,4.095408292445502,33.36965180604968,False,True,True,False,0.0,False,False,False,False,phase5b0_nominal_mpc
lhs_029,nominal_mpc,975.0,0.5470742490095842,0.5425250429812487,6.665301438807587,4.097218031220122,33.38208498760105,False,True,True,False,0.0,False,False,False,False,phase5b0_nominal_mpc
lhs_029,nominal_mpc,980.0,0.5488826827642067,0.5444917481106748,6.839885053531461,4.103257010947874,33.40057445282286,True,True,True,False,1.729881799998111,True,True,False,False,phase5b0_nominal_mpc
lhs_029,nominal_mpc,985.0,0.5506911165188292,0.5464741283723814,6.839885053531461,4.105417735292507,33.41923100476063,False,True,True,False,0.0,False,False,False,False,phase5b0_nominal_mpc
lhs_029,nominal_mpc,990.0,0.5524995502734517,0.548806690600654,6.839885053531461,4.107484021456527,33.4379953807987,False,True,True,False,0.0,False,False,False,False,phase5b0_nominal_mpc
lhs_029,nominal_mpc,995.0,0.5543079840280741,0.5505843002119377,6.839885053531461,4.109478554776382,33.45682217830043,False,True,True,False,0.0,False,False,False,False,phase5b0_nominal_mpc
lhs_029,nominal_mpc,1000.0,0.5561164177826966,0.5529216783189019,6.839885053531461,4.111418626811161,33.475676522170986,False,True,True,False,0.0,False,False,False,False,phase5b0_nominal_mpc
lhs_029,nominal_mpc,1005.0,0.5578531362879523,0.5538234000258695,6.568642570360407,4.106687184906844,33.48514579655419,True,True,True,False,0.42895969999517547,True,True,False,False,phase5b0_nominal_mpc
lhs_029,nominal_mpc,1010.0,0.559589854793208,0.5551884325002238,6.568642570360407,4.10790584292854,33.494343102073174,False,True,True,False,0.0,False,False,False,False,phase5b0_nominal_mpc
lhs_029,nominal_mpc,1015.0,0.5613265732984637,0.5579087227729389,6.568642570360407,4.109214738492,33.503319837186766,False,True,True,False,0.0,False,False,False,False,phase5b0_nominal_mpc
lhs_029,nominal_mpc,1020.0,0.5630632918037194,0.5590184538306443,6.568642570360407,4.110593118692852,33.512115024176765,False,True,True,False,0.0,False,False,False,False,phase5b0_nominal_mpc
lhs_029,nominal_mpc,1025.0,0.5648000103089751,0.5603784549435823,6.568642570360407,4.1120252800604495,33.5207583145114,False,True,True,False,0.0,False,False,False,False,phase5b0_nominal_mpc
lhs_029,nominal_mpc,1030.0,0.5665753597645077,0.562326860279073,6.714753125268513,4.117071368910769,33.5342838530592,True,True,True,False,1.4161897999947541,True,True,False,False,phase5b0_nominal_mpc
lhs_029,nominal_mpc,1035.0,0.5683507092200403,0.5636086937052521,6.714753125268513,4.118928494284539,33.54783328787583,False,True,True,False,0.0,False,False,False,False,phase5b0_nominal_mpc
lhs_029,nominal_mpc,1040.0,0.5701260586755729,0.565104192757136,6.714753125268513,4.120750600703832,33.56138315023488,False,True,True,False,0.0,False,False,False,False,phase5b0_nominal_mpc
lhs_029,nominal_mpc,1045.0,0.5719014081311055,0.5679636840905937,6.714753125268513,4.122546980289574,33.57491549130414,False,True,True,False,0.0,False,False,False,False,phase5b0_nominal_mpc
lhs_029,nominal_mpc,1050.0,0.573676757586638,0.569760647037359,6.714753125268513,4.124324742153928,33.58841655163741,False,True,True,False,0.0,False,False,False,False,phase5b0_nominal_mpc
lhs_029,nominal_mpc,1055.0,0.5753585301762312,0.5714918230449845,6.360825310627954,4.117435298096509,33.58983585535364,True,True,True,False,1.0548587000012049,True,True,False,False,phase5b0_nominal_mpc
lhs_029,nominal_mpc,1060.0,0.5770403027658243,0.573002015843849,6.360825310627954,4.118341322786925,33.59089197666076,False,True,True,False,0.0,False,False,False,False,phase5b0_nominal_mpc
lhs_029,nominal_mpc,1065.0,0.5787220753554174,0.5749224879544645,6.360825310627954,4.119389789973776,33.59166343581279,False,True,True,False,0.0,False,False,False,False,phase5b0_nominal_mpc
lhs_029,nominal_mpc,1070.0,0.5804038479450105,0.5760441683293008,6.360825310627954,4.120548383590314,33.592210152396596,False,True,True,False,0.0,False,False,False,False,phase5b0_nominal_mpc
lhs_029,nominal_mpc,1075.0,0.5820856205346037,0.5777116906285354,6.360825310627954,4.121792599759228,33.59257794326542,False,True,True,False,0.0,False,False,False,False,phase5b0_nominal_mpc
lhs_029,nominal_mpc,1080.0,0.5836942073578076,0.5790532593599007,6.084021016095769,4.116334388291488,33.58373502689443,True,True,True,False,0.4881067000023904,True,True,False,False,phase5b0_nominal_mpc
lhs_029,nominal_mpc,1085.0,0.5853027941810116,0.5809914844856171,6.084021016095769,4.1170329033421815,33.57454890741688,False,True,True,False,0.0,False,False,False,False,phase5b0_nominal_mpc
lhs_029,nominal_mpc,1090.0,0.5869113810042156,0.5811455831640358,6.084021016095769,4.117889574940088,33.565102614009675,False,True,True,False,0.0,False,False,False,False,phase5b0_nominal_mpc
lhs_029,nominal_mpc,1095.0,0.5885199678274196,0.5830517536514851,6.084021016095769,4.118869091218705,33.55545975923016,False,True,True,False,0.0,False,False,False,False,phase5b0_nominal_mpc
lhs_029,nominal_mpc,1100.0,0.5901285546506235,0.5850305806440224,6.084021016095769,4.119944646975976,33.54566921534796,False,True,True,False,0.0,False,False,False,False,phase5b0_nominal_mpc
lhs_029,nominal_mpc,1105.0,0.5916511071852206,0.5879465805530307,5.758620849664754,4.113136433841827,33.525522859807445,True,True,True,False,0.7214184999975259,True,True,False,False,phase5b0_nominal_mpc
lhs_029,nominal_mpc,1110.0,0.5931736597198176,0.589395738475839,5.758620849664754,4.113563761181841,33.505048216150136,False,True,True,False,0.0,False,False,False,False,phase5b0_nominal_mpc
lhs_029,nominal_mpc,1115.0,0.5946962122544146,0.5909559280031852,5.758620849664754,4.114175754266378,33.48433693995098,False,True,True,False,0.0,False,False,False,False,phase5b0_nominal_mpc
lhs_029,nominal_mpc,1120.0,0.5962187647890116,0.5926804203574798,5.758620849664754,4.1149314857281745,33.463459405412145,False,True,True,False,0.0,False,False,False,False,phase5b0_nominal_mpc
lhs_029,nominal_mpc,1125.0,0.5977413173236086,0.5931139593273553,5.758620849664754,4.115799859889312,33.442469822020456,False,True,True,False,0.0,False,False,False,False,phase5b0_nominal_mpc
lhs_029,nominal_mpc,1130.0,0.5993883146944479,0.5948515416014845,6.229297960853819,4.128272599816486,33.43620262401087,True,True,True,False,1.209309800004121,True,True,False,False,phase5b0_nominal_mpc
lhs_029,nominal_mpc,1135.0,0.6010353120652872,0.5963635799434966,6.229297960853819,4.13043911083628,33.430291493599505,False,True,True,False,0.0,False,False,False,False,phase5b0_nominal_mpc
lhs_029,nominal_mpc,1140.0,0.6026823094361264,0.5988820490822937,6.229297960853819,4.132472434635896,33.42465401069096,False,True,True,False,0.0,False,False,False,False,phase5b0_nominal_mpc
lhs_029,nominal_mpc,1145.0,0.6043293068069657,0.6008152433550991,6.229297960853819,4.13440839788814,33.419227827047095,False,True,True,False,0.0,False,False,False,False,phase5b0_nominal_mpc
lhs_029,nominal_mpc,1150.0,0.605976304177805,0.6024384724958939,6.229297960853819,4.1362736863182,33.413965789041306,False,True,True,False,0.0,False,False,False,False,phase5b0_nominal_mpc
lhs_029,nominal_mpc,1155.0,0.6074781200181641,0.6042034376756636,5.680190216186971,4.124648637449415,33.39156946021912,True,True,True,False,0.6182186000005458,True,True,False,False,phase5b0_nominal_mpc
lhs_029,nominal_mpc,1160.0,0.6089799358585233,0.605786801723353,5.680190216186971,4.125095469216481,33.368844966489235,False,True,True,False,0.0,False,False,False,False,phase5b0_nominal_mpc
lhs_029,nominal_mpc,1165.0,0.6104817516988824,0.6073685238759156,5.680190216186971,4.125747254225506,33.345890722491454,False,True,True,False,0.0,False,False,False,False,phase5b0_nominal_mpc
lhs_029,nominal_mpc,1170.0,0.6119835675392415,0.6103386276937496,5.680190216186971,4.126558615780303,33.32278209072745,False,True,True,False,0.0,False,False,False,False,phase5b0_nominal_mpc
lhs_029,nominal_mpc,1175.0,0.6134853833796007,0.611892881811912,5.680190216186971,4.127494979418553,33.299576941804304,False,True,True,False,0.0,False,False,False,False,phase5b0_nominal_mpc
lhs_029,nominal_mpc,1180.0,0.6150114884856309,0.6133359944908908,5.772057438196235,4.130779227596236,33.27910676826595,True,True,True,False,0.5568515999984811,True,True,False,False,phase5b0_nominal_mpc
lhs_029,nominal_mpc,1185.0,0.6165375935916612,0.6149948060828822,5.772057438196235,4.132116300253283,33.25868908933856,False,True,True,False,0.0,False,False,False,False,phase5b0_nominal_mpc
lhs_029,nominal_mpc,1190.0,0.6180636986976914,0.6166340235574225,5.772057438196235,4.133478040665807,33.23833120105751,False,True,True,False,0.0,False,False,False,False,phase5b0_nominal_mpc
lhs_029,nominal_mpc,1195.0,0.6195898038037216,0.6188029782372376,5.772057438196235,4.134861620741249,33.218039119330506,False,True,True,False,0.0,False,False,False,False,phase5b0_nominal_mpc
lhs_029,nominal_mpc,1200.0,0.6211159089097519,0.6209333930087605,5.772057438196235,4.136264763826157,33.19781785966967,False,True,True,False,0.0,False,False,False,False,phase5b0_nominal_mpc
lhs_029,nominal_mpc,1205.0,0.6226279554640473,0.6226012808718848,5.718884974654319,4.136383387645834,33.176059861199946,True,True,True,False,0.3770585000020219,True,True,False,False,phase5b0_nominal_mpc
lhs_029,nominal_mpc,1210.0,0.6241400020183426,0.6237840417978532,5.718884974654319,4.137690651036168,33.15433936622011,False,True,True,False,0.0,False,False,False,False,phase5b0_nominal_mpc
lhs_029,nominal_mpc,1215.0,0.625652048572638,0.6254383639867952,5.718884974654319,4.139035032941918,33.13267086719367,False,True,True,False,0.0,False,False,False,False,phase5b0_nominal_mpc
lhs_029,nominal_mpc,1220.0,0.6271640951269334,0.6270059762367626,5.718884974654319,4.140410207629835,33.111065775359414,False,True,True,False,0.0,False,False,False,False,phase5b0_nominal_mpc
lhs_029,nominal_mpc,1225.0,0.6286761416812288,0.6292781939421568,5.718884974654319,4.141811248472767,33.089533144531586,False,True,True,False,0.0,False,False,False,False,phase5b0_nominal_mpc
lhs_029,nominal_mpc,1230.0,0.6301134147447163,0.6306149398388108,5.436075565202987,4.136306652268078,33.059699560627806,True,True,True,False,0.1462900000042282,True,False,False,False,phase5b0_nominal_mpc
lhs_029,nominal_mpc,1235.0,0.6315506878082038,0.6316702425014906,5.436075565202987,4.137057227296339,33.02974576210941,False,True,True,False,0.0,False,False,False,False,phase5b0_nominal_mpc
lhs_029,nominal_mpc,1240.0,0.6329879608716913,0.6330523534362936,5.436075565202987,4.137942788112556,32.999733855093496,False,True,True,False,0.0,False,False,False,False,phase5b0_nominal_mpc
lhs_029,nominal_mpc,1245.0,0.6344252339351788,0.6350371114839517,5.436075565202987,4.138933597310184,32.96971153227736,False,True,True,False,0.0,False,False,False,False,phase5b0_nominal_mpc
lhs_029,nominal_mpc,1250.0,0.6358625069986663,0.6371026261791364,5.436075565202987,4.14000695558806,32.939715534274804,False,True,True,False,0.0,False,False,False,False,phase5b0_nominal_mpc
lhs_029,nominal_mpc,1255.0,0.6372406301961568,0.637991855066053,5.212358061967094,4.135664576285261,32.90339430892381,True,True,True,False,0.16419900000619236,True,False,False,False,phase5b0_nominal_mpc
lhs_029,nominal_mpc,1260.0,0.6386187533936474,0.6394016923111061,5.212358061967094,4.136307412029242,32.86699756591899,False,True,True,False,0.0,False,False,False,False,phase5b0_nominal_mpc
lhs_029,nominal_mpc,1265.0,0.6399968765911379,0.6406314355664383,5.212358061967094,4.137085770973511,32.83058542517217,False,True,True,False,0.0,False,False,False,False,phase5b0_nominal_mpc
lhs_029,nominal_mpc,1270.0,0.6413749997886284,0.6416876298837588,5.212358061967094,4.137969802571849,32.79420412181534,False,True,True,False,0.0,False,False,False,False,phase5b0_nominal_mpc
lhs_029,nominal_mpc,1275.0,0.642753122986119,0.6435845194493404,5.212358061967094,4.1389367180376935,32.75788933218562,False,True,True,False,0.0,False,False,False,False,phase5b0_nominal_mpc
lhs_029,nominal_mpc,1280.0,0.6440854260347825,0.6444659100764242,5.03905641333802,4.135722942332274,32.71689109988678,True,True,True,False,0.17999000000418164,True,False,False,False,phase5b0_nominal_mpc
lhs_029,nominal_mpc,1285.0,0.645417729083446,0.6463584823633173,5.03905641333802,4.136382930358674,32.67589531342257,False,True,True,False,0.0,False,False,False,False,phase5b0_nominal_mpc
lhs_029,nominal_mpc,1290.0,0.6467500321321095,0.6478512281519307,5.03905641333802,4.137157541004358,32.63495087721701,False,True,True,False,0.0,False,False,False,False,phase5b0_nominal_mpc
lhs_029,nominal_mpc,1295.0,0.648082335180773,0.6494452786696708,5.03905641333802,4.138021834876265,32.5940954914615,False,True,True,False,0.0,False,False,False,False,phase5b0_nominal_mpc
lhs_029,nominal_mpc,1300.0,0.6494146382294365,0.6499299236924582,5.03905641333802,4.138956750119162,32.55335832755903,False,True,True,False,0.0,False,False,False,False,phase5b0_nominal_mpc
lhs_029,nominal_mpc,1305.0,0.6507159265847355,0.6501851784975796,4.921752178642783,4.137073453637161,32.509616711623806,True,True,True,False,0.12222049999400042,True,False,False,False,phase5b0_nominal_mpc
lhs_029,nominal_mpc,1310.0,0.6520172149400346,0.6503626014213695,4.921752178642783,4.137821828603505,32.465958819379566,False,True,True,False,0.0,False,False,False,False,phase5b0_nominal_mpc
lhs_029,nominal_mpc,1315.0,0.6533185032953337,0.6509293063610062,4.921752178642783,4.138655702834224,32.42241980015494,False,True,True,False,0.0,False,False,False,False,phase5b0_nominal_mpc
lhs_029,nominal_mpc,1320.0,0.6546197916506328,0.6506709779484203,4.921752178642783,4.139556872851686,32.379026839589635,False,True,True,False,0.0,False,False,False,False,phase5b0_nominal_mpc
lhs_029,nominal_mpc,1325.0,0.6559210800059319,0.6521683656887419,4.921752178642783,4.140511392272889,32.33580105190769,False,True,True,False,0.0,False,False,False,False,phase5b0_nominal_mpc
lhs_029,nominal_mpc,1330.0,0.657203550161079,0.6531635054353271,4.8505777020414085,4.139764619618437,32.290889427192425,True,True,True,False,0.17068759999528993,True,False,False,False,phase5b0_nominal_mpc
lhs_029,nominal_mpc,1335.0,0.6584860203162262,0.6552049999083852,4.8505777020414085,4.1406218365276395,32.24612935336374,False,True,True,False,0.0,False,False,False,False,phase5b0_nominal_mpc
lhs_029,nominal_mpc,1340.0,0.6597684904713733,0.6562676487125563,4.8505777020414085,4.14153699786012,32.201543779252795,False,True,True,False,0.0,False,False,False,False,phase5b0_nominal_mpc
lhs_029,nominal_mpc,1345.0,0.6610509606265205,0.6578828467758704,4.8505777020414085,4.142498137895094,32.157150526932654,False,True,True,False,0.0,False,False,False,False,phase5b0_nominal_mpc
lhs_029,nominal_mpc,1350.0,0.6623334307816676,0.6590952093427275,4.8505777020414085,4.1434960504706835,32.11296350039859,False,True,True,False,0.0,False,False,False,False,phase5b0_nominal_mpc
lhs_029,nominal_mpc,1355.0,0.6635693004396995,0.660025931467114,4.674324608506379,4.140205276969642,32.0644717224855,True,True,True,False,0.12846600000193575,True,False,False,False,phase5b0_nominal_mpc
lhs_029,nominal_mpc,1360.0,0.6648051700977314,0.6610003493821864,4.674324608506379,4.140825635608772,32.01609825351361,False,True,True,False,0.0,False,False,False,False,phase5b0_nominal_mpc
lhs_029,nominal_mpc,1365.0,0.6660410397557633,0.6626241142272246,4.674324608506379,4.141540098199817,31.967880438060547,False,True,True,False,0.0,False,False,False,False,phase5b0_nominal_mpc
lhs_029,nominal_mpc,1370.0,0.6672769094137952,0.6643393133748025,4.674324608506379,4.142327968400348,31.919846996438316,False,True,True,False,0.0,False,False,False,False,phase5b0_nominal_mpc
lhs_029,nominal_mpc,1375.0,0.6685127790718272,0.6653376698791027,4.674324608506379,4.143173415234705,31.87202008125555,False,True,True,False,0.0,False,False,False,False,phase5b0_nominal_mpc
lhs_029,nominal_mpc,1380.0,0.669708987546604,0.6661726008700527,4.524317491099736,4.140389342602851,31.820687737674508,True,True,True,False,0.1663029999981518,True,False,False,False,phase5b0_nominal_mpc
lhs_029,nominal_mpc,1385.0,0.6709051960213809,0.6675077995351043,4.524317491099736,4.14094960591379,31.769504820162673,False,True,True,False,0.0,False,False,False,False,phase5b0_nominal_mpc
lhs_029,nominal_mpc,1390.0,0.6721014044961577,0.6683822934732528,4.524317491099736,4.141602036892158,31.71850670069322,False,True,True,False,0.0,False,False,False,False,phase5b0_nominal_mpc
lhs_029,nominal_mpc,1395.0,0.6732976129709346,0.6686419476022096,4.524317491099736,4.142326320096571,31.667720555040972,False,True,True,False,0.0,False,False,False,False,phase5b0_nominal_mpc
lhs_029,nominal_mpc,1400.0,0.6744938214457115,0.6696410578775701,4.524317491099736,4.143106915367747,31.61716731510224,False,True,True,False,0.0,False,False,False,False,phase5b0_nominal_mpc
lhs_029,nominal_mpc,1405.0,0.675662123024329,0.670751162389028,4.418767613233128,4.141346420203909,31.564310756118182,True,True,True,False,0.1339877999998862,True,False,False,False,phase5b0_nominal_mpc
lhs_029,nominal_mpc,1410.0,0.6768304246029466,0.6731453274620249,4.418767613233128,4.141948974187456,31.511655686657114,False,True,True,False,0.0,False,False,False,False,phase5b0_nominal_mpc
lhs_029,nominal_mpc,1415.0,0.6779987261815642,0.6738642696799675,4.418767613233128,4.1426242431213485,31.459229006048574,False,True,True,False,0.0,False,False,False,False,phase5b0_nominal_mpc
lhs_029,nominal_mpc,1420.0,0.6791670277601818,0.6744144097853417,4.418767613233128,4.143356379613209,31.407051383934977,False,True,True,False,0.0,False,False,False,False,phase5b0_nominal_mpc
lhs_029,nominal_mpc,1425.0,0.6803353293387994,0.6764649671766791,4.418767613233128,4.144133238658485,31.355138738045987,False,True,True,False,0.0,False,False,False,False,phase5b0_nominal_mpc
lhs_029,nominal_mpc,1430.0,0.6814365396938549,0.679329825614406,4.165014189259202,4.138730697248684,31.297577944194337,True,True,True,False,0.15957020000496414,True,False,False,False,phase5b0_nominal_mpc
lhs_029,nominal_mpc,1435.0,0.6825377500489104,0.6804384527113907,4.165014189259202,4.138952734299771,31.24016880178529,False,True,True,False,0.0,False,False,False,False,phase5b0_nominal_mpc
lhs_029,nominal_mpc,1440.0,0.6836389604039659,0.680466388877584,4.165014189259202,4.139304554056938,31.182957660136758,False,True,True,False,0.0,False,False,False,False,phase5b0_nominal_mpc
lhs_029,nominal_mpc,1445.0,0.6847401707590214,0.6821190582143986,4.165014189259202,4.139756887540262,31.125979953637074,False,True,True,False,0.0,False,False,False,False,phase5b0_nominal_mpc
lhs_029,nominal_mpc,1450.0,0.6858413811140769,0.6844519000155378,4.165014189259202,4.1402873999814025,31.069262813736138,False,True,True,False,0.0,False,False,False,False,phase5b0_nominal_mpc
lhs_029,nominal_mpc,1455.0,0.686896877786333,0.6867993355349864,3.9921152180241823,4.13664525838217,31.008967721884574,True,True,True,False,0.13177949999953853,True,False,False,False,phase5b0_nominal_mpc
lhs_029,nominal_mpc,1460.0,0.6879523744585891,0.6872876130661271,3.9921152180241823,4.136864377858455,30.948883423658884,False,True,True,False,0.0,False,False,False,False,phase5b0_nominal_mpc
lhs_029,nominal_mpc,1465.0,0.6890078711308453,0.687508613498965,3.9921152180241823,4.137194549730218,30.889047393181812,False,True,True,False,0.0,False,False,False,False,phase5b0_nominal_mpc
lhs_029,nominal_mpc,1470.0,0.6900633678031014,0.687834876557216,3.9921152180241823,4.137611055033154,30.829488276992937,False,True,True,False,0.0,False,False,False,False,phase5b0_nominal_mpc
lhs_029,nominal_mpc,1475.0,0.6911188644753575,0.688557238218008,3.9921152180241823,4.1380950123637135,30.770227999466883,False,True,True,False,0.0,False,False,False,False,phase5b0_nominal_mpc
lhs_029,nominal_mpc,1480.0,0.6921638417160215,0.6905328400775994,3.952328467342979,4.137657921083352,30.710421019172966,True,True,True,False,0.17427239999960875,True,False,False,False,phase5b0_nominal_mpc
lhs_029,nominal_mpc,1485.0,0.6932088189566855,0.691229900477606,3.952328467342979,4.1381402417744075,30.650922670464496,False,True,True,False,0.0,False,False,False,False,phase5b0_nominal_mpc
lhs_029,nominal_mpc,1490.0,0.6942537961973495,0.6925650060564268,3.952328467342979,4.138672776129976,30.591748577986504,False,True,True,False,0.0,False,False,False,False,phase5b0_nominal_mpc
lhs_029,nominal_mpc,1495.0,0.6952987734380135,0.6944149888707853,3.952328467342979,4.1392450312113365,30.532910690578333,False,True,True,False,0.0,False,False,False,False,phase5b0_nominal_mpc
lhs_029,nominal_mpc,1500.0,0.6963437506786775,0.69566108990807,3.952328467342979,4.139848930874393,30.47441814266069,False,True,True,False,0.0,False,False,False,False,phase5b0_nominal_mpc
lhs_029,nominal_mpc,1505.0,0.6973650471339601,0.6972351193733018,3.862762648538661,4.138286020690042,30.414374343805093,True,True,True,False,0.18699809999816353,True,False,False,False,phase5b0_nominal_mpc
lhs_029,nominal_mpc,1510.0,0.6983863435892427,0.697841576848549,3.862762648538661,4.138719057810438,30.35464380315327,False,True,True,False,0.0,False,False,False,False,phase5b0_nominal_mpc
lhs_029,nominal_mpc,1515.0,0.6994076400445253,0.6988831996250964,3.862762648538661,4.139206761364914,30.295243330964624,False,True,True,False,0.0,False,False,False,False,phase5b0_nominal_mpc
lhs_029,nominal_mpc,1520.0,0.7004289364998079,0.7006588170358152,3.862762648538661,4.13973768775913,30.23618569658117,False,True,True,False,0.0,False,False,False,False,phase5b0_nominal_mpc
lhs_029,nominal_mpc,1525.0,0.7014502329550905,0.7013992575542272,3.862762648538661,4.140305616518192,30.17748058229946,False,True,True,False,0.0,False,False,False,False,phase5b0_nominal_mpc
lhs_029,nominal_mpc,1530.0,0.702468470276301,0.7023976615341146,3.8511923461357886,4.140621159322121,30.118893692976577,True,True,True,False,0.28916860000026645,True,False,False,False,phase5b0_nominal_mpc
lhs_029,nominal_mpc,1535.0,0.7034867075975115,0.7029752306742997,3.8511923461357886,4.141217342457854,30.060666387111347,False,True,True,False,0.0,False,False,False,False,phase5b0_nominal_mpc
lhs_029,nominal_mpc,1540.0,0.7045049449187221,0.703773970939385,3.8511923461357886,4.1418397875024295,30.00280440882127,False,True,True,False,0.0,False,False,False,False,phase5b0_nominal_mpc
lhs_029,nominal_mpc,1545.0,0.7055231822399326,0.7035857194957601,3.8511923461357886,4.142484181588482,29.945312026936143,False,True,True,False,0.0,False,False,False,False,phase5b0_nominal_mpc
lhs_029,nominal_mpc,1550.0,0.7065414195611431,0.7035614569527333,3.8511923461357886,4.14314717963169,29.88819237098603,False,True,True,False,0.0,False,False,False,False,phase5b0_nominal_mpc
lhs_029,nominal_mpc,1555.0,0.7075392788293758,0.7058997734635728,3.774118170968068,4.14194012703243,29.82986108177897,True,True,True,False,0.17450210000242805,True,False,False,False,phase5b0_nominal_mpc
lhs_029,nominal_mpc,1560.0,0.7085371380976085,0.7060197242388311,3.774118170968068,4.142446761343608,29.771868415467736,False,True,True,False,0.0,False,False,False,False,phase5b0_nominal_mpc
lhs_029,nominal_mpc,1565.0,0.7095349973658412,0.7074172136315722,3.774118170968068,4.142998178288205,29.714226195465994,False,True,True,False,0.0,False,False,False,False,phase5b0_nominal_mpc
lhs_029,nominal_mpc,1570.0,0.710532856634074,0.7086775167272267,3.774118170968068,4.143585505396975,29.656943249999237,False,True,True,False,0.0,False,False,False,False,phase5b0_nominal_mpc
lhs_029,nominal_mpc,1575.0,0.7115307159023067,0.7107795327528491,3.774118170968068,4.144201941145294,29.600026119031323,False,True,True,False,0.0,False,False,False,False,phase5b0_nominal_mpc
lhs_029,nominal_mpc,1580.0,0.7124454928276488,0.711805382279382,3.459882897545741,4.137153233011127,29.537271903175704,True,True,True,False,0.1961996999962139,True,False,False,False,phase5b0_nominal_mpc
lhs_029,nominal_mpc,1585.0,0.7133602697529909,0.7130080224441846,3.459882897545741,4.137054286421402,29.47475322356871,False,True,True,False,0.0,False,False,False,False,phase5b0_nominal_mpc
lhs_029,nominal_mpc,1590.0,0.7142750466783331,0.7145462822888746,3.459882897545741,4.137104376004488,29.412512702478107,False,True,True,False,0.0,False,False,False,False,phase5b0_nominal_mpc
lhs_029,nominal_mpc,1595.0,0.7151898236036752,0.7150024254474944,3.459882897545741,4.137270169571858,29.350582596819613,False,True,True,False,0.0,False,False,False,False,phase5b0_nominal_mpc
lhs_029,nominal_mpc,1600.0,0.7161046005290174,0.7159749850768848,3.459882897545741,4.137526286770243,29.288987287598072,False,True,True,False,0.0,False,False,False,False,phase5b0_nominal_mpc
lhs_029,nominal_mpc,1605.0,0.7170273218514642,0.7171324748401432,3.4899303144760045,4.138588571265097,29.228314843210498,True,True,True,False,0.2738147999989451,True,False,False,False,phase5b0_nominal_mpc
lhs_029,nominal_mpc,1610.0,0.7179500431739111,0.7179715180135632,3.4899303144760045,4.139044430724239,29.168022527719412,False,True,True,False,0.0,False,False,False,False,phase5b0_nominal_mpc
lhs_029,nominal_mpc,1615.0,0.718872764496358,0.7197701022323472,3.4899303144760045,4.1395325753236465,29.10811685749398,False,True,True,False,0.0,False,False,False,False,phase5b0_nominal_mpc
lhs_029,nominal_mpc,1620.0,0.7197954858188048,0.720258200550329,3.4899303144760045,4.140047320831936,29.048602587530258,False,True,True,False,0.0,False,False,False,False,phase5b0_nominal_mpc
lhs_029,nominal_mpc,1625.0,0.7207182071412517,0.7222471099867902,3.4899303144760045,4.140584280656047,28.989483117449282,False,True,True,False,0.0,False,False,False,False,phase5b0_nominal_mpc
lhs_029,nominal_mpc,1630.0,0.7215760506241633,0.7232515566157427,3.2445483845003484,4.135136506284474,28.926236533136553,True,True,True,False,0.1840269999956945,True,False,False,False,phase5b0_nominal_mpc
lhs_029,nominal_mpc,1635.0,0.7224338941070749,0.7248513224550461,3.2445483845003484,4.1351163625524645,28.863287469249958,False,True,True,False,0.0,False,False,False,False,phase5b0_nominal_mpc
lhs_029,nominal_mpc,1640.0,0.7232917375899865,0.7266305753400539,3.2445483845003484,4.1352136197228395,28.800666331940533,False,True,True,False,0.0,False,False,False,False,phase5b0_nominal_mpc
lhs_029,nominal_mpc,1645.0,0.7241495810728982,0.7270816583332885,3.2445483845003484,4.135402506418681,28.738396018927183,False,True,True,False,0.0,False,False,False,False,phase5b0_nominal_mpc
lhs_029,nominal_mpc,1650.0,0.7250074245558098,0.727609800885755,3.2445483845003484,4.135663382115457,28.676493719510994,False,True,True,False,0.0,False,False,False,False,phase5b0_nominal_mpc
lhs_029,nominal_mpc,1655.0,0.7258726874538887,0.7278911160247753,3.272610206936032,4.136667787144524,28.61547168805904,True,True,True,False,0.418921099997533,True,False,False,False,phase5b0_nominal_mpc
lhs_029,nominal_mpc,1660.0,0.7267379503519675,0.72922547704987,3.272610206936032,4.137098889665944,28.554851565528736,False,True,True,False,0.0,False,False,False,False,phase5b0_nominal_mpc
lhs_029,nominal_mpc,1665.0,0.7276032132500464,0.7298908325404971,3.272610206936032,4.13755496100431,28.49463698943685,False,True,True,False,0.0,False,False,False,False,phase5b0_nominal_mpc
lhs_029,nominal_mpc,1670.0,0.7284684761481253,0.7310802890209397,3.272610206936032,4.138032031837957,28.434830452811443,False,True,True,False,0.0,False,False,False,False,phase5b0_nominal_mpc
lhs_029,nominal_mpc,1675.0,0.7293337390462041,0.7330700362419372,3.272610206936032,4.138527019208209,28.375433563940327,False,True,True,False,0.0,False,False,False,False,phase5b0_nominal_mpc
lhs_029,nominal_mpc,1680.0,0.7301908351240483,0.7327538679138712,3.2417215379337656,4.138281873261803,28.31590203030351,True,True,True,False,0.23290979999728734,True,False,False,False,phase5b0_nominal_mpc
lhs_029,nominal_mpc,1685.0,0.7310479312018924,0.7343652699817933,3.2417215379337656,4.138731536232758,28.256768489325296,False,True,True,False,0.0,False,False,False,False,phase5b0_nominal_mpc
lhs_029,nominal_mpc,1690.0,0.7319050272797365,0.7338888949589953,3.2417215379337656,4.139206316002621,28.198036626084136,False,True,True,False,0.0,False,False,False,False,phase5b0_nominal_mpc
lhs_029,nominal_mpc,1695.0,0.7327621233575806,0.7350809956611575,3.2417215379337656,4.139701972540416,28.13970891131693,False,True,True,False,0.0,False,False,False,False,phase5b0_nominal_mpc
lhs_029,nominal_mpc,1700.0,0.7336192194354247,0.7353155248163642,3.2417215379337656,4.140215224884195,28.081786882436965,False,True,True,False,0.0,False,False,False,False,phase5b0_nominal_mpc
lhs_029,nominal_mpc,1705.0,0.7343988710352869,0.7364150274908766,2.9488098810519974,4.133578312165022,28.019301536466696,True,True,True,False,0.164795899996534,True,False,False,False,phase5b0_nominal_mpc
lhs_029,nominal_mpc,1710.0,0.735178522635149,0.7375634352682292,2.9488098810519974,4.133414087948659,27.957113306603027,False,True,True,False,0.0,False,False,False,False,phase5b0_nominal_mpc
lhs_029,nominal_mpc,1715.0,0.7359581742350112,0.7385426818362905,2.9488098810519974,4.133384653914396,27.89525404379188,False,True,True,False,0.0,False,False,False,False,phase5b0_nominal_mpc
lhs_029,nominal_mpc,1720.0,0.7367378258348733,0.7384988313486341,2.9488098810519974,4.133459956006074,27.83374764071784,False,True,True,False,0.0,False,False,False,False,phase5b0_nominal_mpc
lhs_029,nominal_mpc,1725.0,0.7375174774347355,0.7392433659436517,2.9488098810519974,4.1336171080643025,27.772611944794114,False,True,True,False,0.0,False,False,False,False,phase5b0_nominal_mpc
lhs_029,nominal_mpc,1730.0,0.7382885331062127,0.7403581329457657,2.916298232819716,4.1330434056826,27.711335858144555,True,True,True,False,0.2653012000009767,True,False,False,False,phase5b0_nominal_mpc
lhs_029,nominal_mpc,1735.0,0.7390595887776898,0.7400308429863861,2.916298232819716,4.1332377794622115,27.650441768025054,False,True,True,False,0.0,False,False,False,False,phase5b0_nominal_mpc
lhs_029,nominal_mpc,1740.0,0.739830644449167,0.740896234485872,2.916298232819716,4.133486753455096,27.58994016792893,False,True,True,False,0.0,False,False,False,False,phase5b0_nominal_mpc
lhs_029,nominal_mpc,1745.0,0.7406017001206442,0.7419053469643684,2.916298232819716,4.133779335647735,27.529838691053506,False,True,True,False,0.0,False,False,False,False,phase5b0_nominal_mpc
lhs_029,nominal_mpc,1750.0,0.7413727557921214,0.7439171064603646,2.916298232819716,4.1341071121011,27.470142787744454,False,True,True,False,0.0,False,False,False,False,phase5b0_nominal_mpc
lhs_029,nominal_mpc,1755.0,0.7421379871879786,0.7435983504553273,2.8942695709136403,4.133924817543831,27.410506948019645,True,True,True,False,0.1662932000035653,True,False,False,False,phase5b0_nominal_mpc
lhs_029,nominal_mpc,1760.0,0.7429032185838359,0.744192722418389,2.8942695709136403,4.134252096281959,27.351274860957606,False,True,True,False,0.0,False,False,False,False,phase5b0_nominal_mpc
lhs_029,nominal_mpc,1765.0,0.7436684499796932,0.7443913934788237,2.8942695709136403,4.134608583592918,27.29245039486829,False,True,True,False,0.0,False,False,False,False,phase5b0_nominal_mpc
lhs_029,nominal_mpc,1770.0,0.7444336813755504,0.7445781992852998,2.8942695709136403,4.134989137507672,27.23403610285871,False,True,True,False,0.0,False,False,False,False,phase5b0_nominal_mpc
lhs_029,nominal_mpc,1775.0,0.7451989127714077,0.7453498584564919,2.8942695709136403,4.135389791430417,27.176033529659037,False,True,True,False,0.0,False,False,False,False,phase5b0_nominal_mpc
lhs_029,nominal_mpc,1780.0,0.745901879866556,0.7457095135900994,2.6587726063720485,4.130047634945528,27.114845269984983,True,True,True,False,0.23069910000049276,True,False,False,False,phase5b0_nominal_mpc
lhs_029,nominal_mpc,1785.0,0.7466048469617043,0.7471763337536932,2.6587726063720485,4.129913564810396,27.053990836320796,False,True,True,False,0.0,False,False,False,False,phase5b0_nominal_mpc
lhs_029,nominal_mpc,1790.0,0.7473078140568525,0.7470370452856825,2.6587726063720485,4.12989138693453,26.99349310172665,False,True,True,False,0.0,False,False,False,False,phase5b0_nominal_mpc
lhs_029,nominal_mpc,1795.0,0.7480107811520008,0.7471629186435189,2.6587726063720485,4.129956462835352,26.9333690638859,False,True,True,False,0.0,False,False,False,False,phase5b0_nominal_mpc
lhs_029,nominal_mpc,1800.0,0.7487137482471491,0.74826904101418,2.6587726063720485,4.130090019824949,26.87363125642471,False,True,True,False,0.0,False,False,False,False,phase5b0_nominal_mpc
lhs_029,nominal_mpc,1805.0,0.7494817707995527,0.7487444467839128,2.904826324731584,4.1362954856535215,26.817991375675977,True,True,True,False,0.49173460000019986,True,False,False,False,phase5b0_nominal_mpc
lhs_029,nominal_mpc,1810.0,0.7502497933519563,0.7495229947247849,2.904826324731584,4.137117911934066,26.762844430624828,False,True,True,False,0.0,False,False,False,False,phase5b0_nominal_mpc
lhs_029,nominal_mpc,1815.0,0.7510178159043599,0.748958634960767,2.904826324731584,4.137871613241319,26.708168975332462,False,True,True,False,0.0,False,False,False,False,phase5b0_nominal_mpc
lhs_029,nominal_mpc,1820.0,0.7517858384567635,0.7502961475520281,2.904826324731584,4.138574366079716,26.653948240789656,False,True,True,False,0.0,False,False,False,False,phase5b0_nominal_mpc
lhs_029,nominal_mpc,1825.0,0.7525538610091671,0.7509045975912114,2.904826324731584,4.13923961512545,26.60016899434921,False,True,True,False,0.0,False,False,False,False,phase5b0_nominal_mpc
lhs_029,nominal_mpc,1830.0,0.7532771599109055,0.7521652109865558,2.7356718677644105,4.135740720886792,26.544251682317537,True,True,True,False,0.08908859999792185,True,False,False,False,phase5b0_nominal_mpc
lhs_029,nominal_mpc,1835.0,0.7540004588126439,0.7519048674516379,2.7356718677644105,4.1359525423342935,26.488695025523036,False,True,True,False,0.0,False,False,False,False,phase5b0_nominal_mpc
lhs_029,nominal_mpc,1840.0,0.7547237577143823,0.7517307339701826,2.7356718677644105,4.136221673541738,26.433509572530365,False,True,True,False,0.0,False,False,False,False,phase5b0_nominal_mpc
lhs_029,nominal_mpc,1845.0,0.7554470566161207,0.7527898420632059,2.7356718677644105,4.136535826294362,26.37870286704853,False,True,True,False,0.0,False,False,False,False,phase5b0_nominal_mpc
lhs_029,nominal_mpc,1850.0,0.756170355517859,0.7534095022006856,2.7356718677644105,4.13688562374054,26.324280170424775,False,True,True,False,0.0,False,False,False,False,phase5b0_nominal_mpc
lhs_029,nominal_mpc,1855.0,0.756929548997806,0.7536650172772144,2.871432875522248,4.1405838699230575,26.272278902912845,True,True,True,False,0.6145610999956261,True,False,False,False,phase5b0_nominal_mpc
lhs_029,nominal_mpc,1860.0,0.7576887424777529,0.7542430831421312,2.871432875522248,4.141311146212239,26.220718549014734,False,True,True,False,0.0,False,False,False,False,phase5b0_nominal_mpc
lhs_029,nominal_mpc,1865.0,0.7584479359576998,0.7554200854709652,2.871432875522248,4.142000051157162,26.16958591443465,False,True,True,False,0.0,False,False,False,False,phase5b0_nominal_mpc
lhs_029,nominal_mpc,1870.0,0.7592071294376467,0.7562215273898735,2.871432875522248,4.142660692782157,26.118870444269483,False,True,True,False,0.0,False,False,False,False,phase5b0_nominal_mpc
lhs_029,nominal_mpc,1875.0,0.7599663229175936,0.7568965052390095,2.871432875522248,4.1433007081361515,26.068563579963698,False,True,True,False,0.0,False,False,False,False,phase5b0_nominal_mpc
lhs_029,nominal_mpc,1880.0,0.7606907471336479,0.7589663563243684,2.7399280483132067,4.140710144009372,26.016688353643097,True,True,True,False,0.09018959999957588,True,False,False,False,phase5b0_nominal_mpc
lhs_029,nominal_mpc,1885.0,0.7614151713497023,0.7594854124658712,2.7399280483132067,4.141009158551672,25.965160378766175,False,True,True,False,0.0,False,False,False,False,phase5b0_nominal_mpc
lhs_029,nominal_mpc,1890.0,0.7621395955657566,0.7600832642271468,2.7399280483132067,4.141356277221184,25.913988205316528,False,True,True,False,0.0,False,False,False,False,phase5b0_nominal_mpc
lhs_029,nominal_mpc,1895.0,0.762864019781811,0.7610173423582332,2.7399280483132067,4.141741016854704,25.86317781954884,False,True,True,False,0.0,False,False,False,False,phase5b0_nominal_mpc
lhs_029,nominal_mpc,1900.0,0.7635884439978653,0.7618210017342391,2.7399280483132067,4.14215538303517,25.81273326194813,False,True,True,False,0.0,False,False,False,False,phase5b0_nominal_mpc
lhs_029,nominal_mpc,1905.0,0.764263594462678,0.7629884709606021,2.5535641332468724,4.1380363033811065,25.759988812033583,True,True,True,False,1.358684799997718,True,False,False,False,phase5b0_nominal_mpc
lhs_029,nominal_mpc,1910.0,0.7649387449274907,0.7647101297382339,2.5535641332468724,4.138045987339923,25.70755279151112,False,True,True,False,0.0,False,False,False,False,phase5b0_nominal_mpc
lhs_029,nominal_mpc,1915.0,0.7656138953923034,0.7653671143777777,2.5535641332468724,4.138149391835405,25.655443340876914,False,True,True,False,0.0,False,False,False,False,phase5b0_nominal_mpc
lhs_029,nominal_mpc,1920.0,0.7662890458571161,0.7677635805054087,2.5535641332468724,4.138325438024099,25.60367377724291,False,True,True,False,0.0,False,False,False,False,phase5b0_nominal_mpc
lhs_029,nominal_mpc,1925.0,0.7669641963219288,0.7694953426399013,2.5535641332468724,4.138558079984189,25.552253756519036,False,True,True,False,0.0,False,False,False,False,phase5b0_nominal_mpc
lhs_029,nominal_mpc,1930.0,0.7675740567604361,0.7701746794681145,2.306623224336499,4.132797181529037,25.49788418784757,True,True,True,False,2.3165927000009106,True,False,False,False,phase5b0_nominal_mpc
lhs_029,nominal_mpc,1935.0,0.7681839171989434,0.7699900773077031,2.306623224336499,4.1325171443464175,25.443805564615975,False,True,True,False,0.0,False,False,False,False,phase5b0_nominal_mpc
lhs_029,nominal_mpc,1940.0,0.7687937776374507,0.7701677173596759,2.306623224336499,4.132368967914554,25.390041728630095,False,True,True,False,0.0,False,False,False,False,phase5b0_nominal_mpc
lhs_029,nominal_mpc,1945.0,0.769403638075958,0.7707906816732026,2.306623224336499,4.132322917190171,25.3366103689998,False,True,True,False,0.0,False,False,False,False,phase5b0_nominal_mpc
lhs_029,nominal_mpc,1950.0,0.7700134985144653,0.7703254329573198,2.306623224336499,4.1323563622600386,25.28352450398164,False,True,True,False,0.0,False,False,False,False,phase5b0_nominal_mpc
lhs_029,nominal_mpc,1955.0,0.7706478096772897,0.7706234059892029,2.3991011176390122,4.1347131298508435,25.231983519761332,True,True,True,False,1.244791900004202,True,False,False,False,phase5b0_nominal_mpc
lhs_029,nominal_mpc,1960.0,0.7712821208401142,0.7716449541954409,2.3991011176390122,4.135079589180298,25.180831738565107,False,True,True,False,0.0,False,False,False,False,phase5b0_nominal_mpc
lhs_029,nominal_mpc,1965.0,0.7719164320029386,0.7723903725370799,2.3991011176390122,4.135446207039736,25.130065878657888,False,True,True,False,0.0,False,False,False,False,phase5b0_nominal_mpc
lhs_029,nominal_mpc,1970.0,0.772550743165763,0.7721225621393395,2.3991011176390122,4.135814403801369,25.07968299048892,False,True,True,False,0.0,False,False,False,False,phase5b0_nominal_mpc
lhs_029,nominal_mpc,1975.0,0.7731850543285874,0.7726661729460265,2.3991011176390122,4.136185207562542,25.029680369118896,False,True,True,False,0.0,False,False,False,False,phase5b0_nominal_mpc
lhs_029,nominal_mpc,1980.0,0.773790292516472,0.7726567223981189,2.2891408792591204,4.133870969983534,24.978652617352395,True,True,True,False,1.618082000000868,True,False,False,False,phase5b0_nominal_mpc
lhs_029,nominal_mpc,1985.0,0.7743955307043566,0.7722177191585995,2.2891408792591204,4.133985544905011,24.92796769867304,False,True,True,False,0.0,False,False,False,False,phase5b0_nominal_mpc
lhs_029,nominal_mpc,1990.0,0.7750007688922412,0.7725583937782089,2.2891408792591204,4.134150590431313,24.877632702590784,False,True,True,False,0.0,False,False,False,False,phase5b0_nominal_mpc
lhs_029,nominal_mpc,1995.0,0.7756060070801258,0.7727853348158356,2.2891408792591204,4.134355508046213,24.827652556195616,False,True,True,False,0.0,False,False,False,False,phase5b0_nominal_mpc
lhs_029,nominal_mpc,2000.0,0.7762112452680104,0.7734039489117996,2.2891408792591204,4.134592203193349,24.778030543005308,False,True,True,False,0.0,False,False,False,False,phase5b0_nominal_mpc
lhs_029,nominal_mpc,2005.0,0.776847674225533,0.7736161178427804,2.407111072255917,4.137738569493031,24.73025878908584,True,True,True,False,1.6604415999972844,True,False,False,False,phase5b0_nominal_mpc
lhs_029,nominal_mpc,2010.0,0.7774841031830556,0.7747543784137579,2.407111072255917,4.138304162183727,24.68288516228528,False,True,True,False,0.0,False,False,False,False,phase5b0_nominal_mpc
lhs_029,nominal_mpc,2015.0,0.7781205321405782,0.7752855242646179,2.407111072255917,4.138837285897665,24.635899551164915,False,True,True,False,0.0,False,False,False,False,phase5b0_nominal_mpc
lhs_029,nominal_mpc,2020.0,0.7787569610981008,0.7754856751919881,2.407111072255917,4.139346724778973,24.589293771899165,False,True,True,False,0.0,False,False,False,False,phase5b0_nominal_mpc
lhs_029,nominal_mpc,2025.0,0.7793933900556234,0.7752085836982608,2.407111072255917,4.139839109903287,24.54306109853527,False,True,True,False,0.0,False,False,False,False,phase5b0_nominal_mpc
lhs_029,nominal_mpc,2030.0,0.7800421795412669,0.7755141304051718,2.453861245621382,4.141462315427855,24.49779876919094,True,True,True,False,1.4907800000000861,True,False,False,False,phase5b0_nominal_mpc
lhs_029,nominal_mpc,2035.0,0.7806909690269104,0.7771661606300136,2.453861245621382,4.14204623898005,24.452914675327442,False,True,True,False,0.0,False,False,False,False,phase5b0_nominal_mpc
lhs_029,nominal_mpc,2040.0,0.7813397585125539,0.7777143408056664,2.453861245621382,4.142605012731301,24.408400343082167,False,True,True,False,0.0,False,False,False,False,phase5b0_nominal_mpc
lhs_029,nominal_mpc,2045.0,0.7819885479981974,0.779717620895597,2.453861245621382,4.143145345903752,24.3642488029502,False,True,True,False,0.0,False,False,False,False,phase5b0_nominal_mpc
lhs_029,nominal_mpc,2050.0,0.7826373374838409,0.7799976550295368,2.453861245621382,4.143672304658663,24.320454225681715,False,True,True,False,0.0,False,False,False,False,phase5b0_nominal_mpc
lhs_029,nominal_mpc,2055.0,0.7832619040905245,0.7806673099005528,2.3622451124187656,4.141950126452511,24.27583827397661,True,True,True,False,1.555066100001568,True,False,False,False,phase5b0_nominal_mpc
lhs_029,nominal_mpc,2060.0,0.7838864706972082,0.7806547006226248,2.3622451124187656,4.142241691767208,24.231540826061526,False,True,True,False,0.0,False,False,False,False,phase5b0_nominal_mpc
lhs_029,nominal_mpc,2065.0,0.7845110373038918,0.7819336190009019,2.3622451124187656,4.142567300923968,24.18756621916674,False,True,True,False,0.0,False,False,False,False,phase5b0_nominal_mpc
lhs_029,nominal_mpc,2070.0,0.7851356039105755,0.7812548866500159,2.3622451124187656,4.142919561469379,24.143917239196703,False,True,True,False,0.0,False,False,False,False,phase5b0_nominal_mpc
lhs_029,nominal_mpc,2075.0,0.7857601705172591,0.7826975922983707,2.3622451124187656,4.14329283468373,24.10059549604484,False,True,True,False,0.0,False,False,False,False,phase5b0_nominal_mpc
lhs_029,nominal_mpc,2080.0,0.7863186448323254,0.7836247202970783,2.11226986370881,4.137572373502413,24.054567707620404,True,True,True,False,1.184352399999625,True,False,False,False,phase5b0_nominal_mpc
lhs_029,nominal_mpc,2085.0,0.7868771191473917,0.7852312462409249,2.11226986370881,4.137378049817258,24.008799997239716,False,True,True,False,0.0,False,False,False,False,phase5b0_nominal_mpc
lhs_029,nominal_mpc,2090.0,0.787435593462458,0.7862579580289848,2.11226986370881,4.1372998190105,23.96331141286056,False,True,True,False,0.0,False,False,False,False,phase5b0_nominal_mpc
lhs_029,nominal_mpc,2095.0,0.7879940677775242,0.7869087189243101,2.11226986370881,4.137311154356018,23.91811597756832,False,True,True,False,0.0,False,False,False,False,phase5b0_nominal_mpc
lhs_029,nominal_mpc,2100.0,0.7885525420925905,0.7875004436306896,2.11226986370881,4.137391879312792,23.873223903123318,False,True,True,False,0.0,False,False,False,False,phase5b0_nominal_mpc
lhs_029,nominal_mpc,2105.0,0.7891282288127491,0.7884767236377865,2.177370878344247,4.139117912703265,23.82939848330945,True,True,True,False,2.1150962000028812,True,False,False,False,phase5b0_nominal_mpc
lhs_029,nominal_mpc,2110.0,0.7897039155329078,0.7893037826850402,2.177370878344247,4.139450602670116,23.785906720721243,False,True,True,False,0.0,False,False,False,False,phase5b0_nominal_mpc
lhs_029,nominal_mpc,2115.0,0.7902796022530664,0.7904281669539461,2.177370878344247,4.139789306878588,23.742746940782567,False,True,True,False,0.0,False,False,False,False,phase5b0_nominal_mpc
lhs_029,nominal_mpc,2120.0,0.790855288973225,0.7908896077177638,2.177370878344247,4.1401336149308605,23.699917411149617,False,True,True,False,0.0,False,False,False,False,phase5b0_nominal_mpc
lhs_029,nominal_mpc,2125.0,0.7914309756933836,0.7911594763431448,2.177370878344247,4.140483179482439,23.657416352132337,False,True,True,False,0.0,False,False,False,False,phase5b0_nominal_mpc
lhs_029,nominal_mpc,2130.0,0.7918731266598841,0.7918123889476689,1.6723099640451067,4.128492927351911,23.609789766470772,True,True,True,False,0.16017399999691406,True,False,False,False,phase5b0_nominal_mpc
lhs_029,nominal_mpc,2135.0,0.7923152776263845,0.7919188060403534,1.6723099640451067,4.127645501326858,23.562385279946266,False,True,True,False,0.0,False,False,False,False,phase5b0_nominal_mpc
lhs_029,nominal_mpc,2140.0,0.792757428592885,0.7901162311617032,1.6723099640451067,4.127015088017554,23.51523239451111,False,True,True,False,0.0,False,False,False,False,phase5b0_nominal_mpc
lhs_029,nominal_mpc,2145.0,0.7931995795593855,0.7896897736733317,1.6723099640451067,4.126551813389626,23.46835311930712,False,True,True,False,0.0,False,False,False,False,phase5b0_nominal_mpc
lhs_029,nominal_mpc,2150.0,0.7936417305258859,0.7904426540041262,1.6723099640451067,4.126217756281825,23.42176378155234,False,True,True,False,0.0,False,False,False,False,phase5b0_nominal_mpc
lhs_029,nominal_mpc,2155.0,0.7942408852435026,0.7912976120417443,2.2661318874987124,4.140497869152464,23.38175831745358,True,True,True,False,2.550682000000961,True,False,False,False,phase5b0_nominal_mpc
lhs_029,nominal_mpc,2160.0,0.7948400399611192,0.7923816297750965,2.2661318874987124,4.141760801918868,23.342230334988407,False,True,True,False,0.0,False,False,False,False,phase5b0_nominal_mpc
lhs_029,nominal_mpc,2165.0,0.7954391946787358,0.7922268834982512,2.2661318874987124,4.142835497292246,23.303138881017794,False,True,True,False,0.0,False,False,False,False,phase5b0_nominal_mpc
lhs_029,nominal_mpc,2170.0,0.7960383493963524,0.791979643043757,2.2661318874987124,4.143767582494553,23.26445233599368,False,True,True,False,0.0,False,False,False,False,phase5b0_nominal_mpc
lhs_029,nominal_mpc,2175.0,0.796637504113969,0.793398208874645,2.2661318874987124,4.14459166652014,23.226146153303684,False,True,True,False,0.0,False,False,False,False,phase5b0_nominal_mpc
lhs_029,nominal_mpc,2180.0,0.7971076480055531,0.7939931821340948,1.7781852217895828,4.133408469445372,23.182856599542163,True,True,True,False,0.13262370000302326,True,False,False,False,phase5b0_nominal_mpc
lhs_029,nominal_mpc,2185.0,0.7975777918971372,0.7953654785386334,1.7781852217895828,4.1329241450875225,23.139792783234864,False,True,True,False,0.0,False,False,False,False,phase5b0_nominal_mpc
lhs_029,nominal_mpc,2190.0,0.7980479357887212,0.7945818596801327,1.7781852217895828,4.132598423690276,23.096977215577358,False,True,True,False,0.0,False,False,False,False,phase5b0_nominal_mpc
lhs_029,nominal_mpc,2195.0,0.7985180796803053,0.7949328829214524,1.7781852217895828,4.132394764138998,23.0544265715589,False,True,True,False,0.0,False,False,False,False,phase5b0_nominal_mpc
lhs_029,nominal_mpc,2200.0,0.7989882235718894,0.7961254984130989,1.7781852217895828,4.132285384919206,23.012153103708584,False,True,True,False,0.0,False,False,False,False,phase5b0_nominal_mpc
lhs_029,nominal_mpc,2205.0,0.7992726871414326,0.7969195826442697,1.0759023451201508,4.115085765887827,22.964091505936995,True,True,True,False,0.1538180000061402,False,False,False,False,phase5b0_nominal_mpc
lhs_029,nominal_mpc,2210.0,0.7995571507109759,0.7968493710251889,1.0759023451201508,4.113430613170316,22.9162572470412,False,True,True,False,0.0,False,False,False,False,phase5b0_nominal_mpc
lhs_029,nominal_mpc,2215.0,0.7998416142805191,0.7966989904535298,1.0759023451201508,4.112115739260246,22.868680049568088,False,True,True,False,0.0,False,False,False,False,phase5b0_nominal_mpc
lhs_029,nominal_mpc,2220.0,0.8001260778500624,0.7966040848259163,1.0759023451201508,4.11106273182409,22.82138205600228,False,True,True,False,0.0,False,False,False,False,phase5b0_nominal_mpc
lhs_029,nominal_mpc,2225.0,0.8004105414196057,0.7971118873162134,1.0759023451201508,4.110211980181231,22.77437966290477,False,True,True,False,0.0,False,False,False,False,phase5b0_nominal_mpc
lhs_029,nominal_mpc,2230.0,0.8006327963497517,0.7979007298930426,0.8406159036205404,4.103767991830073,22.72616002843569,True,True,True,False,0.1322950000030687,False,False,False,False,phase5b0_nominal_mpc
lhs_029,nominal_mpc,2235.0,0.8008550512798978,0.7978424960108937,0.8406159036205404,4.102635144736319,22.678248920899232,False,True,True,False,0.0,False,False,False,False,phase5b0_nominal_mpc
lhs_029,nominal_mpc,2240.0,0.8010773062100438,0.7986441199642101,0.8406159036205404,4.10169738309228,22.63065786088667,False,True,True,False,0.0,False,False,False,False,phase5b0_nominal_mpc
lhs_029,nominal_mpc,2245.0,0.8012995611401899,0.7985779644039246,0.8406159036205404,4.100911519305744,22.58339512277294,False,True,True,False,0.0,False,False,False,False,phase5b0_nominal_mpc
lhs_029,nominal_mpc,2250.0,0.8015218160703359,0.798421999756601,0.8406159036205404,4.10024466362192,22.536466516891867,False,True,True,False,0.0,False,False,False,False,phase5b0_nominal_mpc
lhs_029,nominal_mpc,2255.0,0.8017009525499961,0.7985308365441552,0.6775326586543009,4.095686226063976,22.488997157493486,True,True,True,False,0.14949350000097184,False,False,False,False,phase5b0_nominal_mpc
lhs_029,nominal_mpc,2260.0,0.8018800890296562,0.7992209482406389,0.6775326586543009,4.094799031462836,22.441864469790925,False,True,True,False,0.0,False,False,False,False,phase5b0_nominal_mpc
lhs_029,nominal_mpc,2265.0,0.8020592255093164,0.7992044847594021,0.6775326586543009,4.0940405980509915,22.395073107670434,False,True,True,False,0.0,False,False,False,False,phase5b0_nominal_mpc
